item_id,split,gold_beta,pred_beta,residual,absolute_error,squared_error,model_id,route,seed,hp_config_id,final_epoch,has_figure,q_char_len,d_char_len,q_sha256,d_sha256,input_sha256,split_sha256,git_commit
0,test,0.183401143557597,0.20627596974372864,0.022874826186131625,0.022874826186131625,0.0005232576730457331,Qwen/Qwen2.5-VL-7B-Instruct,I+Q@shuffle,2026,r8_lr5e-05_mse,8,False,160,0,10c949d9a87824f8,e3b0c44298fc1c14,10c949d9a87824f8,5308b5da23248bab12ef6b0698d2445faba296a9c44abdf9ea0889ce260eca79,72189c846bcfb353c746983a6c07918018eb7113
3,test,-1.73519573366773,-1.6780219078063965,0.05717382586133346,0.05717382586133346,0.0032688463636220827,Qwen/Qwen2.5-VL-7B-Instruct,I+Q@shuffle,2026,r8_lr5e-05_mse,8,False,71,0,794d4fc04319fe55,e3b0c44298fc1c14,794d4fc04319fe55,5308b5da23248bab12ef6b0698d2445faba296a9c44abdf9ea0889ce260eca79,72189c846bcfb353c746983a6c07918018eb7113
36,test,0.406353545720546,-0.3671022951602936,-0.7734558408808396,0.7734558408808396,0.5982339377926867,Qwen/Qwen2.5-VL-7B-Instruct,I+Q@shuffle,2026,r8_lr5e-05_mse,8,True,253,346,7f6f55ed75092ab4,a2394cdf6f5e7cbd,7f6f55ed75092ab4,5308b5da23248bab12ef6b0698d2445faba296a9c44abdf9ea0889ce260eca79,72189c846bcfb353c746983a6c07918018eb7113
38,test,-0.037307493998346,-0.43899503350257874,-0.40168753950423275,0.40168753950423275,0.16135287939296455,Qwen/Qwen2.5-VL-7B-Instruct,I+Q@shuffle,2026,r8_lr5e-05_mse,8,True,217,470,967132c7c1493ec6,fb71b8e96941f674,967132c7c1493ec6,5308b5da23248bab12ef6b0698d2445faba296a9c44abdf9ea0889ce260eca79,72189c846bcfb353c746983a6c07918018eb7113
43,test,-1.33191760464378,-0.2234559953212738,1.1084616093225061,1.1084616093225061,1.2286871393418402,Qwen/Qwen2.5-VL-7B-Instruct,I+Q@shuffle,2026,r8_lr5e-05_mse,8,False,66,0,4a315fcbc96f45a3,e3b0c44298fc1c14,4a315fcbc96f45a3,5308b5da23248bab12ef6b0698d2445faba296a9c44abdf9ea0889ce260eca79,72189c846bcfb353c746983a6c07918018eb7113
62,test,0.222491515736495,0.15478099882602692,-0.06771051691046809,0.06771051691046809,0.004584714100282785,Qwen/Qwen2.5-VL-7B-Instruct,I+Q@shuffle,2026,r8_lr5e-05_mse,8,True,522,444,314ae4fedae9f251,89cb152e1945f33b,314ae4fedae9f251,5308b5da23248bab12ef6b0698d2445faba296a9c44abdf9ea0889ce260eca79,72189c846bcfb353c746983a6c07918018eb7113
64,test,-1.36278995849701,-0.8053202033042908,0.5574697551927192,0.5574697551927192,0.31077252795463034,Qwen/Qwen2.5-VL-7B-Instruct,I+Q@shuffle,2026,r8_lr5e-05_mse,8,True,82,242,b49cd0e4847509b4,02591c33a796ee89,b49cd0e4847509b4,5308b5da23248bab12ef6b0698d2445faba296a9c44abdf9ea0889ce260eca79,72189c846bcfb353c746983a6c07918018eb7113
65,test,-1.91520252296989,0.487335741519928,2.402538264489818,2.402538264489818,5.772190112337746,Qwen/Qwen2.5-VL-7B-Instruct,I+Q@shuffle,2026,r8_lr5e-05_mse,8,False,86,0,17ffcfea838e2893,e3b0c44298fc1c14,17ffcfea838e2893,5308b5da23248bab12ef6b0698d2445faba296a9c44abdf9ea0889ce260eca79,72189c846bcfb353c746983a6c07918018eb7113
67,test,0.602340258875018,-0.5697981715202332,-1.1721384303952511,1.1721384303952511,1.3739085000094429,Qwen/Qwen2.5-VL-7B-Instruct,I+Q@shuffle,2026,r8_lr5e-05_mse,8,True,145,252,678beea0b05357ad,4843237dcfbb285a,678beea0b05357ad,5308b5da23248bab12ef6b0698d2445faba296a9c44abdf9ea0889ce260eca79,72189c846bcfb353c746983a6c07918018eb7113
69,test,-0.250673377844128,-0.5075879096984863,-0.2569145318543583,0.2569145318543583,0.06600507667794409,Qwen/Qwen2.5-VL-7B-Instruct,I+Q@shuffle,2026,r8_lr5e-05_mse,8,False,55,0,2e30b4db6830e5d8,e3b0c44298fc1c14,2e30b4db6830e5d8,5308b5da23248bab12ef6b0698d2445faba296a9c44abdf9ea0889ce260eca79,72189c846bcfb353c746983a6c07918018eb7113
74,test,0.032591884781945,-1.116490364074707,-1.149082248856652,1.149082248856652,1.320390014637461,Qwen/Qwen2.5-VL-7B-Instruct,I+Q@shuffle,2026,r8_lr5e-05_mse,8,True,82,308,9d5bec47170c0cd7,4d175f27857e71fd,9d5bec47170c0cd7,5308b5da23248bab12ef6b0698d2445faba296a9c44abdf9ea0889ce260eca79,72189c846bcfb353c746983a6c07918018eb7113
83,test,-0.140092260587609,-0.05814405903220177,0.08194820155540725,0.08194820155540725,0.006715507738165651,Qwen/Qwen2.5-VL-7B-Instruct,I+Q@shuffle,2026,r8_lr5e-05_mse,8,True,197,319,1a585b011d600972,a062d59de8fe033f,1a585b011d600972,5308b5da23248bab12ef6b0698d2445faba296a9c44abdf9ea0889ce260eca79,72189c846bcfb353c746983a6c07918018eb7113
93,test,1.32855392605542,0.1853514313697815,-1.1432024946856385,1.1432024946856385,1.3069119438554673,Qwen/Qwen2.5-VL-7B-Instruct,I+Q@shuffle,2026,r8_lr5e-05_mse,8,True,143,379,096db2570b52c843,a59c96f14d9f5385,096db2570b52c843,5308b5da23248bab12ef6b0698d2445faba296a9c44abdf9ea0889ce260eca79,72189c846bcfb353c746983a6c07918018eb7113
97,test,-0.433142267550403,-0.061785150319337845,0.3713571172310652,0.3713571172310652,0.1379061085181671,Qwen/Qwen2.5-VL-7B-Instruct,I+Q@shuffle,2026,r8_lr5e-05_mse,8,True,133,218,b55d364d82b0a220,a3263b126bcdab21,b55d364d82b0a220,5308b5da23248bab12ef6b0698d2445faba296a9c44abdf9ea0889ce260eca79,72189c846bcfb353c746983a6c07918018eb7113
106,test,-0.180205248209136,-0.10957880318164825,0.07062644502748774,0.07062644502748774,0.004988094737220748,Qwen/Qwen2.5-VL-7B-Instruct,I+Q@shuffle,2026,r8_lr5e-05_mse,8,False,252,0,2924fc5a26bdcb33,e3b0c44298fc1c14,2924fc5a26bdcb33,5308b5da23248bab12ef6b0698d2445faba296a9c44abdf9ea0889ce260eca79,72189c846bcfb353c746983a6c07918018eb7113
110,test,1.17997512259206,0.5015609860420227,-0.6784141365500373,0.6784141365500373,0.4602457406709327,Qwen/Qwen2.5-VL-7B-Instruct,I+Q@shuffle,2026,r8_lr5e-05_mse,8,True,230,69,e10649ccaa7574cb,05866aa2b7bcffbb,e10649ccaa7574cb,5308b5da23248bab12ef6b0698d2445faba296a9c44abdf9ea0889ce260eca79,72189c846bcfb353c746983a6c07918018eb7113
111,test,-0.986887961692793,0.12763552367687225,1.1145234853696653,1.1145234853696653,1.2421625994405465,Qwen/Qwen2.5-VL-7B-Instruct,I+Q@shuffle,2026,r8_lr5e-05_mse,8,True,92,298,6f27397e2be013e5,7dbc7825212d5b88,6f27397e2be013e5,5308b5da23248bab12ef6b0698d2445faba296a9c44abdf9ea0889ce260eca79,72189c846bcfb353c746983a6c07918018eb7113
119,test,0.168086829581136,-0.6991255283355713,-0.8672123579167073,0.8672123579167073,0.7520572737234552,Qwen/Qwen2.5-VL-7B-Instruct,I+Q@shuffle,2026,r8_lr5e-05_mse,8,False,104,0,55686c4c84715133,e3b0c44298fc1c14,55686c4c84715133,5308b5da23248bab12ef6b0698d2445faba296a9c44abdf9ea0889ce260eca79,72189c846bcfb353c746983a6c07918018eb7113
120,test,0.57532087865642,0.041876133531332016,-0.533444745125088,0.533444745125088,0.2845632961015701,Qwen/Qwen2.5-VL-7B-Instruct,I+Q@shuffle,2026,r8_lr5e-05_mse,8,False,112,0,9deb24324754e2c0,e3b0c44298fc1c14,9deb24324754e2c0,5308b5da23248bab12ef6b0698d2445faba296a9c44abdf9ea0889ce260eca79,72189c846bcfb353c746983a6c07918018eb7113
123,test,0.180006057938984,-0.9596570730209351,-1.139663130959919,1.139663130959919,1.2988320520693655,Qwen/Qwen2.5-VL-7B-Instruct,I+Q@shuffle,2026,r8_lr5e-05_mse,8,False,123,0,ff9a4e70a278d333,e3b0c44298fc1c14,ff9a4e70a278d333,5308b5da23248bab12ef6b0698d2445faba296a9c44abdf9ea0889ce260eca79,72189c846bcfb353c746983a6c07918018eb7113
125,test,-0.256622466042001,-1.2863420248031616,-1.0297195587611605,1.0297195587611605,1.060322369695279,Qwen/Qwen2.5-VL-7B-Instruct,I+Q@shuffle,2026,r8_lr5e-05_mse,8,True,67,190,c3709e4d8f0c1c91,40710b9bf69f10a3,c3709e4d8f0c1c91,5308b5da23248bab12ef6b0698d2445faba296a9c44abdf9ea0889ce260eca79,72189c846bcfb353c746983a6c07918018eb7113
132,test,0.590351338579908,0.4181782603263855,-0.17217307825352246,0.17217307825352246,0.02964356887529357,Qwen/Qwen2.5-VL-7B-Instruct,I+Q@shuffle,2026,r8_lr5e-05_mse,8,True,201,139,1656c5ea9941dc4e,3463f703dc2a82f0,1656c5ea9941dc4e,5308b5da23248bab12ef6b0698d2445faba296a9c44abdf9ea0889ce260eca79,72189c846bcfb353c746983a6c07918018eb7113
134,test,-0.773604486672777,-0.17111435532569885,0.6024901313470782,0.6024901313470782,0.3629943583706195,Qwen/Qwen2.5-VL-7B-Instruct,I+Q@shuffle,2026,r8_lr5e-05_mse,8,True,133,193,6e7ce1805a9abf45,a86d1399a7186d7e,6e7ce1805a9abf45,5308b5da23248bab12ef6b0698d2445faba296a9c44abdf9ea0889ce260eca79,72189c846bcfb353c746983a6c07918018eb7113
135,test,0.207171351164303,-1.02650785446167,-1.2336792056259729,1.2336792056259729,1.5219643823939315,Qwen/Qwen2.5-VL-7B-Instruct,I+Q@shuffle,2026,r8_lr5e-05_mse,8,True,204,287,32af1c481badb1da,ac27a6a3558364a6,32af1c481badb1da,5308b5da23248bab12ef6b0698d2445faba296a9c44abdf9ea0889ce260eca79,72189c846bcfb353c746983a6c07918018eb7113
146,test,1.37654511370252,-0.525251567363739,-1.901796681066259,1.901796681066259,3.616830616114638,Qwen/Qwen2.5-VL-7B-Instruct,I+Q@shuffle,2026,r8_lr5e-05_mse,8,False,266,0,999e294a042075d6,e3b0c44298fc1c14,999e294a042075d6,5308b5da23248bab12ef6b0698d2445faba296a9c44abdf9ea0889ce260eca79,72189c846bcfb353c746983a6c07918018eb7113
147,test,-0.56334131583623,0.0510951466858387,0.6144364625220687,0.6144364625220687,0.37753216647663357,Qwen/Qwen2.5-VL-7B-Instruct,I+Q@shuffle,2026,r8_lr5e-05_mse,8,False,170,0,7e1981a5f3978751,e3b0c44298fc1c14,7e1981a5f3978751,5308b5da23248bab12ef6b0698d2445faba296a9c44abdf9ea0889ce260eca79,72189c846bcfb353c746983a6c07918018eb7113
152,test,0.714680865035999,0.6504142880439758,-0.0642665769920232,0.0642665769920232,0.004130192918271647,Qwen/Qwen2.5-VL-7B-Instruct,I+Q@shuffle,2026,r8_lr5e-05_mse,8,True,233,324,f3e16974cd6e2b7e,d94e0b57766b52fb,f3e16974cd6e2b7e,5308b5da23248bab12ef6b0698d2445faba296a9c44abdf9ea0889ce260eca79,72189c846bcfb353c746983a6c07918018eb7113
160,test,-0.590041206774072,-0.3475321829319,0.242509023842172,0.242509023842172,0.058810626644883145,Qwen/Qwen2.5-VL-7B-Instruct,I+Q@shuffle,2026,r8_lr5e-05_mse,8,True,129,343,f68120db5441fadc,7483790b98bfba4f,f68120db5441fadc,5308b5da23248bab12ef6b0698d2445faba296a9c44abdf9ea0889ce260eca79,72189c846bcfb353c746983a6c07918018eb7113
178,test,-2.09771969083656,-0.4811026155948639,1.6166170752416962,1.6166170752416962,2.613450767963016,Qwen/Qwen2.5-VL-7B-Instruct,I+Q@shuffle,2026,r8_lr5e-05_mse,8,False,72,0,870b1872ab60dd91,e3b0c44298fc1c14,870b1872ab60dd91,5308b5da23248bab12ef6b0698d2445faba296a9c44abdf9ea0889ce260eca79,72189c846bcfb353c746983a6c07918018eb7113
184,test,-0.636528375816584,0.7657505869865417,1.4022789628031256,1.4022789628031256,1.9663862895202098,Qwen/Qwen2.5-VL-7B-Instruct,I+Q@shuffle,2026,r8_lr5e-05_mse,8,False,112,0,145c87e1a06475a9,e3b0c44298fc1c14,145c87e1a06475a9,5308b5da23248bab12ef6b0698d2445faba296a9c44abdf9ea0889ce260eca79,72189c846bcfb353c746983a6c07918018eb7113
185,test,-0.922906969217037,-0.9263296127319336,-0.0034226435148966283,0.0034226435148966283,1.1714488630063947e-05,Qwen/Qwen2.5-VL-7B-Instruct,I+Q@shuffle,2026,r8_lr5e-05_mse,8,False,104,0,fbba01d95d28910b,e3b0c44298fc1c14,fbba01d95d28910b,5308b5da23248bab12ef6b0698d2445faba296a9c44abdf9ea0889ce260eca79,72189c846bcfb353c746983a6c07918018eb7113
187,test,-0.0541049368083707,-0.9085586667060852,-0.8544537298977145,0.8544537298977145,0.7300911765361164,Qwen/Qwen2.5-VL-7B-Instruct,I+Q@shuffle,2026,r8_lr5e-05_mse,8,False,149,0,366c3bd7679c921b,e3b0c44298fc1c14,366c3bd7679c921b,5308b5da23248bab12ef6b0698d2445faba296a9c44abdf9ea0889ce260eca79,72189c846bcfb353c746983a6c07918018eb7113
191,test,0.730098043040854,0.619488537311554,-0.11060950572930006,0.11060950572930006,0.012234462757680063,Qwen/Qwen2.5-VL-7B-Instruct,I+Q@shuffle,2026,r8_lr5e-05_mse,8,True,189,303,b334d36a683853be,3ed133a89882ad32,b334d36a683853be,5308b5da23248bab12ef6b0698d2445faba296a9c44abdf9ea0889ce260eca79,72189c846bcfb353c746983a6c07918018eb7113
204,test,0.281490794594589,-0.8340839743614197,-1.1155747689560087,1.1155747689560087,1.2445070651312522,Qwen/Qwen2.5-VL-7B-Instruct,I+Q@shuffle,2026,r8_lr5e-05_mse,8,True,119,216,ee5b5fafea92fd2a,853ce676fade75fc,ee5b5fafea92fd2a,5308b5da23248bab12ef6b0698d2445faba296a9c44abdf9ea0889ce260eca79,72189c846bcfb353c746983a6c07918018eb7113
206,test,0.631232718284844,0.7682921290397644,0.13705941075492045,0.13705941075492045,0.018785282076486005,Qwen/Qwen2.5-VL-7B-Instruct,I+Q@shuffle,2026,r8_lr5e-05_mse,8,True,223,339,725bce7004a487b3,4cc787ee2af30a78,725bce7004a487b3,5308b5da23248bab12ef6b0698d2445faba296a9c44abdf9ea0889ce260eca79,72189c846bcfb353c746983a6c07918018eb7113
207,test,-0.195709598068121,-0.4979565441608429,-0.3022469460927219,0.3022469460927219,0.09135321642237675,Qwen/Qwen2.5-VL-7B-Instruct,I+Q@shuffle,2026,r8_lr5e-05_mse,8,True,83,369,474d3b71d0417095,740222dfa8efb823,474d3b71d0417095,5308b5da23248bab12ef6b0698d2445faba296a9c44abdf9ea0889ce260eca79,72189c846bcfb353c746983a6c07918018eb7113
212,test,0.492438387086395,-0.15656186640262604,-0.649000253489021,0.649000253489021,0.4212013290288135,Qwen/Qwen2.5-VL-7B-Instruct,I+Q@shuffle,2026,r8_lr5e-05_mse,8,False,142,0,1e3e7d993501473c,e3b0c44298fc1c14,1e3e7d993501473c,5308b5da23248bab12ef6b0698d2445faba296a9c44abdf9ea0889ce260eca79,72189c846bcfb353c746983a6c07918018eb7113
215,test,0.511381987113693,-0.15482395887374878,-0.6662059459874418,0.6662059459874418,0.4438303624690222,Qwen/Qwen2.5-VL-7B-Instruct,I+Q@shuffle,2026,r8_lr5e-05_mse,8,True,426,672,58e3ec6a21356cf1,a72dc748193ce4c2,58e3ec6a21356cf1,5308b5da23248bab12ef6b0698d2445faba296a9c44abdf9ea0889ce260eca79,72189c846bcfb353c746983a6c07918018eb7113
218,test,1.0611723532447,-0.3951883018016815,-1.4563606550463815,1.4563606550463815,2.1209863575671255,Qwen/Qwen2.5-VL-7B-Instruct,I+Q@shuffle,2026,r8_lr5e-05_mse,8,False,260,0,8a2fca4b0f74d0c8,e3b0c44298fc1c14,8a2fca4b0f74d0c8,5308b5da23248bab12ef6b0698d2445faba296a9c44abdf9ea0889ce260eca79,72189c846bcfb353c746983a6c07918018eb7113
221,test,-0.162606513234634,-1.0386701822280884,-0.8760636689934544,0.8760636689934544,0.7674875521302729,Qwen/Qwen2.5-VL-7B-Instruct,I+Q@shuffle,2026,r8_lr5e-05_mse,8,True,119,285,adf0ea951dee5930,32f83b7c3bd9d4c4,adf0ea951dee5930,5308b5da23248bab12ef6b0698d2445faba296a9c44abdf9ea0889ce260eca79,72189c846bcfb353c746983a6c07918018eb7113
227,test,-0.836291687686866,-0.8110852241516113,0.025206463535254686,0.025206463535254686,0.0006353658039541241,Qwen/Qwen2.5-VL-7B-Instruct,I+Q@shuffle,2026,r8_lr5e-05_mse,8,True,719,441,aa36d3c10a8ba1d1,a0082eb58dd3e530,aa36d3c10a8ba1d1,5308b5da23248bab12ef6b0698d2445faba296a9c44abdf9ea0889ce260eca79,72189c846bcfb353c746983a6c07918018eb7113
235,test,0.302865129491178,0.09721660614013672,-0.20564852335104128,0.20564852335104128,0.04229131515646377,Qwen/Qwen2.5-VL-7B-Instruct,I+Q@shuffle,2026,r8_lr5e-05_mse,8,True,197,222,1e4f37a2c731327f,b827539390642281,1e4f37a2c731327f,5308b5da23248bab12ef6b0698d2445faba296a9c44abdf9ea0889ce260eca79,72189c846bcfb353c746983a6c07918018eb7113
246,test,0.908398808234785,-1.1622130870819092,-2.070611895316694,2.070611895316694,4.2874336210269925,Qwen/Qwen2.5-VL-7B-Instruct,I+Q@shuffle,2026,r8_lr5e-05_mse,8,True,80,214,f1431af27fac9852,890d0b1536bce1e8,f1431af27fac9852,5308b5da23248bab12ef6b0698d2445faba296a9c44abdf9ea0889ce260eca79,72189c846bcfb353c746983a6c07918018eb7113
248,test,-1.33158474919732,-0.1960587054491043,1.1355260437482158,1.1355260437482158,1.2894193960304747,Qwen/Qwen2.5-VL-7B-Instruct,I+Q@shuffle,2026,r8_lr5e-05_mse,8,False,116,0,67c610ad2c5c52b2,e3b0c44298fc1c14,67c610ad2c5c52b2,5308b5da23248bab12ef6b0698d2445faba296a9c44abdf9ea0889ce260eca79,72189c846bcfb353c746983a6c07918018eb7113
250,test,-1.09705414675025,-1.010724663734436,0.08632948301581389,0.08632948301581389,0.007452779637777699,Qwen/Qwen2.5-VL-7B-Instruct,I+Q@shuffle,2026,r8_lr5e-05_mse,8,False,43,0,e90049675d242249,e3b0c44298fc1c14,e90049675d242249,5308b5da23248bab12ef6b0698d2445faba296a9c44abdf9ea0889ce260eca79,72189c846bcfb353c746983a6c07918018eb7113
261,test,-0.003608590382021,-0.45684725046157837,-0.4532386600795574,0.4532386600795574,0.20542528299071255,Qwen/Qwen2.5-VL-7B-Instruct,I+Q@shuffle,2026,r8_lr5e-05_mse,8,False,124,0,35930c79a22b74c6,e3b0c44298fc1c14,35930c79a22b74c6,5308b5da23248bab12ef6b0698d2445faba296a9c44abdf9ea0889ce260eca79,72189c846bcfb353c746983a6c07918018eb7113
262,test,0.563329769644818,-0.7132323384284973,-1.2765621080733154,1.2765621080733154,1.629610815768587,Qwen/Qwen2.5-VL-7B-Instruct,I+Q@shuffle,2026,r8_lr5e-05_mse,8,True,223,179,376a6465eed37de5,911416b8e144d3a9,376a6465eed37de5,5308b5da23248bab12ef6b0698d2445faba296a9c44abdf9ea0889ce260eca79,72189c846bcfb353c746983a6c07918018eb7113
279,test,0.459681209502163,0.13846158981323242,-0.3212196196889306,0.3212196196889306,0.1031820440731012,Qwen/Qwen2.5-VL-7B-Instruct,I+Q@shuffle,2026,r8_lr5e-05_mse,8,False,263,0,01176fa2ad747c46,e3b0c44298fc1c14,01176fa2ad747c46,5308b5da23248bab12ef6b0698d2445faba296a9c44abdf9ea0889ce260eca79,72189c846bcfb353c746983a6c07918018eb7113
281,test,-1.00576494813301,-0.2730180621147156,0.7327468860182944,0.7327468860182944,0.5369179989695073,Qwen/Qwen2.5-VL-7B-Instruct,I+Q@shuffle,2026,r8_lr5e-05_mse,8,True,117,120,69f600b00668e246,2a53de63cf052982,69f600b00668e246,5308b5da23248bab12ef6b0698d2445faba296a9c44abdf9ea0889ce260eca79,72189c846bcfb353c746983a6c07918018eb7113
284,test,-0.805470357025134,-0.19293254613876343,0.6125378108863706,0.6125378108863706,0.3752025697654671,Qwen/Qwen2.5-VL-7B-Instruct,I+Q@shuffle,2026,r8_lr5e-05_mse,8,False,130,0,bdd754a1b9840da7,e3b0c44298fc1c14,bdd754a1b9840da7,5308b5da23248bab12ef6b0698d2445faba296a9c44abdf9ea0889ce260eca79,72189c846bcfb353c746983a6c07918018eb7113
292,test,-0.414677949566255,-0.11927609145641327,0.2954018581098417,0.2954018581098417,0.08726225777474705,Qwen/Qwen2.5-VL-7B-Instruct,I+Q@shuffle,2026,r8_lr5e-05_mse,8,False,162,0,bd658186a244cb95,e3b0c44298fc1c14,bd658186a244cb95,5308b5da23248bab12ef6b0698d2445faba296a9c44abdf9ea0889ce260eca79,72189c846bcfb353c746983a6c07918018eb7113
302,test,0.498440706893405,0.47765862941741943,-0.02078207747598554,0.02078207747598554,0.00043189474421786544,Qwen/Qwen2.5-VL-7B-Instruct,I+Q@shuffle,2026,r8_lr5e-05_mse,8,True,91,219,abefe7b3cc6b0c09,598174e871e64d3c,abefe7b3cc6b0c09,5308b5da23248bab12ef6b0698d2445faba296a9c44abdf9ea0889ce260eca79,72189c846bcfb353c746983a6c07918018eb7113
304,test,-0.43605682905531,-0.7027677297592163,-0.2667109007039063,0.2667109007039063,0.07113470455428897,Qwen/Qwen2.5-VL-7B-Instruct,I+Q@shuffle,2026,r8_lr5e-05_mse,8,False,198,0,0bda5f79dd19bbdf,e3b0c44298fc1c14,0bda5f79dd19bbdf,5308b5da23248bab12ef6b0698d2445faba296a9c44abdf9ea0889ce260eca79,72189c846bcfb353c746983a6c07918018eb7113
316,test,0.986870621905022,-0.2532382309436798,-1.2401088528487016,1.2401088528487016,1.5378699669137228,Qwen/Qwen2.5-VL-7B-Instruct,I+Q@shuffle,2026,r8_lr5e-05_mse,8,True,276,172,e500cc1353747025,e9ae0592cf7b3290,e500cc1353747025,5308b5da23248bab12ef6b0698d2445faba296a9c44abdf9ea0889ce260eca79,72189c846bcfb353c746983a6c07918018eb7113
333,test,-0.255824446989836,0.01619483157992363,0.2720192785697596,0.2720192785697596,0.07399448791361248,Qwen/Qwen2.5-VL-7B-Instruct,I+Q@shuffle,2026,r8_lr5e-05_mse,8,False,199,0,87619e0b63bacb71,e3b0c44298fc1c14,87619e0b63bacb71,5308b5da23248bab12ef6b0698d2445faba296a9c44abdf9ea0889ce260eca79,72189c846bcfb353c746983a6c07918018eb7113
342,test,0.432594626905807,0.08609740436077118,-0.34649722254503584,0.34649722254503584,0.1200603252314241,Qwen/Qwen2.5-VL-7B-Instruct,I+Q@shuffle,2026,r8_lr5e-05_mse,8,False,143,0,eab312ad814ca825,e3b0c44298fc1c14,eab312ad814ca825,5308b5da23248bab12ef6b0698d2445faba296a9c44abdf9ea0889ce260eca79,72189c846bcfb353c746983a6c07918018eb7113
348,test,-0.566713893209867,0.08276593685150146,0.6494798300613684,0.6494798300613684,0.421824049656544,Qwen/Qwen2.5-VL-7B-Instruct,I+Q@shuffle,2026,r8_lr5e-05_mse,8,True,99,91,be1b8ffac2c9a73d,74e4dade0cce68b8,be1b8ffac2c9a73d,5308b5da23248bab12ef6b0698d2445faba296a9c44abdf9ea0889ce260eca79,72189c846bcfb353c746983a6c07918018eb7113
358,test,0.752979499238027,0.8081138134002686,0.05513431416224157,0.05513431416224157,0.0030397925981407513,Qwen/Qwen2.5-VL-7B-Instruct,I+Q@shuffle,2026,r8_lr5e-05_mse,8,True,260,243,68ef7ea9ae3716ea,7ada21839528053c,68ef7ea9ae3716ea,5308b5da23248bab12ef6b0698d2445faba296a9c44abdf9ea0889ce260eca79,72189c846bcfb353c746983a6c07918018eb7113
376,test,-0.891826798476943,-0.3697662949562073,0.5220605035207357,0.5220605035207357,0.2725471693363241,Qwen/Qwen2.5-VL-7B-Instruct,I+Q@shuffle,2026,r8_lr5e-05_mse,8,False,196,0,ab1ab048ddff072f,e3b0c44298fc1c14,ab1ab048ddff072f,5308b5da23248bab12ef6b0698d2445faba296a9c44abdf9ea0889ce260eca79,72189c846bcfb353c746983a6c07918018eb7113
387,test,0.79212587505939,-0.4162481725215912,-1.2083740475809812,1.2083740475809812,1.4601678388672434,Qwen/Qwen2.5-VL-7B-Instruct,I+Q@shuffle,2026,r8_lr5e-05_mse,8,True,260,147,5625afcb67ac69f3,ff9143f40a99d19d,5625afcb67ac69f3,5308b5da23248bab12ef6b0698d2445faba296a9c44abdf9ea0889ce260eca79,72189c846bcfb353c746983a6c07918018eb7113
389,test,-0.256140897986644,-0.7852880358695984,-0.5291471378829544,0.5291471378829544,0.2799966935297224,Qwen/Qwen2.5-VL-7B-Instruct,I+Q@shuffle,2026,r8_lr5e-05_mse,8,True,122,241,0902bc1d0d4552ed,3cac6d56716db50a,0902bc1d0d4552ed,5308b5da23248bab12ef6b0698d2445faba296a9c44abdf9ea0889ce260eca79,72189c846bcfb353c746983a6c07918018eb7113
394,test,-1.41195750612209,-0.07589490711688995,1.3360625990052,1.3360625990052,1.7850632684605299,Qwen/Qwen2.5-VL-7B-Instruct,I+Q@shuffle,2026,r8_lr5e-05_mse,8,True,83,419,a48fc59881229f1a,496bac581fd3419d,a48fc59881229f1a,5308b5da23248bab12ef6b0698d2445faba296a9c44abdf9ea0889ce260eca79,72189c846bcfb353c746983a6c07918018eb7113
405,test,-1.61588998358257,-0.03114454261958599,1.584745440962984,1.584745440962984,2.5114181126529624,Qwen/Qwen2.5-VL-7B-Instruct,I+Q@shuffle,2026,r8_lr5e-05_mse,8,False,102,0,371a5f6768edec61,e3b0c44298fc1c14,371a5f6768edec61,5308b5da23248bab12ef6b0698d2445faba296a9c44abdf9ea0889ce260eca79,72189c846bcfb353c746983a6c07918018eb7113
432,test,-0.695643110523424,0.18509788811206818,0.8807409986354922,0.8807409986354922,0.775704706677444,Qwen/Qwen2.5-VL-7B-Instruct,I+Q@shuffle,2026,r8_lr5e-05_mse,8,True,59,255,25684bddab9e88d6,e7d677e77409004f,25684bddab9e88d6,5308b5da23248bab12ef6b0698d2445faba296a9c44abdf9ea0889ce260eca79,72189c846bcfb353c746983a6c07918018eb7113
439,test,1.20427682908105,-0.834965705871582,-2.039242534952632,2.039242534952632,4.158510116360038,Qwen/Qwen2.5-VL-7B-Instruct,I+Q@shuffle,2026,r8_lr5e-05_mse,8,False,140,0,f468fa65e8ceda38,e3b0c44298fc1c14,f468fa65e8ceda38,5308b5da23248bab12ef6b0698d2445faba296a9c44abdf9ea0889ce260eca79,72189c846bcfb353c746983a6c07918018eb7113
446,test,0.133615260540558,0.5254990458488464,0.39188378530828843,0.39188378530828843,0.1535729011875527,Qwen/Qwen2.5-VL-7B-Instruct,I+Q@shuffle,2026,r8_lr5e-05_mse,8,False,268,0,e2394f08a1fe8780,e3b0c44298fc1c14,e2394f08a1fe8780,5308b5da23248bab12ef6b0698d2445faba296a9c44abdf9ea0889ce260eca79,72189c846bcfb353c746983a6c07918018eb7113
448,test,0.0575731589297071,-0.32340002059936523,-0.38097317952907234,0.38097317952907234,0.1451405635204908,Qwen/Qwen2.5-VL-7B-Instruct,I+Q@shuffle,2026,r8_lr5e-05_mse,8,False,237,0,8a53550bdfa05e97,e3b0c44298fc1c14,8a53550bdfa05e97,5308b5da23248bab12ef6b0698d2445faba296a9c44abdf9ea0889ce260eca79,72189c846bcfb353c746983a6c07918018eb7113
451,test,-1.58291886071413,0.6327605247497559,2.215679385463886,2.215679385463886,4.909235139169623,Qwen/Qwen2.5-VL-7B-Instruct,I+Q@shuffle,2026,r8_lr5e-05_mse,8,False,85,0,c7281cf98d5965c5,e3b0c44298fc1c14,c7281cf98d5965c5,5308b5da23248bab12ef6b0698d2445faba296a9c44abdf9ea0889ce260eca79,72189c846bcfb353c746983a6c07918018eb7113
453,test,-0.0254747249366837,-1.069113850593567,-1.043639125656883,1.043639125656883,1.0891826246018634,Qwen/Qwen2.5-VL-7B-Instruct,I+Q@shuffle,2026,r8_lr5e-05_mse,8,False,147,0,add78063817c9d0b,e3b0c44298fc1c14,add78063817c9d0b,5308b5da23248bab12ef6b0698d2445faba296a9c44abdf9ea0889ce260eca79,72189c846bcfb353c746983a6c07918018eb7113
463,test,-0.0944914566231655,-0.5433396697044373,-0.44884821308127176,0.44884821308127176,0.20146471838625074,Qwen/Qwen2.5-VL-7B-Instruct,I+Q@shuffle,2026,r8_lr5e-05_mse,8,False,172,0,1939d63fea42df5f,e3b0c44298fc1c14,1939d63fea42df5f,5308b5da23248bab12ef6b0698d2445faba296a9c44abdf9ea0889ce260eca79,72189c846bcfb353c746983a6c07918018eb7113
465,test,-0.534487068450087,1.106302261352539,1.640789329802626,1.640789329802626,2.69218962479415,Qwen/Qwen2.5-VL-7B-Instruct,I+Q@shuffle,2026,r8_lr5e-05_mse,8,True,124,394,c5ef4d51b7535865,94eacbe5c35a368b,c5ef4d51b7535865,5308b5da23248bab12ef6b0698d2445faba296a9c44abdf9ea0889ce260eca79,72189c846bcfb353c746983a6c07918018eb7113
467,test,0.456965022246115,-0.599709689617157,-1.056674711863272,1.056674711863272,1.116561446691329,Qwen/Qwen2.5-VL-7B-Instruct,I+Q@shuffle,2026,r8_lr5e-05_mse,8,True,124,166,7f69a5015a6fb539,c04bd2d19bb5617d,7f69a5015a6fb539,5308b5da23248bab12ef6b0698d2445faba296a9c44abdf9ea0889ce260eca79,72189c846bcfb353c746983a6c07918018eb7113
468,test,-1.17571063808254,-0.11230078339576721,1.0634098546867727,1.0634098546867727,1.130840519044943,Qwen/Qwen2.5-VL-7B-Instruct,I+Q@shuffle,2026,r8_lr5e-05_mse,8,True,94,158,b8dc7cc3017ab633,6490910b679ec1db,b8dc7cc3017ab633,5308b5da23248bab12ef6b0698d2445faba296a9c44abdf9ea0889ce260eca79,72189c846bcfb353c746983a6c07918018eb7113
482,test,-0.753044237833027,-0.6033709049224854,0.14967333291054163,0.14967333291054163,0.022402106584549827,Qwen/Qwen2.5-VL-7B-Instruct,I+Q@shuffle,2026,r8_lr5e-05_mse,8,False,97,0,1bc8fef8bce72d72,e3b0c44298fc1c14,1bc8fef8bce72d72,5308b5da23248bab12ef6b0698d2445faba296a9c44abdf9ea0889ce260eca79,72189c846bcfb353c746983a6c07918018eb7113
490,test,-0.9255533975596,-1.9168370962142944,-0.9912836986546945,0.9912836986546945,0.9826433712185311,Qwen/Qwen2.5-VL-7B-Instruct,I+Q@shuffle,2026,r8_lr5e-05_mse,8,True,96,152,b07d7a1326e71503,deaca6270e4c1ca9,b07d7a1326e71503,5308b5da23248bab12ef6b0698d2445faba296a9c44abdf9ea0889ce260eca79,72189c846bcfb353c746983a6c07918018eb7113
502,test,-0.107382615076527,0.44637447595596313,0.5537570910324902,0.5537570910324902,0.3066469158687656,Qwen/Qwen2.5-VL-7B-Instruct,I+Q@shuffle,2026,r8_lr5e-05_mse,8,False,131,0,328959a160a0f3cc,e3b0c44298fc1c14,328959a160a0f3cc,5308b5da23248bab12ef6b0698d2445faba296a9c44abdf9ea0889ce260eca79,72189c846bcfb353c746983a6c07918018eb7113
511,test,-1.86532885763645,-1.2322465181350708,0.6330823395013792,0.6330823395013792,0.4007932485885395,Qwen/Qwen2.5-VL-7B-Instruct,I+Q@shuffle,2026,r8_lr5e-05_mse,8,False,75,0,fb0054bd7a0393b0,e3b0c44298fc1c14,fb0054bd7a0393b0,5308b5da23248bab12ef6b0698d2445faba296a9c44abdf9ea0889ce260eca79,72189c846bcfb353c746983a6c07918018eb7113
529,test,-1.18766327976809,0.27916717529296875,1.4668304550610587,1.4668304550610587,2.1515915838946325,Qwen/Qwen2.5-VL-7B-Instruct,I+Q@shuffle,2026,r8_lr5e-05_mse,8,False,77,0,0e7d7ba65ce00ca4,e3b0c44298fc1c14,0e7d7ba65ce00ca4,5308b5da23248bab12ef6b0698d2445faba296a9c44abdf9ea0889ce260eca79,72189c846bcfb353c746983a6c07918018eb7113
534,test,0.402305291940088,0.5460503697395325,0.14374507779944445,0.14374507779944445,0.02066264739156834,Qwen/Qwen2.5-VL-7B-Instruct,I+Q@shuffle,2026,r8_lr5e-05_mse,8,True,101,214,90435ee5a06c2371,7898df612abaf09e,90435ee5a06c2371,5308b5da23248bab12ef6b0698d2445faba296a9c44abdf9ea0889ce260eca79,72189c846bcfb353c746983a6c07918018eb7113
539,test,-2.01443364309423,0.36199328303337097,2.3764269261276008,2.3764269261276008,5.6474049352242774,Qwen/Qwen2.5-VL-7B-Instruct,I+Q@shuffle,2026,r8_lr5e-05_mse,8,False,49,0,ef8787615168cb47,e3b0c44298fc1c14,ef8787615168cb47,5308b5da23248bab12ef6b0698d2445faba296a9c44abdf9ea0889ce260eca79,72189c846bcfb353c746983a6c07918018eb7113
543,test,0.945380135676505,0.12710630893707275,-0.8182738267394323,0.8182738267394323,0.6695720555267944,Qwen/Qwen2.5-VL-7B-Instruct,I+Q@shuffle,2026,r8_lr5e-05_mse,8,True,166,180,83ca7bec65b70e3e,b54759fc93547be8,83ca7bec65b70e3e,5308b5da23248bab12ef6b0698d2445faba296a9c44abdf9ea0889ce260eca79,72189c846bcfb353c746983a6c07918018eb7113
547,test,-0.121191442267916,-0.8851876854896545,-0.7639962432217385,0.7639962432217385,0.5836902596569299,Qwen/Qwen2.5-VL-7B-Instruct,I+Q@shuffle,2026,r8_lr5e-05_mse,8,False,167,0,c15552dda681ee6d,e3b0c44298fc1c14,c15552dda681ee6d,5308b5da23248bab12ef6b0698d2445faba296a9c44abdf9ea0889ce260eca79,72189c846bcfb353c746983a6c07918018eb7113
550,test,0.3599386758328,-1.0499651432037354,-1.4099038190365354,1.4099038190365354,1.9878287789338076,Qwen/Qwen2.5-VL-7B-Instruct,I+Q@shuffle,2026,r8_lr5e-05_mse,8,True,174,206,d348dd1eb8093957,a7a5fb943e3a3c12,d348dd1eb8093957,5308b5da23248bab12ef6b0698d2445faba296a9c44abdf9ea0889ce260eca79,72189c846bcfb353c746983a6c07918018eb7113
563,test,-0.219633905792797,-0.4754548668861389,-0.2558209610933419,0.2558209610933419,0.06544436413472116,Qwen/Qwen2.5-VL-7B-Instruct,I+Q@shuffle,2026,r8_lr5e-05_mse,8,False,226,0,2fb483d3ab2aa436,e3b0c44298fc1c14,2fb483d3ab2aa436,5308b5da23248bab12ef6b0698d2445faba296a9c44abdf9ea0889ce260eca79,72189c846bcfb353c746983a6c07918018eb7113
569,test,0.135437012812894,-0.20868144929409027,-0.34411846210698427,0.34411846210698427,0.11841751596287597,Qwen/Qwen2.5-VL-7B-Instruct,I+Q@shuffle,2026,r8_lr5e-05_mse,8,True,191,268,6684d4608b676c70,9986a5cc2f1804e4,6684d4608b676c70,5308b5da23248bab12ef6b0698d2445faba296a9c44abdf9ea0889ce260eca79,72189c846bcfb353c746983a6c07918018eb7113
573,test,0.324528099164261,-0.3656565546989441,-0.690184653863205,0.690184653863205,0.47635485642827213,Qwen/Qwen2.5-VL-7B-Instruct,I+Q@shuffle,2026,r8_lr5e-05_mse,8,True,113,278,cf003d8e434f8099,6c02eaaa6f9a7c44,cf003d8e434f8099,5308b5da23248bab12ef6b0698d2445faba296a9c44abdf9ea0889ce260eca79,72189c846bcfb353c746983a6c07918018eb7113
577,test,-1.00587055029594,-0.5640475153923035,0.4418230349036365,0.4418230349036365,0.19520759417146,Qwen/Qwen2.5-VL-7B-Instruct,I+Q@shuffle,2026,r8_lr5e-05_mse,8,True,83,211,d5b65683489b6f8c,1d7b65e0a333d0cc,d5b65683489b6f8c,5308b5da23248bab12ef6b0698d2445faba296a9c44abdf9ea0889ce260eca79,72189c846bcfb353c746983a6c07918018eb7113
585,test,-0.7442595197692,-0.8224661946296692,-0.07820667486046917,0.07820667486046917,0.0061162839927311405,Qwen/Qwen2.5-VL-7B-Instruct,I+Q@shuffle,2026,r8_lr5e-05_mse,8,False,45,0,5c0e0e923a1097b4,e3b0c44298fc1c14,5c0e0e923a1097b4,5308b5da23248bab12ef6b0698d2445faba296a9c44abdf9ea0889ce260eca79,72189c846bcfb353c746983a6c07918018eb7113
587,test,0.168877627329703,0.37046748399734497,0.20158985666764198,0.20158985666764198,0.040638470311280435,Qwen/Qwen2.5-VL-7B-Instruct,I+Q@shuffle,2026,r8_lr5e-05_mse,8,True,217,207,293f7198f8fc0329,96d4691ddc6debbf,293f7198f8fc0329,5308b5da23248bab12ef6b0698d2445faba296a9c44abdf9ea0889ce260eca79,72189c846bcfb353c746983a6c07918018eb7113
600,test,0.0879576830809243,0.05247490480542183,-0.035482778275502475,0.035482778275502475,0.0012590275541484704,Qwen/Qwen2.5-VL-7B-Instruct,I+Q@shuffle,2026,r8_lr5e-05_mse,8,False,163,0,e6e6b1c4439c7063,e3b0c44298fc1c14,e6e6b1c4439c7063,5308b5da23248bab12ef6b0698d2445faba296a9c44abdf9ea0889ce260eca79,72189c846bcfb353c746983a6c07918018eb7113
601,test,-0.803933487920519,0.5540233850479126,1.3579568729684315,1.3579568729684315,1.8440468688422007,Qwen/Qwen2.5-VL-7B-Instruct,I+Q@shuffle,2026,r8_lr5e-05_mse,8,False,134,0,80995f7d021ae0ca,e3b0c44298fc1c14,80995f7d021ae0ca,5308b5da23248bab12ef6b0698d2445faba296a9c44abdf9ea0889ce260eca79,72189c846bcfb353c746983a6c07918018eb7113
617,test,0.0444432905879323,0.98500657081604,0.9405632802281078,0.9405632802281078,0.884659284113458,Qwen/Qwen2.5-VL-7B-Instruct,I+Q@shuffle,2026,r8_lr5e-05_mse,8,True,186,228,1cf4c8742f8eb9df,49e72b06f9877eb8,1cf4c8742f8eb9df,5308b5da23248bab12ef6b0698d2445faba296a9c44abdf9ea0889ce260eca79,72189c846bcfb353c746983a6c07918018eb7113
631,test,0.0927036863892379,-0.0752193033695221,-0.16792298975876,0.16792298975876,0.028198130489520613,Qwen/Qwen2.5-VL-7B-Instruct,I+Q@shuffle,2026,r8_lr5e-05_mse,8,True,82,237,738989daf070654d,767890e16ab0246e,738989daf070654d,5308b5da23248bab12ef6b0698d2445faba296a9c44abdf9ea0889ce260eca79,72189c846bcfb353c746983a6c07918018eb7113
634,test,-1.91086631695104,0.6223374605178833,2.5332037774689233,2.5332037774689233,6.417121378182823,Qwen/Qwen2.5-VL-7B-Instruct,I+Q@shuffle,2026,r8_lr5e-05_mse,8,False,204,0,88a87c34a76ce8ea,e3b0c44298fc1c14,88a87c34a76ce8ea,5308b5da23248bab12ef6b0698d2445faba296a9c44abdf9ea0889ce260eca79,72189c846bcfb353c746983a6c07918018eb7113
635,test,-0.568032772580896,0.4222303032875061,0.9902630758684021,0.9902630758684021,0.9806209594283487,Qwen/Qwen2.5-VL-7B-Instruct,I+Q@shuffle,2026,r8_lr5e-05_mse,8,False,278,0,65f5080c2b2a4d0d,e3b0c44298fc1c14,65f5080c2b2a4d0d,5308b5da23248bab12ef6b0698d2445faba296a9c44abdf9ea0889ce260eca79,72189c846bcfb353c746983a6c07918018eb7113
637,test,-0.961350962881415,0.6385448575019836,1.5998958203833986,1.5998958203833986,2.559666636080268,Qwen/Qwen2.5-VL-7B-Instruct,I+Q@shuffle,2026,r8_lr5e-05_mse,8,True,55,226,5b00869ac655f5cf,867bf3de19365f64,5b00869ac655f5cf,5308b5da23248bab12ef6b0698d2445faba296a9c44abdf9ea0889ce260eca79,72189c846bcfb353c746983a6c07918018eb7113
641,test,0.897224190424909,-0.08871018886566162,-0.9859343792905706,0.9859343792905706,0.9720666002670827,Qwen/Qwen2.5-VL-7B-Instruct,I+Q@shuffle,2026,r8_lr5e-05_mse,8,False,189,0,3fd343044a41d204,e3b0c44298fc1c14,3fd343044a41d204,5308b5da23248bab12ef6b0698d2445faba296a9c44abdf9ea0889ce260eca79,72189c846bcfb353c746983a6c07918018eb7113
650,test,-0.304851249647721,-1.9279166460037231,-1.6230653963560022,1.6230653963560022,2.6343412808482665,Qwen/Qwen2.5-VL-7B-Instruct,I+Q@shuffle,2026,r8_lr5e-05_mse,8,False,72,0,03233c631f4a0217,e3b0c44298fc1c14,03233c631f4a0217,5308b5da23248bab12ef6b0698d2445faba296a9c44abdf9ea0889ce260eca79,72189c846bcfb353c746983a6c07918018eb7113
655,test,-0.503685852632094,-0.9183000922203064,-0.4146142395882124,0.4146142395882124,0.1719049676693116,Qwen/Qwen2.5-VL-7B-Instruct,I+Q@shuffle,2026,r8_lr5e-05_mse,8,True,233,204,dc5341b7e3d01f9e,db3e156e78583467,dc5341b7e3d01f9e,5308b5da23248bab12ef6b0698d2445faba296a9c44abdf9ea0889ce260eca79,72189c846bcfb353c746983a6c07918018eb7113
657,test,-0.830937441056205,-0.10180807113647461,0.7291293699197304,0.7291293699197304,0.5316296380795431,Qwen/Qwen2.5-VL-7B-Instruct,I+Q@shuffle,2026,r8_lr5e-05_mse,8,False,120,0,dfc4278617779b1b,e3b0c44298fc1c14,dfc4278617779b1b,5308b5da23248bab12ef6b0698d2445faba296a9c44abdf9ea0889ce260eca79,72189c846bcfb353c746983a6c07918018eb7113
668,test,-1.08403017031474,-1.0932742357254028,-0.009244065410662916,0.009244065410662916,8.545274531661455e-05,Qwen/Qwen2.5-VL-7B-Instruct,I+Q@shuffle,2026,r8_lr5e-05_mse,8,True,205,308,ec5b0abc983e4ea5,36c53f27ffb93720,ec5b0abc983e4ea5,5308b5da23248bab12ef6b0698d2445faba296a9c44abdf9ea0889ce260eca79,72189c846bcfb353c746983a6c07918018eb7113
675,test,-0.0402587887910563,-0.7139332294464111,-0.6736744406553549,0.6736744406553549,0.45383725199230524,Qwen/Qwen2.5-VL-7B-Instruct,I+Q@shuffle,2026,r8_lr5e-05_mse,8,False,211,0,f93f6a778d10c1ce,e3b0c44298fc1c14,f93f6a778d10c1ce,5308b5da23248bab12ef6b0698d2445faba296a9c44abdf9ea0889ce260eca79,72189c846bcfb353c746983a6c07918018eb7113
676,test,-0.408434622073513,-0.7071173191070557,-0.29868269703354267,0.29868269703354267,0.08921135350723104,Qwen/Qwen2.5-VL-7B-Instruct,I+Q@shuffle,2026,r8_lr5e-05_mse,8,True,56,289,56a1c3272367f9c6,d7ff331a93d0c095,56a1c3272367f9c6,5308b5da23248bab12ef6b0698d2445faba296a9c44abdf9ea0889ce260eca79,72189c846bcfb353c746983a6c07918018eb7113
679,test,-2.19369075859079,-0.16413521766662598,2.029555540924164,2.029555540924164,4.119095693695976,Qwen/Qwen2.5-VL-7B-Instruct,I+Q@shuffle,2026,r8_lr5e-05_mse,8,False,117,0,c4a71bd3b7869a26,e3b0c44298fc1c14,c4a71bd3b7869a26,5308b5da23248bab12ef6b0698d2445faba296a9c44abdf9ea0889ce260eca79,72189c846bcfb353c746983a6c07918018eb7113
684,test,0.831550007423358,0.6103317141532898,-0.22121829327006826,0.22121829327006826,0.04893753327732193,Qwen/Qwen2.5-VL-7B-Instruct,I+Q@shuffle,2026,r8_lr5e-05_mse,8,False,138,0,aaea131fffe708b5,e3b0c44298fc1c14,aaea131fffe708b5,5308b5da23248bab12ef6b0698d2445faba296a9c44abdf9ea0889ce260eca79,72189c846bcfb353c746983a6c07918018eb7113
701,test,0.354596757587242,0.3819695711135864,0.02737281352634441,0.02737281352634441,0.0007492709203480234,Qwen/Qwen2.5-VL-7B-Instruct,I+Q@shuffle,2026,r8_lr5e-05_mse,8,True,314,420,72087f8f14753388,e2db42ea1675a812,72087f8f14753388,5308b5da23248bab12ef6b0698d2445faba296a9c44abdf9ea0889ce260eca79,72189c846bcfb353c746983a6c07918018eb7113
709,test,0.956599191356118,0.19804170727729797,-0.7585574840788201,0.7585574840788201,0.5754094566519894,Qwen/Qwen2.5-VL-7B-Instruct,I+Q@shuffle,2026,r8_lr5e-05_mse,8,False,266,0,5fd56d71a7d06868,e3b0c44298fc1c14,5fd56d71a7d06868,5308b5da23248bab12ef6b0698d2445faba296a9c44abdf9ea0889ce260eca79,72189c846bcfb353c746983a6c07918018eb7113
729,test,1.36003401124551,0.587586522102356,-0.7724474891431541,0.7724474891431541,0.5966751234835631,Qwen/Qwen2.5-VL-7B-Instruct,I+Q@shuffle,2026,r8_lr5e-05_mse,8,True,219,416,57799ce72c687861,83f2eeb62e60a12a,57799ce72c687861,5308b5da23248bab12ef6b0698d2445faba296a9c44abdf9ea0889ce260eca79,72189c846bcfb353c746983a6c07918018eb7113
738,test,-0.527674124675154,-0.6009709239006042,-0.0732967992254503,0.0732967992254503,0.005372420776695971,Qwen/Qwen2.5-VL-7B-Instruct,I+Q@shuffle,2026,r8_lr5e-05_mse,8,False,74,0,1f18a14bae9e27b5,e3b0c44298fc1c14,1f18a14bae9e27b5,5308b5da23248bab12ef6b0698d2445faba296a9c44abdf9ea0889ce260eca79,72189c846bcfb353c746983a6c07918018eb7113
754,test,-0.0970831732819005,0.3906974792480469,0.4877806525299474,0.4877806525299474,0.2379299649825413,Qwen/Qwen2.5-VL-7B-Instruct,I+Q@shuffle,2026,r8_lr5e-05_mse,8,True,228,156,73fac02fef4d2171,382ad83b6d4061a0,73fac02fef4d2171,5308b5da23248bab12ef6b0698d2445faba296a9c44abdf9ea0889ce260eca79,72189c846bcfb353c746983a6c07918018eb7113
756,test,-0.538357305925728,-0.3887128531932831,0.14964445273244487,0.14964445273244487,0.022393462233592926,Qwen/Qwen2.5-VL-7B-Instruct,I+Q@shuffle,2026,r8_lr5e-05_mse,8,True,153,356,e02df91ee185e102,46ad1c94567f4120,e02df91ee185e102,5308b5da23248bab12ef6b0698d2445faba296a9c44abdf9ea0889ce260eca79,72189c846bcfb353c746983a6c07918018eb7113
758,test,-0.749897868803494,-0.9948111176490784,-0.2449132488455844,0.2449132488455844,0.059982499460099155,Qwen/Qwen2.5-VL-7B-Instruct,I+Q@shuffle,2026,r8_lr5e-05_mse,8,False,179,0,ea92f7829b382fdd,e3b0c44298fc1c14,ea92f7829b382fdd,5308b5da23248bab12ef6b0698d2445faba296a9c44abdf9ea0889ce260eca79,72189c846bcfb353c746983a6c07918018eb7113
761,test,0.487792745926032,0.6219190955162048,0.13412634959017283,0.13412634959017283,0.017989877654385256,Qwen/Qwen2.5-VL-7B-Instruct,I+Q@shuffle,2026,r8_lr5e-05_mse,8,True,83,198,a33fb90ded0743f9,dbd698c61f5790de,a33fb90ded0743f9,5308b5da23248bab12ef6b0698d2445faba296a9c44abdf9ea0889ce260eca79,72189c846bcfb353c746983a6c07918018eb7113
762,test,1.03037708867309,0.0009339526295661926,-1.0294431360435239,1.0294431360435239,1.0597531703471252,Qwen/Qwen2.5-VL-7B-Instruct,I+Q@shuffle,2026,r8_lr5e-05_mse,8,True,236,138,f71c5e31f3f1b754,549a84dbc49576ba,f71c5e31f3f1b754,5308b5da23248bab12ef6b0698d2445faba296a9c44abdf9ea0889ce260eca79,72189c846bcfb353c746983a6c07918018eb7113
778,test,-0.785559564450839,0.33519864082336426,1.1207582052742033,1.1207582052742033,1.2560989546894532,Qwen/Qwen2.5-VL-7B-Instruct,I+Q@shuffle,2026,r8_lr5e-05_mse,8,True,103,93,ed0ac36403814472,04275f173f502619,ed0ac36403814472,5308b5da23248bab12ef6b0698d2445faba296a9c44abdf9ea0889ce260eca79,72189c846bcfb353c746983a6c07918018eb7113
780,test,0.410823197798462,-0.3563072085380554,-0.7671304063365174,0.7671304063365174,0.5884890603260303,Qwen/Qwen2.5-VL-7B-Instruct,I+Q@shuffle,2026,r8_lr5e-05_mse,8,True,64,516,da7138f6c0bf037f,75723dc4e1c3183c,da7138f6c0bf037f,5308b5da23248bab12ef6b0698d2445faba296a9c44abdf9ea0889ce260eca79,72189c846bcfb353c746983a6c07918018eb7113
787,test,-0.671104614784266,0.07608877122402191,0.7471933860082879,0.7471933860082879,0.5582979560945303,Qwen/Qwen2.5-VL-7B-Instruct,I+Q@shuffle,2026,r8_lr5e-05_mse,8,False,89,0,a211f1301849493d,e3b0c44298fc1c14,a211f1301849493d,5308b5da23248bab12ef6b0698d2445faba296a9c44abdf9ea0889ce260eca79,72189c846bcfb353c746983a6c07918018eb7113
790,test,-0.321663654013984,-0.9161607623100281,-0.5944971082960441,0.5944971082960441,0.35342681177235835,Qwen/Qwen2.5-VL-7B-Instruct,I+Q@shuffle,2026,r8_lr5e-05_mse,8,True,140,158,3cfd82e53a428053,ba5474b164dcd0cf,3cfd82e53a428053,5308b5da23248bab12ef6b0698d2445faba296a9c44abdf9ea0889ce260eca79,72189c846bcfb353c746983a6c07918018eb7113
791,test,-2.10912030387823,0.31440791487693787,2.423528218755168,2.423528218755168,5.873489027102597,Qwen/Qwen2.5-VL-7B-Instruct,I+Q@shuffle,2026,r8_lr5e-05_mse,8,False,36,0,bd1bec552cb9082c,e3b0c44298fc1c14,bd1bec552cb9082c,5308b5da23248bab12ef6b0698d2445faba296a9c44abdf9ea0889ce260eca79,72189c846bcfb353c746983a6c07918018eb7113
805,test,-0.471057651074244,0.7420033812522888,1.2130610323265327,1.2130610323265327,1.4715170681491132,Qwen/Qwen2.5-VL-7B-Instruct,I+Q@shuffle,2026,r8_lr5e-05_mse,8,False,197,0,9c11a9a851875ebb,e3b0c44298fc1c14,9c11a9a851875ebb,5308b5da23248bab12ef6b0698d2445faba296a9c44abdf9ea0889ce260eca79,72189c846bcfb353c746983a6c07918018eb7113
808,test,-0.0324984679833326,-0.5466112494468689,-0.5141127814635363,0.5141127814635363,0.26431195206417385,Qwen/Qwen2.5-VL-7B-Instruct,I+Q@shuffle,2026,r8_lr5e-05_mse,8,True,213,416,25140bfbea35cec4,ddccd9fa30772a48,25140bfbea35cec4,5308b5da23248bab12ef6b0698d2445faba296a9c44abdf9ea0889ce260eca79,72189c846bcfb353c746983a6c07918018eb7113
811,test,-1.20937193883915,0.36880871653556824,1.5781806553747182,1.5781806553747182,2.490654180998975,Qwen/Qwen2.5-VL-7B-Instruct,I+Q@shuffle,2026,r8_lr5e-05_mse,8,False,86,0,f803a2ceef85c750,e3b0c44298fc1c14,f803a2ceef85c750,5308b5da23248bab12ef6b0698d2445faba296a9c44abdf9ea0889ce260eca79,72189c846bcfb353c746983a6c07918018eb7113
813,test,-1.14324179685542,0.03467457741498947,1.1779163742704095,1.1779163742704095,1.3874869847743474,Qwen/Qwen2.5-VL-7B-Instruct,I+Q@shuffle,2026,r8_lr5e-05_mse,8,True,125,217,51a85d85120a5d11,52789354a9dddb41,51a85d85120a5d11,5308b5da23248bab12ef6b0698d2445faba296a9c44abdf9ea0889ce260eca79,72189c846bcfb353c746983a6c07918018eb7113
819,test,-0.191686850090188,-1.402076005935669,-1.210389155845481,1.210389155845481,1.465041908588336,Qwen/Qwen2.5-VL-7B-Instruct,I+Q@shuffle,2026,r8_lr5e-05_mse,8,False,171,0,c014639306af250f,e3b0c44298fc1c14,c014639306af250f,5308b5da23248bab12ef6b0698d2445faba296a9c44abdf9ea0889ce260eca79,72189c846bcfb353c746983a6c07918018eb7113
822,test,0.865502764472577,-0.15639013051986694,-1.021892894992444,1.021892894992444,1.044265088836038,Qwen/Qwen2.5-VL-7B-Instruct,I+Q@shuffle,2026,r8_lr5e-05_mse,8,True,255,184,fe172d5a237e738d,a33dee3fde31b4bc,fe172d5a237e738d,5308b5da23248bab12ef6b0698d2445faba296a9c44abdf9ea0889ce260eca79,72189c846bcfb353c746983a6c07918018eb7113
824,test,1.00029323049655,-0.08734370768070221,-1.0876369381772522,1.0876369381772522,1.182954109287588,Qwen/Qwen2.5-VL-7B-Instruct,I+Q@shuffle,2026,r8_lr5e-05_mse,8,True,255,506,a37af8ef04b5d927,976945ee66154b63,a37af8ef04b5d927,5308b5da23248bab12ef6b0698d2445faba296a9c44abdf9ea0889ce260eca79,72189c846bcfb353c746983a6c07918018eb7113
830,test,-0.19481053098194,-0.37939560413360596,-0.18458507315166595,0.18458507315166595,0.03407164923040587,Qwen/Qwen2.5-VL-7B-Instruct,I+Q@shuffle,2026,r8_lr5e-05_mse,8,True,140,139,39efd6f1eca9399c,289342afc5901618,39efd6f1eca9399c,5308b5da23248bab12ef6b0698d2445faba296a9c44abdf9ea0889ce260eca79,72189c846bcfb353c746983a6c07918018eb7113
831,test,-0.854717000318439,0.6352729797363281,1.4899899800547671,1.4899899800547671,2.2200701406636054,Qwen/Qwen2.5-VL-7B-Instruct,I+Q@shuffle,2026,r8_lr5e-05_mse,8,False,87,0,42f12b5e289178dc,e3b0c44298fc1c14,42f12b5e289178dc,5308b5da23248bab12ef6b0698d2445faba296a9c44abdf9ea0889ce260eca79,72189c846bcfb353c746983a6c07918018eb7113
835,test,-0.998254755907677,-0.016320273280143738,0.9819344826275332,0.9819344826275332,0.9641953281730014,Qwen/Qwen2.5-VL-7B-Instruct,I+Q@shuffle,2026,r8_lr5e-05_mse,8,True,146,219,ab4f07dbd3e1fad1,8d533c65e9c62d1b,ab4f07dbd3e1fad1,5308b5da23248bab12ef6b0698d2445faba296a9c44abdf9ea0889ce260eca79,72189c846bcfb353c746983a6c07918018eb7113
849,test,0.550023261043861,-0.81331866979599,-1.3633419308398511,1.3633419308398511,1.8587012203861333,Qwen/Qwen2.5-VL-7B-Instruct,I+Q@shuffle,2026,r8_lr5e-05_mse,8,False,121,0,989f39cdc0b88862,e3b0c44298fc1c14,989f39cdc0b88862,5308b5da23248bab12ef6b0698d2445faba296a9c44abdf9ea0889ce260eca79,72189c846bcfb353c746983a6c07918018eb7113
862,test,0.160120977376802,0.6231459379196167,0.4630249605428147,0.4630249605428147,0.21439211408567513,Qwen/Qwen2.5-VL-7B-Instruct,I+Q@shuffle,2026,r8_lr5e-05_mse,8,False,60,0,c7f04abe990d7637,e3b0c44298fc1c14,c7f04abe990d7637,5308b5da23248bab12ef6b0698d2445faba296a9c44abdf9ea0889ce260eca79,72189c846bcfb353c746983a6c07918018eb7113
865,test,1.11711614034842,-0.4002302885055542,-1.5173464288539742,1.5173464288539742,2.3023401851559084,Qwen/Qwen2.5-VL-7B-Instruct,I+Q@shuffle,2026,r8_lr5e-05_mse,8,False,297,0,b31511cabb950604,e3b0c44298fc1c14,b31511cabb950604,5308b5da23248bab12ef6b0698d2445faba296a9c44abdf9ea0889ce260eca79,72189c846bcfb353c746983a6c07918018eb7113
867,test,-1.47494379555592,-1.04233717918396,0.43260661637195996,0.43260661637195996,0.18714848452879615,Qwen/Qwen2.5-VL-7B-Instruct,I+Q@shuffle,2026,r8_lr5e-05_mse,8,False,74,0,a09f6c0c18e20552,e3b0c44298fc1c14,a09f6c0c18e20552,5308b5da23248bab12ef6b0698d2445faba296a9c44abdf9ea0889ce260eca79,72189c846bcfb353c746983a6c07918018eb7113
868,test,0.199214752660779,-0.46134403347969055,-0.6605587861404696,0.6605587861404696,0.43633790994737065,Qwen/Qwen2.5-VL-7B-Instruct,I+Q@shuffle,2026,r8_lr5e-05_mse,8,False,133,0,92cb0f7c58500965,e3b0c44298fc1c14,92cb0f7c58500965,5308b5da23248bab12ef6b0698d2445faba296a9c44abdf9ea0889ce260eca79,72189c846bcfb353c746983a6c07918018eb7113
869,test,0.54504705759843,0.49858707189559937,-0.04645998570283061,0.04645998570283061,0.0021585302715072243,Qwen/Qwen2.5-VL-7B-Instruct,I+Q@shuffle,2026,r8_lr5e-05_mse,8,True,488,629,253abed32a049c61,18a6da7f96acb3f6,253abed32a049c61,5308b5da23248bab12ef6b0698d2445faba296a9c44abdf9ea0889ce260eca79,72189c846bcfb353c746983a6c07918018eb7113
871,test,-0.291374962716814,0.6056522727012634,0.8970272354180775,0.8970272354180775,0.804657861081799,Qwen/Qwen2.5-VL-7B-Instruct,I+Q@shuffle,2026,r8_lr5e-05_mse,8,True,190,259,71013f6e0c8a1cfa,75d2feb19112b5a1,71013f6e0c8a1cfa,5308b5da23248bab12ef6b0698d2445faba296a9c44abdf9ea0889ce260eca79,72189c846bcfb353c746983a6c07918018eb7113
874,test,0.497309394586747,0.18063771724700928,-0.3166716773397377,0.3166716773397377,0.10028095122916296,Qwen/Qwen2.5-VL-7B-Instruct,I+Q@shuffle,2026,r8_lr5e-05_mse,8,True,157,356,7ff72270e12c9271,657b39d45556bd6f,7ff72270e12c9271,5308b5da23248bab12ef6b0698d2445faba296a9c44abdf9ea0889ce260eca79,72189c846bcfb353c746983a6c07918018eb7113
879,test,1.26251637474269,-0.3604673147201538,-1.6229836894628438,1.6229836894628438,2.6340760562624244,Qwen/Qwen2.5-VL-7B-Instruct,I+Q@shuffle,2026,r8_lr5e-05_mse,8,True,242,99,0c02a06f615a5bb5,fb0dbdc22aa3aeff,0c02a06f615a5bb5,5308b5da23248bab12ef6b0698d2445faba296a9c44abdf9ea0889ce260eca79,72189c846bcfb353c746983a6c07918018eb7113
880,test,-0.12137567916205,-0.9121397733688354,-0.7907640942067855,0.7907640942067855,0.625307852686678,Qwen/Qwen2.5-VL-7B-Instruct,I+Q@shuffle,2026,r8_lr5e-05_mse,8,False,134,0,8818cddca2d9a2cb,e3b0c44298fc1c14,8818cddca2d9a2cb,5308b5da23248bab12ef6b0698d2445faba296a9c44abdf9ea0889ce260eca79,72189c846bcfb353c746983a6c07918018eb7113
885,test,-0.232854610718588,0.004440568387508392,0.2372951791060964,0.2372951791060964,0.05630900202699437,Qwen/Qwen2.5-VL-7B-Instruct,I+Q@shuffle,2026,r8_lr5e-05_mse,8,True,126,357,7f58d9ffa2c1785f,327491bef021a167,7f58d9ffa2c1785f,5308b5da23248bab12ef6b0698d2445faba296a9c44abdf9ea0889ce260eca79,72189c846bcfb353c746983a6c07918018eb7113
889,test,-0.834057518023775,-1.2206298112869263,-0.38657229326315123,0.38657229326315123,0.1494381379187318,Qwen/Qwen2.5-VL-7B-Instruct,I+Q@shuffle,2026,r8_lr5e-05_mse,8,False,174,0,5d8cd03b34dec6ea,e3b0c44298fc1c14,5d8cd03b34dec6ea,5308b5da23248bab12ef6b0698d2445faba296a9c44abdf9ea0889ce260eca79,72189c846bcfb353c746983a6c07918018eb7113
915,test,0.431148196371713,1.0402599573135376,0.6091117609418246,0.6091117609418246,0.3710171373176505,Qwen/Qwen2.5-VL-7B-Instruct,I+Q@shuffle,2026,r8_lr5e-05_mse,8,False,130,0,7d5f536a91c256e6,e3b0c44298fc1c14,7d5f536a91c256e6,5308b5da23248bab12ef6b0698d2445faba296a9c44abdf9ea0889ce260eca79,72189c846bcfb353c746983a6c07918018eb7113
916,test,0.0249511242343512,0.4766739010810852,0.451722776846734,0.451722776846734,0.20405346712212424,Qwen/Qwen2.5-VL-7B-Instruct,I+Q@shuffle,2026,r8_lr5e-05_mse,8,True,132,451,e349a0b8c7cdf250,c57e58dcc32575bd,e349a0b8c7cdf250,5308b5da23248bab12ef6b0698d2445faba296a9c44abdf9ea0889ce260eca79,72189c846bcfb353c746983a6c07918018eb7113
926,test,-0.622047170767899,-0.061480917036533356,0.5605662537313656,0.5605662537313656,0.31423452482241776,Qwen/Qwen2.5-VL-7B-Instruct,I+Q@shuffle,2026,r8_lr5e-05_mse,8,True,139,218,94d27b4a4c4b9978,1ae3d1e1521572b2,94d27b4a4c4b9978,5308b5da23248bab12ef6b0698d2445faba296a9c44abdf9ea0889ce260eca79,72189c846bcfb353c746983a6c07918018eb7113
927,test,-0.517874866698815,-0.27929407358169556,0.23858079311711944,0.23858079311711944,0.056920794844393746,Qwen/Qwen2.5-VL-7B-Instruct,I+Q@shuffle,2026,r8_lr5e-05_mse,8,True,83,215,634bc0ad510522cf,29cf61c8c2aacf24,634bc0ad510522cf,5308b5da23248bab12ef6b0698d2445faba296a9c44abdf9ea0889ce260eca79,72189c846bcfb353c746983a6c07918018eb7113
