environment,context_condition,checkpoint,n_seeds,cumulative_regret_mean,cumulative_regret_sd,cumulative_regret_median,cumulative_regret_ci_low,cumulative_regret_ci_high,mean_reward_mean,mean_reward_sd,mean_reward_median,mean_reward_ci_low,mean_reward_ci_high,optimal_arm_rate_mean,optimal_arm_rate_sd,optimal_arm_rate_median,optimal_arm_rate_ci_low,optimal_arm_rate_ci_high
E0_NO_CONTEXT,C0,25,50,0.23604479334398007,0.055661616485364954,0.23619740843360051,0.22004080797365358,0.2517747214166585,0.49493333333333334,0.06412233206448244,0.5,0.47785999999999995,0.5130666666666666,0.5786666666666667,0.0802264369091531,0.5733333333333334,0.5565333333333334,0.6018666666666667
E0_NO_CONTEXT,C0,50,50,0.48424818611955467,0.11687205303234177,0.4968746057380463,0.45065430586342176,0.5156782404658763,0.4991999999999999,0.04217746762799072,0.4966666666666667,0.4881333333333333,0.5110666666666666,0.5712,0.07480211233026976,0.5700000000000001,0.5512,0.5925366666666667
E0_NO_CONTEXT,C0,100,50,0.9705600609677645,0.22697017152347798,0.9947967012270881,0.906038617297567,1.0320911824909698,0.49866666666666665,0.029028096484053616,0.5,0.49119999999999997,0.5066683333333334,0.5686,0.06625755422639362,0.5683333333333334,0.5500666666666666,0.5872033333333334
E0_NO_CONTEXT,C0,250,50,2.3984553689040076,0.5464883761241018,2.382457927614947,2.2417113953455705,2.547565944059313,0.4996533333333334,0.021242681546226178,0.5000000000000001,0.49381266666666673,0.5053340000000001,0.57144,0.06322380217131623,0.5860000000000001,0.553466,0.588642
E0_NO_CONTEXT,C0,500,50,4.822099400843773,1.076156126786507,4.824263695714812,4.515116824806206,5.112918233235875,0.50124,0.015068105403583868,0.5003333333333337,0.4971856666666667,0.50528,0.5693866666666666,0.06136820067772697,0.594,0.5522853333333334,0.585628
E0_NO_CONTEXT,C1,25,50,0.24111835336891757,0.04782225049030989,0.2400199361329026,0.22779022013924025,0.2548427902052834,0.49493333333333334,0.06332524115864424,0.5,0.4781333333333333,0.5127999999999999,0.5650666666666667,0.07131495726179538,0.5733333333333334,0.5450666666666667,0.5848
E0_NO_CONTEXT,C1,50,50,0.4936775145423296,0.10228921830521878,0.5137063826735283,0.46446486927474184,0.5210076128058356,0.4991999999999999,0.041853648480824984,0.4966666666666667,0.4881333333333334,0.5107999999999999,0.5602666666666667,0.06818621960644017,0.5666666666666667,0.5418599999999999,0.5788066666666666
E0_NO_CONTEXT,C1,100,50,0.9856961152412174,0.19971668468394224,0.9887658026447669,0.9310555975647394,1.0402111465398565,0.49853333333333333,0.02891193917324411,0.49833333333333335,0.4912,0.5066,0.5603333333333333,0.061678156679150754,0.57,0.54353,0.577535
E0_NO_CONTEXT,C1,250,50,2.426384510595031,0.5113284576539491,2.4034130464361017,2.2816701258859826,2.565566432641892,0.49952000000000013,0.02119814307530902,0.5000000000000001,0.49373333333333336,0.505148,0.5651733333333333,0.060821072848925725,0.5826666666666667,0.547972,0.5823206666666666
E0_NO_CONTEXT,C1,500,50,4.858830999982787,1.0350325374721645,4.884588357765275,4.5643949945124564,5.132266748659314,0.5011733333333334,0.015079868997428011,0.5003333333333337,0.497093,0.5052133333333333,0.5648000000000001,0.06112772398393206,0.59,0.5477463333333332,0.581414
E0_NO_CONTEXT,C2,25,50,0.23920601048818071,0.04875528868101079,0.23288456798543578,0.22538778367071716,0.2532691021913016,0.4946666666666667,0.06278495132895048,0.5,0.47812666666666664,0.5122666666666666,0.5696,0.07076081521945278,0.5733333333333334,0.5496000000000001,0.5890733333333333
E0_NO_CONTEXT,C2,50,50,0.4916812554922203,0.1039846545022363,0.5085412339813575,0.46226740257929083,0.5198323956891178,0.4990666666666667,0.04170971925429503,0.4966666666666667,0.4881333333333333,0.5106666666666666,0.5630666666666667,0.06726547398873886,0.5666666666666667,0.5447966666666666,0.5821366666666669
E0_NO_CONTEXT,C2,100,50,0.9836638921185202,0.20121589256930478,1.0013398319389912,0.9277551695428969,1.0385012031059218,0.4984666666666667,0.028810192829697465,0.49833333333333335,0.49119833333333335,0.5065350000000001,0.5618666666666667,0.06047491562210842,0.5683333333333334,0.545265,0.5786016666666667
E0_NO_CONTEXT,C2,250,50,2.423682092113204,0.5119046185043279,2.4009870300676743,2.2791053339513456,2.562373116083684,0.4994933333333334,0.021164107724690746,0.5000000000000001,0.49373333333333336,0.5050953333333333,0.5658933333333334,0.060297126731408114,0.5833333333333333,0.5489580000000001,0.5829886666666666
E0_NO_CONTEXT,C2,500,50,4.855579650134559,1.0354309338501013,4.881394212227487,4.560505551439561,5.130487284468846,0.50116,0.015067985012456032,0.5003333333333337,0.497093,0.5051866666666667,0.56536,0.06065103484039563,0.5903333333333334,0.5482126666666667,0.5819466666666665
E0_NO_CONTEXT,C3,25,50,0.22988953481703756,0.0575569375606535,0.23122651776860495,0.2133375084578974,0.24600656451339148,0.4954666666666666,0.06376601217255175,0.5066666666666665,0.4784,0.5136,0.5885333333333334,0.07666566104043218,0.5933333333333333,0.5672,0.6106666666666667
E0_NO_CONTEXT,C3,50,50,0.47427204993556743,0.11313879616922569,0.49557073801186236,0.44167253251945227,0.5043265891908755,0.49946666666666667,0.042181768423118396,0.4966666666666667,0.4883966666666666,0.5112033333333333,0.5802666666666666,0.06666612244675828,0.5766666666666667,0.5615966666666666,0.5986666666666667
E0_NO_CONTEXT,C3,100,50,0.9543511596082626,0.21687815891560316,0.9826262982284564,0.8909986558033081,1.0128029322097505,0.49893333333333323,0.029195097901815573,0.5,0.49146666666666666,0.5070016666666667,0.5769333333333334,0.059330505168398946,0.5883333333333334,0.5597983333333333,0.593
E0_NO_CONTEXT,C3,250,50,2.3472642526966707,0.5704852838128487,2.42136153668584,2.1813586850202715,2.502922533316701,0.49978666666666677,0.02127092913588536,0.4993333333333335,0.49394600000000005,0.5054420000000001,0.5803733333333334,0.06328801242736891,0.5900000000000001,0.5626113333333334,0.5976273333333334
E0_NO_CONTEXT,C3,500,50,4.6871622300745805,1.182364593204766,4.832481861425951,4.341588622850859,5.003368786181853,0.50148,0.015222783974274763,0.5013333333333336,0.4974263333333333,0.5056,0.5808533333333333,0.06610649554192437,0.5943333333333334,0.5623450000000001,0.5988023333333333
E0_NO_CONTEXT,C4,25,50,0.23116001260005728,0.05044498067808065,0.23767536794097868,0.2168695986892582,0.24478698305699845,0.49653333333333327,0.06394782453718457,0.5066666666666666,0.4792,0.5144,0.5808000000000001,0.07441551541338917,0.5733333333333334,0.5599933333333333,0.6024
E0_NO_CONTEXT,C4,50,50,0.47313969836976955,0.11196753608460674,0.47706980592995146,0.4421219458924715,0.5036188634525944,0.4998666666666666,0.0418503976362582,0.5,0.4888,0.5116,0.5771999999999999,0.07450626600138667,0.5700000000000001,0.5565333333333333,0.5984033333333334
E0_NO_CONTEXT,C4,100,50,0.9406979004842845,0.2275921049274357,0.9407503599516068,0.8787884708589441,1.004601046126123,0.49906666666666666,0.029424101987618516,0.5016666666666666,0.4915333333333334,0.5071333333333333,0.5777333333333334,0.0724449591679334,0.5833333333333334,0.5572666666666667,0.5981383333333332
E0_NO_CONTEXT,C4,250,50,2.3007347403184157,0.5832229788733112,2.25643840152354,2.1423477956990595,2.4580993462222045,0.4999733333333333,0.0211754189414741,0.4986666666666669,0.4942133333333334,0.5056533333333334,0.5846933333333333,0.0697300216432445,0.5926666666666667,0.5647993333333333,0.6037619999999999
E0_NO_CONTEXT,C4,500,50,4.567112626068158,1.165592803225277,4.453011968448706,4.25077361306937,4.8753516048752585,0.5016266666666666,0.014845025583692929,0.5013333333333336,0.4975726666666668,0.5056133333333334,0.5877199999999999,0.07138679286122426,0.5953333333333333,0.5677173333333333,0.6074813333333333
E1_MD6,C0,25,50,0.29607450393323426,0.10617608655378129,0.2989697938344726,0.26736764665959734,0.3240591324340829,0.49573333333333336,0.05248923872000712,0.5,0.48133333333333334,0.5093333333333333,0.5616,0.09395864386723349,0.5533333333333333,0.5375933333333334,0.5874666666666667
E1_MD6,C0,50,50,0.6075656044624442,0.1895924283124655,0.6140674486318155,0.556472223106295,0.6600494064862187,0.4972,0.0324114702128821,0.4966666666666667,0.4879966666666666,0.5058666666666667,0.5492,0.07694731242148024,0.55,0.5293333333333334,0.5704033333333333
E1_MD6,C0,100,50,1.224795910372309,0.3657533817389968,1.2256344354448228,1.1267258319105162,1.3232078034324268,0.5015999999999999,0.02748935064880523,0.49999999999999994,0.494065,0.509135,0.5445333333333333,0.0680561326274761,0.53,0.5270666666666667,0.5633333333333332
E1_MD6,C0,250,50,3.066352946547929,0.8525561443925255,3.1425262334408064,2.834044008543231,3.2958527047975728,0.50208,0.022854222035602344,0.5019999999999999,0.49594666666666665,0.508374,0.542,0.06053323144227092,0.5313333333333333,0.52677,0.55904
E1_MD6,C0,500,50,6.164828823832169,1.7095485227983611,6.267186717426827,5.690069988795315,6.63462017624825,0.5000933333333333,0.01481557677556778,0.49866666666666665,0.4958796666666667,0.50432,0.5404800000000001,0.05798350535647216,0.53,0.5252923333333333,0.5569886666666666
E1_MD6,C1,25,50,0.2992926765981884,0.1040412156647428,0.31147894117848285,0.27139079543955885,0.32713458325529665,0.49573333333333336,0.05276499904971621,0.4933333333333334,0.4813266666666666,0.5093399999999999,0.5551999999999999,0.09114081701453579,0.5533333333333333,0.5314666666666666,0.5794733333333333
E1_MD6,C1,50,50,0.6123054030672394,0.18740829025481445,0.6106540285297817,0.5624711034385593,0.6645335064048479,0.4972,0.03271785521525854,0.4966666666666667,0.4878666666666666,0.5061333333333333,0.5441333333333334,0.07511007794912618,0.5333333333333333,0.5249333333333333,0.5641366666666667
E1_MD6,C1,100,50,1.2313834120112357,0.36282392054593077,1.2387244856752808,1.1349096295981174,1.329749296174414,0.5015999999999999,0.027670231718509457,0.4999999999999999,0.494,0.5092,0.5415333333333333,0.06737787305768696,0.5249999999999999,0.5243316666666666,0.5602033333333335
E1_MD6,C1,250,50,3.083771600445029,0.8442215817771263,3.1952270612370404,2.8531177239604513,3.313087698528277,0.5020266666666666,0.022916177731333448,0.5019999999999999,0.4958666666666666,0.5083473333333334,0.53896,0.058538071802376065,0.5326666666666666,0.523972,0.5551733333333333
E1_MD6,C1,500,50,6.192549298261987,1.6966093432789087,6.336581153052142,5.7198617863294,6.659763563077767,0.50004,0.014862276280429838,0.49866666666666665,0.4958393333333333,0.504267,0.5379466666666667,0.05593109463383293,0.5266666666666666,0.52296,0.5537073333333334
E1_MD6,C2,25,50,0.29514183268957705,0.10343630238802641,0.30635658538597216,0.2666787106058626,0.3235843910406666,0.49573333333333336,0.05248923872000712,0.5,0.4815933333333334,0.5093333333333333,0.5605333333333333,0.09086972060289929,0.5533333333333333,0.5357266666666666,0.5845466666666667
E1_MD6,C2,50,50,0.6078559422137131,0.18609157340308147,0.6148583314591142,0.5574126720322502,0.6604447375371163,0.4972,0.03235545214406239,0.4966666666666667,0.4879966666666666,0.5058666666666666,0.5470666666666666,0.07463179457781222,0.5366666666666666,0.5277333333333334,0.5669366666666668
E1_MD6,C2,100,50,1.2266679482202139,0.36084135354372116,1.2315922537352293,1.1297033320258787,1.3265117301863394,0.5016,0.027538799674792343,0.49999999999999994,0.49393333333333334,0.5090683333333333,0.5429333333333334,0.06711968529570897,0.5233333333333333,0.5255316666666666,0.5617333333333333
E1_MD6,C2,250,50,3.078279090049884,0.8394633504375909,3.1913366288322935,2.845778196789133,3.3049218581725652,0.502,0.022920942705579886,0.5019999999999999,0.49576,0.508374,0.5398133333333334,0.05841753534148929,0.532,0.5246646666666667,0.5560833333333333
E1_MD6,C2,500,50,6.1871909417970805,1.6877204684548948,6.329717682405603,5.713718440818031,6.652972318910781,0.5,0.014847982524033805,0.4976666666666668,0.4957596666666666,0.5042136666666668,0.5384800000000001,0.05581050543586577,0.5273333333333333,0.5234933333333334,0.5541870000000001
E1_MD6,C3,25,50,0.28946738489892915,0.10580163239539002,0.30135743219757277,0.2608340964581187,0.3179320121515433,0.49546666666666667,0.052948269795871666,0.4933333333333334,0.48106666666666664,0.5093333333333333,0.5682666666666666,0.09587936486914038,0.56,0.5431999999999999,0.59334
E1_MD6,C3,50,50,0.59709105550881,0.1881437784866073,0.5894642371128586,0.5474249109414685,0.6497262694350676,0.49706666666666666,0.0327751911043618,0.4966666666666667,0.4877333333333333,0.5060033333333334,0.5533333333333333,0.078742958508931,0.5333333333333333,0.5341266666666666,0.5749333333333334
E1_MD6,C3,100,50,1.2054611684577996,0.36112421566093067,1.2169236753723556,1.1081931859745566,1.3047565073495793,0.5015999999999999,0.027522326537738135,0.4999999999999999,0.494,0.5091366666666667,0.5493333333333333,0.07107531695512943,0.5333333333333333,0.53086,0.5696666666666667
E1_MD6,C3,250,50,2.9918210588629637,0.843635300023228,3.0575874391364692,2.7569641774321183,3.22067887911239,0.5022666666666666,0.022720624053260925,0.5019999999999999,0.4961859999999999,0.5085866666666666,0.54992,0.06265025693385104,0.5346666666666666,0.5335733333333332,0.5673873333333332
E1_MD6,C3,500,50,5.961067975463298,1.689425064336203,5.885454661016912,5.480865034532918,6.413960467911898,0.5005466666666667,0.014823337608935457,0.49900000000000005,0.496293,0.5047603333333335,0.5522933333333333,0.06228792190641378,0.5443333333333333,0.5361726666666667,0.5697086666666666
E1_MD6,C4,25,50,0.2926044816631536,0.09962851672721686,0.290155967947624,0.2652443096172952,0.3191517423046034,0.4965333333333334,0.051149862072371946,0.5,0.48266666666666663,0.5098733333333333,0.5637333333333333,0.08594846317413397,0.5466666666666666,0.5413266666666665,0.5874666666666667
E1_MD6,C4,50,50,0.5996985040149282,0.18038612490837666,0.5976075594268985,0.5500923523647788,0.6481431559729814,0.49760000000000004,0.03203626063486267,0.4966666666666667,0.48839999999999995,0.5064,0.5538666666666667,0.0734611131646689,0.5466666666666666,0.5342666666666667,0.5740033333333334
E1_MD6,C4,100,50,1.2097720934445018,0.36046755188315643,1.2053060118807268,1.10903233948853,1.3084287816558118,0.5018666666666666,0.027579281717357133,0.49999999999999994,0.4943333333333333,0.5094,0.5508666666666666,0.06765864032019357,0.54,0.5328,0.569205
E1_MD6,C4,250,50,3.012583653701613,0.8383087985508717,3.1045899959476144,2.773261617263283,3.2379061415793293,0.5022933333333333,0.022744229040539715,0.5019999999999999,0.49618666666666666,0.5085866666666666,0.5506933333333334,0.05983529320497368,0.534,0.5348793333333334,0.56704
E1_MD6,C4,500,50,5.975655519162547,1.6617080259502455,6.104357156565497,5.500802217612824,6.42240813914823,0.5004933333333333,0.014637453900502712,0.4976666666666668,0.4963863333333334,0.5046536666666668,0.5532666666666667,0.05862154263383876,0.5456666666666666,0.5379446666666667,0.5698936666666667
E2_MASTERY,C0,25,50,0.29896672626703347,0.09152724455678896,0.29291613221147433,0.27390446847656996,0.32399437074978327,0.4952,0.056888959750522744,0.4933333333333334,0.4802666666666667,0.5109333333333334,0.5792,0.07955248983819288,0.5800000000000001,0.5576000000000001,0.6010666666666666
E2_MASTERY,C0,50,50,0.6173588264917597,0.1797694541131904,0.6060665092995756,0.5671803398020188,0.6659508701506733,0.5053333333333333,0.03124041803210806,0.5066666666666666,0.4966666666666667,0.51387,0.5730666666666666,0.07187744671966843,0.5733333333333334,0.5532000000000001,0.5928
E2_MASTERY,C0,100,50,1.228960237056779,0.3493227672827449,1.1729757800607343,1.1297174940251582,1.3251619577652547,0.5012,0.0246403610422057,0.5000000000000002,0.4944633333333333,0.5079333333333333,0.5760000000000001,0.06725927091345492,0.5766666666666667,0.5579333333333334,0.5955349999999999
E2_MASTERY,C0,250,50,3.0695641243241054,0.8760479434288977,2.8990024647822605,2.8195021711585904,3.3126343674004173,0.4985866666666666,0.016205953386643785,0.5006666666666666,0.4942653333333332,0.5030666666666667,0.5756799999999999,0.060528622190732136,0.5780000000000001,0.559706,0.5932046666666667
E2_MASTERY,C0,500,50,6.1939583268996214,1.76723936083427,5.810562529837501,5.691510787088078,6.685545072851284,0.4977066666666667,0.013398588614878304,0.4973333333333333,0.49424,0.5014139999999999,0.5719333333333334,0.059602348186099614,0.5686666666666667,0.5562383333333332,0.5891223333333334
E2_MASTERY,C1,25,50,0.30172345839562625,0.09159266070283188,0.29216637240396187,0.27655288621066815,0.32809483698912156,0.4946666666666667,0.05728553615932405,0.4933333333333334,0.47973333333333334,0.5104,0.5781333333333333,0.079122626489998,0.5733333333333334,0.55626,0.5994666666666666
E2_MASTERY,C1,50,50,0.628191281976106,0.17604846066965457,0.606279536747796,0.580162105330053,0.6796579109469713,0.5049333333333333,0.03149516753775559,0.5066666666666666,0.4965333333333334,0.5134700000000001,0.5680000000000001,0.06716818164763984,0.5666666666666667,0.5488000000000001,0.5864
E2_MASTERY,C1,100,50,1.2496090755784643,0.3325632202025902,1.1993084995186671,1.158486388314065,1.3446570906553688,0.5008666666666667,0.024539384790489158,0.5,0.49413333333333337,0.5074666666666667,0.5706666666666667,0.062040145001738475,0.565,0.5533983333333333,0.5874016666666667
E2_MASTERY,C1,250,50,3.1235052846748697,0.8260226658813711,2.9650294415424643,2.8930637584283367,3.3612206179870943,0.49834666666666666,0.015832593609644827,0.5006666666666666,0.49410533333333323,0.5027200000000001,0.5701866666666667,0.054448051340562964,0.5740000000000001,0.555036,0.5856819999999999
E2_MASTERY,C1,500,50,6.291939188377121,1.6629559498892854,5.959838664211561,5.830171370708125,6.763816536474003,0.49752,0.013224069308283772,0.4973333333333333,0.49407966666666675,0.501187,0.56696,0.05346584897673206,0.567,0.5524383333333334,0.5818540000000001
E2_MASTERY,C2,25,50,0.30560187278497114,0.09734126297064037,0.29284284387482395,0.27907866743654186,0.33352837619021164,0.49333333333333335,0.057774289097535604,0.4933333333333334,0.47813333333333335,0.5090733333333333,0.5746666666666667,0.08416590893442172,0.5800000000000001,0.55146,0.5968
E2_MASTERY,C2,50,50,0.6342608775317738,0.18427108103162254,0.6055257462461037,0.5840478875310435,0.6889167043510299,0.5042666666666666,0.0315512756191771,0.5066666666666666,0.4957333333333334,0.5126700000000002,0.5662666666666667,0.0697180587061241,0.5700000000000001,0.5465333333333333,0.5849333333333333
E2_MASTERY,C2,100,50,1.2588352368523192,0.342593753194181,1.1994330329687912,1.16408038246666,1.3574417837493375,0.5005333333333334,0.024765201245775557,0.5,0.4936666666666667,0.5072,0.5694,0.06422992288020654,0.565,0.55159,0.5866666666666667
E2_MASTERY,C2,250,50,3.1336342971595217,0.8380294422075754,2.9644720767546904,2.9009860215330665,3.370670282209359,0.49821333333333334,0.01586475721660918,0.5006666666666666,0.493946,0.5025866666666666,0.5698399999999999,0.055079503041774065,0.5673333333333332,0.5546120000000001,0.5854153333333333
E2_MASTERY,C2,500,50,6.297549923100462,1.6713880792354803,5.963149527478204,5.834501356475698,6.770170504124761,0.4974533333333334,0.01321010401444896,0.4973333333333333,0.4940133333333334,0.5011206666666667,0.5670533333333334,0.05345226365455367,0.5653333333333334,0.5523583333333333,0.5817733333333334
E2_MASTERY,C3,25,50,0.29282661176843566,0.08956024467251295,0.28959825466317907,0.2682271571576742,0.31803564918446037,0.49493333333333334,0.057373502776644866,0.4933333333333334,0.47972666666666663,0.5106733333333333,0.5864,0.08078930352853557,0.5733333333333334,0.5634666666666667,0.6082666666666666
E2_MASTERY,C3,50,50,0.6117912624527487,0.1694699094107401,0.5984818505614621,0.5656329107003307,0.6616868919775658,0.5050666666666667,0.03154552553700598,0.5066666666666666,0.49640000000000006,0.5134700000000001,0.5777333333333334,0.06500807554928321,0.5733333333333334,0.5596000000000001,0.5954666666666667
E2_MASTERY,C3,100,50,1.2285241469128645,0.3230360793824133,1.167138604408568,1.140924349492934,1.3220768617722782,0.5009333333333333,0.024743949534153837,0.5,0.49400000000000005,0.5075999999999999,0.5778,0.06025873916917366,0.5716666666666667,0.5603333333333333,0.5948016666666667
E2_MASTERY,C3,250,50,3.0779837354487904,0.7982308325583249,2.8164380856553874,2.8488094106360684,3.305832353587501,0.4987466666666666,0.01572186830046435,0.5006666666666666,0.49450599999999995,0.5031473333333333,0.5776533333333334,0.05209832671265464,0.5733333333333333,0.5632246666666667,0.5928
E2_MASTERY,C3,500,50,6.173387155628231,1.60905665783402,5.750302607938284,5.7304405322787835,6.625038842777774,0.4978533333333333,0.013061369188540813,0.4993333333333334,0.49446633333333334,0.50144,0.5758,0.05073808965162759,0.5713333333333332,0.5619453333333333,0.589791
E2_MASTERY,C4,25,50,0.2865734023230781,0.09422162421935375,0.2821935975056142,0.261964582236326,0.3121937742500377,0.4957333333333333,0.05686854795079389,0.4933333333333334,0.4807933333333333,0.5117333333333333,0.5901333333333334,0.08635989663050636,0.5733333333333334,0.5677266666666667,0.6127999999999999
E2_MASTERY,C4,50,50,0.6007227644208618,0.18041944467912063,0.583852247849258,0.5523609667262144,0.6527100769870143,0.5056,0.03113455546844515,0.5066666666666666,0.49706666666666677,0.514,0.5798666666666666,0.07199760641020078,0.5733333333333334,0.56,0.5985366666666667
E2_MASTERY,C4,100,50,1.1974472873804285,0.3500961916872016,1.147805254776229,1.1005136039309042,1.2953452862719568,0.5014,0.024881487804674154,0.5000000000000001,0.49460000000000004,0.5080683333333333,0.5829333333333333,0.06795236426735872,0.5700000000000001,0.5648000000000001,0.601405
E2_MASTERY,C4,250,50,3.0111114738891973,0.8708203398123373,2.829779887140363,2.7607125084207165,3.2530961529579088,0.4990933333333333,0.01600326497299602,0.5013333333333332,0.49472000000000005,0.5034673333333334,0.5825066666666667,0.061481418390081366,0.5780000000000001,0.5664446666666667,0.59955
E2_MASTERY,C4,500,50,6.024123811379674,1.7338470915015658,5.68891064113707,5.541266021540315,6.511277191477049,0.49821333333333334,0.013164536984398794,0.49899999999999994,0.494773,0.5018403333333333,0.5826666666666668,0.059789653963611765,0.587,0.566676,0.5986453333333333
E3_QUALITY,C0,25,50,0.3118799794509301,0.08415650501814886,0.3069091104840826,0.2896250222683756,0.33385741562057464,0.49520000000000003,0.045794374289352256,0.4933333333333333,0.48345999999999995,0.5077333333333334,0.5890666666666666,0.06361391482003098,0.5866666666666667,0.5722666666666667,0.6069333333333333
E3_QUALITY,C0,50,50,0.6313376274071624,0.1554217905918891,0.6215501462428711,0.5915976410379447,0.6725965394720934,0.4936,0.03933598515216262,0.4933333333333333,0.48240000000000005,0.5040066666666666,0.5788,0.0552658386815044,0.5733333333333334,0.5638666666666667,0.5932033333333334
E3_QUALITY,C0,100,50,1.2876808656040555,0.3209630499662989,1.255712300526738,1.205317910864501,1.3741171516605726,0.5022,0.029056282860960438,0.5066666666666667,0.49413166666666664,0.5098666666666667,0.5756,0.052139878149301766,0.5633333333333334,0.5612,0.5893333333333333
E3_QUALITY,C0,250,50,3.232526114746339,0.7603302713745752,3.1511842282732254,3.0356755432754787,3.4421774752897054,0.5005066666666665,0.01755461061207276,0.4980000000000002,0.4956773333333333,0.5052813333333334,0.5777866666666667,0.045562135689811344,0.5826666666666667,0.5650926666666667,0.5901346666666666
E3_QUALITY,C0,500,50,6.515788689997516,1.4394385796708238,6.498569728225506,6.147300288372102,6.910705295113847,0.4969866666666667,0.013039093495472427,0.4973333333333334,0.4934510000000001,0.5005866666666667,0.5736266666666666,0.04321168902076395,0.571,0.5619183333333333,0.5853876666666668
E3_QUALITY,C1,25,50,0.31759059396134803,0.08834633430927552,0.31156803531116306,0.2942435496905139,0.34120695951935526,0.49546666666666667,0.04550427953261442,0.4933333333333333,0.48373333333333335,0.5082666666666666,0.5832,0.07242154250355418,0.5800000000000001,0.5640000000000001,0.6029333333333333
E3_QUALITY,C1,50,50,0.635409812306536,0.1555599765407226,0.6266511927671555,0.5956593570134778,0.6766368309457877,0.494,0.03961836079990763,0.4933333333333333,0.48266666666666663,0.5046666666666667,0.5762666666666667,0.056265647861299,0.5766666666666667,0.5610666666666667,0.5913333333333334
E3_QUALITY,C1,100,50,1.2950154824864972,0.31985434687578224,1.2439499300190366,1.2110728502188646,1.3813120111340549,0.5024666666666666,0.029321967494998966,0.5083333333333332,0.4943983333333333,0.5101333333333332,0.5730666666666667,0.05109610348532674,0.5633333333333334,0.5588650000000001,0.5872016666666666
E3_QUALITY,C1,250,50,3.24266974580281,0.7491317407849657,3.1806425069017665,3.0439190626804935,3.4430440114305214,0.5004266666666666,0.017568142678957538,0.4980000000000002,0.4955726666666666,0.5052266666666666,0.57512,0.04489230044735715,0.5800000000000001,0.5629326666666666,0.5877073333333332
E3_QUALITY,C1,500,50,6.559408741488555,1.4261821870106006,6.648927395040981,6.174260714358996,6.950956569622805,0.49687999999999993,0.013006497591274703,0.4969999999999999,0.49334566666666674,0.5004803333333334,0.5697733333333334,0.043223956152665256,0.5666666666666667,0.558333,0.5818943333333334
E3_QUALITY,C2,25,50,0.3123227959688928,0.08458217729903456,0.3002411403342704,0.2902093914825026,0.33536329703711804,0.4949333333333334,0.046002267517808774,0.4933333333333333,0.4829333333333333,0.5077333333333333,0.5877333333333334,0.07242304540454603,0.5800000000000001,0.5685333333333333,0.6077333333333333
E3_QUALITY,C2,50,50,0.6300614910033119,0.1525444107826483,0.6155385549679548,0.5920401966391557,0.6709572684433203,0.49373333333333336,0.039461453967211485,0.4933333333333333,0.48252999999999996,0.5042700000000001,0.5786666666666666,0.05518881216933492,0.58,0.5637333333333334,0.5925399999999998
E3_QUALITY,C2,100,50,1.2901129277297523,0.31787035684682,1.2392550540306566,1.2070187762492575,1.3775158407173094,0.5023333333333333,0.029030049331207373,0.5066666666666668,0.4942000000000001,0.5099333333333332,0.5738,0.05005670254209475,0.5633333333333334,0.5597983333333333,0.5876
E3_QUALITY,C2,250,50,3.2411295512493705,0.7405325139766245,3.17993888621199,3.047548171211102,3.443138345512345,0.5004,0.017542950209152877,0.4980000000000002,0.49554600000000004,0.505174,0.5750133333333333,0.04350436994235903,0.5800000000000001,0.5633866666666667,0.5867226666666666
E3_QUALITY,C2,500,50,6.56251202247226,1.4154350763559578,6.648401396876884,6.1859357869783205,6.948551259933473,0.49687999999999993,0.013010681117038018,0.4966666666666667,0.4933326666666667,0.5004670000000001,0.56948,0.04208258590297392,0.5663333333333334,0.5584383333333333,0.581227
E3_QUALITY,C3,25,50,0.3064818097885127,0.08504676332682645,0.2997118482849783,0.2842051539139881,0.3296864548784028,0.4960000000000001,0.0465011642504141,0.4933333333333333,0.4837333333333333,0.5090666666666667,0.5922666666666667,0.07183200355477966,0.5933333333333333,0.5730599999999999,0.6109333333333333
E3_QUALITY,C3,50,50,0.6191435458595484,0.15116141138394978,0.614594829482064,0.5798660949726875,0.6598353347715401,0.49439999999999995,0.03959797974644669,0.4933333333333333,0.48306666666666664,0.5049333333333333,0.5841333333333333,0.05650260363635533,0.5833333333333333,0.5695966666666666,0.5992
E3_QUALITY,C3,100,50,1.2623476542029726,0.3168396421544245,1.2448378532362874,1.1784810759017303,1.3465035808973143,0.5029333333333333,0.029212180232274697,0.5066666666666668,0.4948666666666667,0.5107333333333333,0.5800666666666667,0.05196584435561339,0.5700000000000001,0.5657333333333334,0.5943333333333334
E3_QUALITY,C3,250,50,3.1549175628541617,0.7583882630937505,3.066994435134439,2.9625853229137857,3.3623894831214907,0.50088,0.017520931440672717,0.4993333333333334,0.49607933333333337,0.5056,0.5828800000000001,0.04753849186308692,0.5793333333333333,0.5701046666666667,0.5958939999999999
E3_QUALITY,C3,500,50,6.32842126550883,1.5136599197760654,6.243560441617001,5.944030928109662,6.760192001244103,0.49729333333333336,0.013117580939533519,0.497,0.49373333333333336,0.500881,0.58028,0.04674281251210661,0.573,0.5675696666666666,0.5925079999999999
E3_QUALITY,C4,25,50,0.30021662643259533,0.08210306548238938,0.2985636274788017,0.27852764464807883,0.3225198868538427,0.4946666666666667,0.04644261081994898,0.4933333333333333,0.48266,0.5074666666666666,0.5997333333333333,0.06462113552439777,0.5866666666666667,0.58266,0.6173333333333333
E3_QUALITY,C4,50,50,0.6076044505539244,0.15049671987846316,0.5834798261702431,0.5695444008003929,0.6502368873742977,0.49373333333333336,0.03934636011655679,0.49,0.48266333333333333,0.5041366666666667,0.5910666666666667,0.054320957649044606,0.5866666666666667,0.5770633333333334,0.6049366666666668
E3_QUALITY,C4,100,50,1.2434246715134705,0.31361686731335175,1.211350506390974,1.1615350577351484,1.3319978226960507,0.5029333333333333,0.02925096660999506,0.51,0.4947983333333333,0.51067,0.5860666666666667,0.050312808357388036,0.5766666666666667,0.5727316666666666,0.599535
E3_QUALITY,C4,250,50,3.1060277205721842,0.7310519700836345,2.935811120076002,2.9097197845028866,3.306542161091519,0.50112,0.017416566253006135,0.4986666666666669,0.4963466666666667,0.5058673333333333,0.5869066666666666,0.04468417973251101,0.5860000000000001,0.5750113333333334,0.5990693333333333
E3_QUALITY,C4,500,50,6.230132372755678,1.3478898875576986,5.980400980410857,5.874743232769981,6.607478227033902,0.49756,0.012816945982112428,0.49666666666666665,0.49399933333333335,0.5010406666666666,0.5836399999999999,0.04060700653325528,0.5800000000000001,0.5725856666666667,0.5946806666666666
E4_MIXED,C0,25,50,0.33881312285058607,0.09347492467750913,0.32755056841646707,0.3146080044697668,0.36492313671443805,0.4906666666666667,0.05188509894048087,0.4933333333333333,0.4765333333333333,0.5047999999999999,0.5869333333333333,0.06331664656649391,0.5866666666666667,0.5695933333333333,0.6050733333333332
E4_MIXED,C0,50,50,0.696755131084855,0.15575056897900127,0.7050797589832675,0.653907765185319,0.7392068188207717,0.49,0.03221948537911864,0.49333333333333335,0.48160000000000003,0.4989366666666667,0.5841333333333334,0.05363672211445878,0.5866666666666667,0.5692,0.5988066666666666
E4_MIXED,C0,100,50,1.392511599892661,0.31625569215569765,1.3811225525567925,1.3071016720838842,1.4811390570887253,0.5002666666666665,0.02501555071905827,0.4983333333333334,0.49373166666666657,0.5074,0.5824666666666666,0.05241475100054352,0.5816666666666667,0.567595,0.59687
E4_MIXED,C0,250,50,3.5166938120274303,0.7393515691427706,3.511053998231226,3.314912479824919,3.718417525640762,0.50408,0.02075999991261759,0.5053333333333334,0.49813333333333343,0.50976,0.5815466666666667,0.04536722222715107,0.5760000000000001,0.5689833333333333,0.5943206666666667
E4_MIXED,C0,500,50,7.092980870341804,1.4694767582993955,7.015252042022003,6.696568401472242,7.507194239770037,0.504,0.015407981557998007,0.5043333333333335,0.4999596666666667,0.5082003333333335,0.58132,0.04546668861092295,0.5763333333333334,0.5686656666666666,0.5942810000000001
E4_MIXED,C1,25,50,0.34728680930778544,0.0973341736583366,0.33199581717825793,0.3213489261813978,0.373984727800857,0.4904,0.051272426098289255,0.4933333333333333,0.4765333333333333,0.5042666666666666,0.5789333333333334,0.06437362595676012,0.5733333333333334,0.56106,0.5968
E4_MIXED,C1,50,50,0.708472328564224,0.16463498901180756,0.7130923123853101,0.6644356242495331,0.7528741960891218,0.4897333333333333,0.03179326644720893,0.49333333333333335,0.4813333333333334,0.4985333333333333,0.5781333333333334,0.0559241468784427,0.5833333333333333,0.5626666666666666,0.5933366666666667
E4_MIXED,C1,100,50,1.4106082814107828,0.3252095582457664,1.381758386456833,1.3233364053531256,1.4975814393002929,0.49993333333333323,0.024866901933923775,0.4966666666666668,0.49339833333333327,0.5069333333333332,0.578,0.052704627669472995,0.5733333333333333,0.5635316666666667,0.592735
E4_MIXED,C1,250,50,3.543041166376546,0.7465617405685969,3.514358787608601,3.3425127621930453,3.741640643120173,0.5038666666666667,0.02065283715472726,0.5053333333333334,0.49805333333333335,0.5096006666666667,0.5785066666666666,0.04512287281184178,0.5713333333333332,0.566132,0.591308
E4_MIXED,C1,500,50,7.158611955593962,1.4712485073487316,7.073855391054999,6.768372552466289,7.554356961784962,0.5037866666666667,0.01540353053148738,0.5030000000000002,0.4998000000000001,0.5080270000000001,0.5779333333333334,0.04392329946426684,0.5736666666666667,0.566333,0.5906143333333334
E4_MIXED,C2,25,50,0.345729238132947,0.09560916496773483,0.34335096268401183,0.32048153217717995,0.37144077181638857,0.4914666666666666,0.051955676208181825,0.4933333333333333,0.4775933333333333,0.5053333333333333,0.5786666666666667,0.0674511665128601,0.5733333333333334,0.5597266666666666,0.5981333333333333
E4_MIXED,C2,50,50,0.7069147573893857,0.16129814043848656,0.7108437320258518,0.6643101883196847,0.7509591637717705,0.49026666666666663,0.03196398199731564,0.49333333333333335,0.48186666666666667,0.4992,0.578,0.05848037832064766,0.5733333333333334,0.56173,0.5945333333333332
E4_MIXED,C2,100,50,1.4091772660353346,0.3208574396521297,1.3744000806627223,1.3214930016806627,1.4923116025705276,0.5002,0.025084076310554884,0.4966666666666668,0.49359833333333325,0.5072666666666666,0.5778666666666666,0.05367560241659688,0.57,0.5630666666666666,0.5931366666666668
E4_MIXED,C2,250,50,3.541996765882422,0.7427914907142293,3.4992307124876403,3.3427633851020686,3.740850242055889,0.504,0.02062251153131962,0.5053333333333334,0.49813333333333343,0.5097606666666666,0.5784533333333333,0.045361623825649955,0.5713333333333334,0.5661026666666666,0.59115
E4_MIXED,C2,500,50,7.156670359416283,1.4669896837082361,7.083496234376818,6.768058553912877,7.547258789236574,0.5038666666666667,0.0153826477025294,0.5030000000000002,0.4999193333333334,0.5080933333333334,0.5779866666666666,0.04395286900621564,0.5743333333333334,0.5662529999999999,0.5906266666666666
E4_MIXED,C3,25,50,0.34061162718479976,0.09609899831872419,0.3283616584232756,0.3151523932231186,0.36685963626477575,0.4922666666666666,0.05159338669849466,0.4933333333333333,0.47813333333333335,0.5064,0.5805333333333333,0.06670529493137771,0.5666666666666667,0.5616000000000001,0.5981333333333333
E4_MIXED,C3,50,50,0.6948633703616675,0.1652334824048998,0.6833738307755386,0.651272646682174,0.7415102524375515,0.49066666666666664,0.032014735836136426,0.49333333333333335,0.48226333333333327,0.4997333333333333,0.5833333333333334,0.059020731205383585,0.5766666666666667,0.5669333333333333,0.5992
E4_MIXED,C3,100,50,1.3808810224487686,0.31816526542207485,1.3706408245855695,1.2979206317085918,1.4689202226851865,0.5004666666666666,0.02521571334597704,0.4983333333333334,0.4938666666666667,0.5076,0.5849333333333333,0.054043905893008296,0.5783333333333334,0.569865,0.5991333333333333
E4_MIXED,C3,250,50,3.4217634256530602,0.6942890616194477,3.303474193985246,3.2347082912550498,3.620176234557937,0.5043466666666667,0.020065760370068846,0.5053333333333334,0.49855933333333335,0.5097866666666666,0.5893333333333334,0.04336837933945206,0.588,0.5777826666666666,0.601148
E4_MIXED,C3,500,50,6.841188015775754,1.3248772902679247,6.753187929816406,6.482626902885355,7.217146525835474,0.5045733333333334,0.014587299169213998,0.5033333333333334,0.5007726666666666,0.508561,0.5914666666666667,0.04075789922464538,0.591,0.5806633333333333,0.6024933333333333
E4_MIXED,C4,25,50,0.3388675022395149,0.10004089881187667,0.3334425835842948,0.3123544173466823,0.3656584250328739,0.4925333333333333,0.05226202950413574,0.4933333333333333,0.47840000000000005,0.5066666666666666,0.5914666666666667,0.07861661038591926,0.5733333333333334,0.5698599999999999,0.6130666666666666
E4_MIXED,C4,50,50,0.6826283797933022,0.17515872887316847,0.670984413107961,0.6355448895632559,0.7289318262335831,0.49,0.032694559797660734,0.4933333333333333,0.48133333333333334,0.49920000000000003,0.5930666666666666,0.0662156170137222,0.58,0.5750633333333333,0.6112000000000001
E4_MIXED,C4,100,50,1.3668384896653334,0.3525433432406033,1.370113333527542,1.2709323507266395,1.4608529015164593,0.5000666666666667,0.02504861486342035,0.4966666666666668,0.49366666666666664,0.5069999999999999,0.5906666666666667,0.05995084910482938,0.5833333333333334,0.5751316666666665,0.6069383333333332
E4_MIXED,C4,250,50,3.4218582056335523,0.8001455310381531,3.312913565755264,3.211558451574576,3.6407318911420927,0.5042666666666668,0.02034085954165715,0.5066666666666666,0.49842600000000004,0.5098666666666667,0.5917866666666667,0.048759196353354135,0.5893333333333333,0.5789333333333334,0.6048046666666667
E4_MIXED,C4,500,50,6.806228324773349,1.4785984831253773,6.736610648734127,6.403608934889033,7.207978665904292,0.5044000000000001,0.015128174972696888,0.5043333333333334,0.5003723333333333,0.5086133333333334,0.5948133333333333,0.042165700561651705,0.5936666666666667,0.5836266666666667,0.6063870000000001
