attempt_number,attempt_id,learner_pseudonym,skill,dialogue_net_delta,assessment_net_delta,total_delta,positive_dialogue_turns,zero_dialogue_turns,negative_dialogue_turns
1,5413cab2-22c8-4536-a66b-66619d887e84:1,psn_f78c0817d43053e5bd31da20,Equation Solving Two or Fewer Steps,0.1637087275976874,0.1686744067117349,0.3323831343094223,8,0,7
2,8a72eaca-f99f-4226-92d4-f73cc0492a2e:1,psn_f78c0817d43053e5bd31da20,Equation Solving Two or Fewer Steps,-0.0081733783900893,0.0305950098082188,0.0224216314181294,4,0,4
3,ecaa67e8-e212-4866-877f-9e2dd4cced40:1,psn_f78c0817d43053e5bd31da20,Complementary and Supplementary Angles,-0.0972859046801827,0.2517724918424954,0.1544865871623126,3,0,6
4,f3133173-8f14-44d9-b485-97a42dc45030:1,psn_f78c0817d43053e5bd31da20,Conversion of Fraction Decimals Percents,0.1070489128281656,0.2206486482754788,0.3276975611036444,7,0,3
5,a6d964ef-ca38-47e1-a1f5-6009be1aa0b5:1,psn_f78c0817d43053e5bd31da20,Multiplication Whole Numbers,0.0111565147648631,0.3233683416154241,0.3345248563802873,2,0,5
6,dffa3aac-68c5-4b98-b5cc-3bddd6e5f956:1,psn_f78c0817d43053e5bd31da20,Simplifying Expressions positive exponents,0.9849038945832654,0.0040545697423181,0.9889584643255837,6,0,2
7,b9a3b98d-ab91-4e24-b3f7-39a0623831b9:1,psn_9a081eb5df240169b9f3c83b,Polynomial Factors,0.54546077456224,0.2248302113512036,0.7702909859134436,5,0,0
8,0adabdf3-b861-4b0f-b802-451cc208dd0b:1,psn_9a081eb5df240169b9f3c83b,Pythagorean Theorem,0.0951569772368453,0.1292875061466056,0.224444483383451,3,0,0
9,978c3e3b-ab82-4c73-9791-5dc47de68792:1,psn_9a081eb5df240169b9f3c83b,Perimeter of a Polygon,0.0582898969700197,-0.0490553041163657,0.009234592853654,2,0,0
10,bf4054b0-35ba-46ac-8cef-3d83a59f61c0:1,psn_b94f4a505b4ee07be23867fc,Multiplication and Division Integers,0.1739555459193795,0.0351462179491569,0.2091017638685365,9,0,0
11,9bba79bb-b00a-40ca-a121-24da1db2e319:1,psn_b94f4a505b4ee07be23867fc,Interior Angles Triangle,0.1287919436531321,0.0565869132923331,0.1853788569454653,4,0,1
12,eef1d04e-fe55-4457-9edf-f1c05786fd69:1,psn_b94f4a505b4ee07be23867fc,Multiplication and Division Positive Decimals,-0.0358264239647476,0.1772568835547905,0.1414304595900428,4,0,2
