check,count
action_mastery_mismatches,0
assessment_chain_mismatches,0
assessment_separation_mismatches,0
censored_action_mastery_continuity_mismatches,0
conflicting_action_id_groups,0
conflicting_assessment_id_groups,0
conflicting_resolver_id_groups,0
conflicting_summary_id_groups,0
delta_equation_mismatches,0
duplicate_action_id_extra_records,0
duplicate_action_id_groups,0
duplicate_assessment_id_extra_records,0
duplicate_assessment_id_groups,0
duplicate_resolver_id_extra_records,0
duplicate_resolver_id_groups,0
duplicate_summary_id_extra_records,0
duplicate_summary_id_groups,0
exact_duplicate_assessment_records,0
exact_duplicate_summary_records,0
exact_duplicate_turn_records,0
history_text_temporal_mismatches,0
index_contiguous_mismatches,0
index_monotonic_mismatches,0
index_starts_at_1_mismatches,0
mastery_continuity_mismatches,0
pending_actions,0
pending_processing_failures,0
resolver_action_identity_mismatches,0
timestamp_order_mismatches,0
