transition,from_move,to_move,count
raw_to_effective,generic,generic,21
raw_to_effective,generic,probing,0
raw_to_effective,generic,focus,0
raw_to_effective,generic,telling,0
raw_to_effective,probing,generic,0
raw_to_effective,probing,probing,30
raw_to_effective,probing,focus,0
raw_to_effective,probing,telling,0
raw_to_effective,focus,generic,0
raw_to_effective,focus,probing,0
raw_to_effective,focus,focus,36
raw_to_effective,focus,telling,0
raw_to_effective,telling,generic,0
raw_to_effective,telling,probing,0
raw_to_effective,telling,focus,0
raw_to_effective,telling,telling,0
effective_to_final,generic,generic,21
effective_to_final,generic,probing,0
effective_to_final,generic,focus,0
effective_to_final,generic,telling,0
effective_to_final,probing,generic,0
effective_to_final,probing,probing,30
effective_to_final,probing,focus,0
effective_to_final,probing,telling,0
effective_to_final,focus,generic,1
effective_to_final,focus,probing,0
effective_to_final,focus,focus,35
effective_to_final,focus,telling,0
effective_to_final,telling,generic,0
effective_to_final,telling,probing,0
effective_to_final,telling,focus,0
effective_to_final,telling,telling,0
raw_to_final,generic,generic,21
raw_to_final,generic,probing,0
raw_to_final,generic,focus,0
raw_to_final,generic,telling,0
raw_to_final,probing,generic,0
raw_to_final,probing,probing,30
raw_to_final,probing,focus,0
raw_to_final,probing,telling,0
raw_to_final,focus,generic,1
raw_to_final,focus,probing,0
raw_to_final,focus,focus,35
raw_to_final,focus,telling,0
raw_to_final,telling,generic,0
raw_to_final,telling,probing,0
raw_to_final,telling,focus,0
raw_to_final,telling,telling,0
