skill,attempt_count,turn_count,start_mastery_min,start_mastery_median,start_mastery_max,turn_mastery_before_min,turn_mastery_before_median,turn_mastery_before_mean,turn_mastery_before_max,raw_G_P_F_T,final_G_P_F_T,correct,partial,incorrect,unknown,positive,zero,negative,dialogue_net_mastery_change,assessment_net_mastery_change,fraction_turns_mastery_ge_0_97,descriptive_flags
Complementary and Supplementary Angles,1,9,0.8436223211978062,0.8436223211978062,0.8436223211978062,0.5692359545121922,0.7397806131002348,0.7386195198340519,0.8687956092214196,1/6/2/0,2/6/1/0,2,1,1,5,3,0,6,-0.09728590468018272,0.2517724918424954,0.0,low_turn_count_<10;near_complete_saturation
Conversion of Fraction Decimals Percents,1,10,0.6167572017388457,0.6167572017388457,0.6167572017388457,0.43600535042824967,0.6224085675674744,0.6194179462685914,0.7612193594833365,1/4/5/0,1/4/5/0,6,1,2,1,7,0,3,0.10704891282816564,0.2206486482754788,0.0,none
Equation Solving Two or Fewer Steps,2,23,0.6416626571109912,0.8078542242657024,0.9740457914204136,0.4322559372346978,0.7442457504674579,0.7630957157576156,0.9810703957800627,9/3/11/0,9/3/11/0,12,0,3,8,12,0,11,0.15553534920759804,0.19926941651995378,0.21739130434782608,very_high_starting_mastery_present
Interior Angles Triangle,1,5,0.8135524878930875,0.8135524878930875,0.8135524878930875,0.8135524878930875,0.9047754447207498,0.8959066702241145,0.954227875331824,3/1/1/0,3/1/1/0,4,0,1,0,4,0,1,0.12879194365313218,0.05658691329233312,0.0,low_turn_count_<10;near_complete_saturation
Multiplication Whole Numbers,1,7,0.6606278883543171,0.6606278883543171,0.6606278883543171,0.32068980617750237,0.5011149420546538,0.5052623483560083,0.6606278883543171,1/6/0/0,1/6/0/0,2,0,3,2,2,0,5,0.011156514764863124,0.32336834161542416,0.0,low_turn_count_<10;near_complete_saturation
Multiplication and Division Integers,1,9,0.7807387535603924,0.7807387535603924,0.7807387535603924,0.7807387535603924,0.8733328550804801,0.8701297425444502,0.9441900586156229,1/1/7/0,1/1/7/0,7,2,0,0,9,0,0,0.17395554591937956,0.035146217949156955,0.0,low_turn_count_<10
Multiplication and Division Positive Decimals,1,6,0.85,0.85,0.85,0.6395740076531744,0.7923661951991496,0.7884712501350597,0.9058160603769665,1/3/2/0,1/3/2/0,3,1,1,1,4,0,2,-0.03582642396474767,0.17725688355479052,0.0,low_turn_count_<10;near_complete_saturation
Perimeter of a Polygon,1,2,0.9009116153875528,0.9009116153875528,0.9009116153875528,0.9009116153875528,0.9176649236445555,0.9176649236445555,0.9344182319015581,1/1/0/0,1/1/0/0,2,0,0,0,2,0,0,0.05828989697001974,-0.04905530411636572,0.0,very_high_starting_mastery_present;low_turn_count_<10
Polynomial Factors,1,5,0.20917734369717744,0.20917734369717744,0.20917734369717744,0.20917734369717744,0.44327882146783515,0.4414682279842328,0.6748288389861605,1/3/1/0,1/3/1/0,5,0,0,0,5,0,0,0.54546077456224,0.22483021135120362,0.0,low_turn_count_<10
Pythagorean Theorem,1,3,0.7322287873726493,0.7322287873726493,0.7322287873726493,0.7322287873726493,0.7482284975314546,0.7568144472729905,0.7899860569148676,1/1/1/0,1/1/1/0,2,1,0,0,3,0,0,0.09515697723684535,0.12928750614660567,0.0,low_turn_count_<10
Simplifying Expressions positive exponents,1,8,0.011041522580481314,0.011041522580481314,0.011041522580481314,0.011041522580481314,0.9367205243811556,0.7620939283757511,0.9894141164608343,1/1/6/0,1/1/6/0,5,0,2,1,6,0,2,0.9849038945832654,0.004054569742318104,0.375,low_turn_count_<10;near_complete_saturation
