mastery_band,correctness,turns,learners,moves_observed,dominant_move_share,generic,probing,focus,telling
"[.25,.50)",correct,5,2,2,0.6,0,3,2,0
"[.25,.50)",incorrect,2,1,1,1.0,0,2,0,0
"[.25,.50)",unknown,1,1,1,1.0,0,0,1,0
"[.50,.75)",correct,19,3,3,0.631578947368421,3,4,12,0
"[.50,.75)",incorrect,5,1,2,0.6,0,3,2,0
"[.50,.75)",partial,3,2,2,0.6666666666666666,1,2,0,0
"[.50,.75)",unknown,9,2,3,0.5555555555555556,2,5,2,0
"[.75,.90)",correct,10,3,3,0.5,1,4,5,0
"[.75,.90)",incorrect,2,1,1,1.0,0,2,0,0
"[.75,.90)",partial,3,1,2,0.6666666666666666,2,0,1,0
"[.75,.90)",unknown,4,1,2,0.75,3,1,0,0
"[.90,.97)",correct,11,3,3,0.5454545454545454,3,2,6,0
"[.90,.97)",incorrect,2,1,2,0.5,1,1,0,0
"[.90,.97)",unknown,1,1,1,1.0,1,0,0,0
"[.97,1]",correct,3,1,2,0.6666666666666666,1,0,2,0
"[.97,1]",incorrect,2,1,2,0.5,0,1,1,0
"[.97,1]",unknown,3,1,2,0.6666666666666666,2,0,1,0
"[0,.25)",correct,2,2,1,1.0,2,0,0,0
