collection_sequence,attempt_id,completed_attempt,analysis_cohort,learner_pseudonym,skill,action_turn_index,action_event_id,resolver_event_id,status,failure_reason,selector_mode,data_mode,attempt_started_at,timestamp,latest_student_text,student_text,mastery_before,mastery_after,delta_mastery,delta_sign,headroom,update_confidence,correctness,raw_move,effective_move,final_move,base_move,agency_triggered,eligible_arms,eligible_arm_count,selected_arm,lints_overridden,raw_probabilities,effective_probabilities,effective_top1_top2_gap,MI,ML,PG,A
1,8a72eaca-f99f-4226-92d4-f73cc0492a2e:1,True,True,psn_f78c0817d43053e5bd31da20,Equation Solving Two or Fewer Steps,1,8a72eaca-f99f-4226-92d4-f73cc0492a2e:1:action:1,8a72eaca-f99f-4226-92d4-f73cc0492a2e:1:action:1:resolver:equation_solving_two_or_fewer_steps,observed_update,,ordinary-md7r1-v1,real,2026-08-28T02:20:06.567784Z,2026-08-28T02:20:16.377710Z,,"I would let the width be \(x\) meters. Then the length would be \(x+6\) meters. Since the area is 72 m², I would use the formula length × width = area to make an equation.",0.9740457914204136,0.9810703957800627,0.007024604359649134,positive,0.025954208579586413,0.4751517452669197,correct,generic,generic,generic,generic,False,"[""baseline""]",1,baseline,False,"{""focus"":0.03329548239707947,""generic"":0.8857775330543518,""probing"":0.06906438618898392,""telling"":0.011862590909004211}","{""focus"":0.03329548239707947,""generic"":0.8857775330543518,""probing"":0.06906438618898392,""telling"":0.011862590909004211}",0.8167131468653679,0.292968213558197,0.11792639642953873,0.14149785041809082,0.15913042426109314
1,8a72eaca-f99f-4226-92d4-f73cc0492a2e:1,True,True,psn_f78c0817d43053e5bd31da20,Equation Solving Two or Fewer Steps,2,8a72eaca-f99f-4226-92d4-f73cc0492a2e:1:action:2,8a72eaca-f99f-4226-92d4-f73cc0492a2e:1:action:2:resolver:equation_solving_two_or_fewer_steps,observed_update,,ordinary-md7r1-v1,real,2026-08-28T02:20:06.567784Z,2026-08-28T02:20:56.905271Z,"I would let the width be \(x\) meters. Then the length would be \(x+6\) meters. Since the area is 72 m², I would use the formula length × width = area to make an equation.",i dont know,0.9810703957800627,0.9635948840053297,-0.017475511774733055,negative,0.01892960421993728,0.5391931020945282,incorrect,probing,probing,probing,probing,False,"[""baseline""]",1,baseline,False,"{""focus"":0.00782814435660839,""generic"":0.000912671210244298,""probing"":0.9881311655044556,""telling"":0.0031279760878533125}","{""focus"":0.00782814435660839,""generic"":0.000912671210244298,""probing"":0.9881311655044556,""telling"":0.0031279760878533125}",0.9803030211478472,0.7541649341583252,0.7155436873435974,0.7943397760391235,0.8967692255973816
1,8a72eaca-f99f-4226-92d4-f73cc0492a2e:1,True,True,psn_f78c0817d43053e5bd31da20,Equation Solving Two or Fewer Steps,3,8a72eaca-f99f-4226-92d4-f73cc0492a2e:1:action:3,8a72eaca-f99f-4226-92d4-f73cc0492a2e:1:action:3:resolver:equation_solving_two_or_fewer_steps,observed_update,,ordinary-md7r1-v1,real,2026-08-28T02:20:06.567784Z,2026-08-28T02:21:30.976358Z,i dont know,"The equation would be:

$$
x(x+6)=72
$$

because the width is \(x\) and the length is \(x+6\).",0.9635948840053297,0.9740917300714328,0.010496846066103127,positive,0.036405115994670334,0.5090028430904654,correct,probing,probing,probing,probing,False,"[""baseline""]",1,baseline,False,"{""focus"":0.3822573721408844,""generic"":0.07284533232450485,""probing"":0.540044903755188,""telling"":0.004852418787777424}","{""focus"":0.3822573721408844,""generic"":0.07284533232450485,""probing"":0.540044903755188,""telling"":0.004852418787777424}",0.1577875316143036,0.913579523563385,0.8136293888092041,0.8545361757278442,0.937285304069519
1,8a72eaca-f99f-4226-92d4-f73cc0492a2e:1,True,True,psn_f78c0817d43053e5bd31da20,Equation Solving Two or Fewer Steps,4,8a72eaca-f99f-4226-92d4-f73cc0492a2e:1:action:4,8a72eaca-f99f-4226-92d4-f73cc0492a2e:1:action:4:resolver:equation_solving_two_or_fewer_steps,observed_update,,ordinary-md7r1-v1,real,2026-08-28T02:20:06.567784Z,2026-08-28T02:22:08.712863Z,"The equation would be:

$$
x(x+6)=72
$$

because the width is \(x\) and the length is \(x+6\).","I would expand the left side first:

$$
x(x+6)=x^2+6x
$$

So the equation becomes:

$$
x^2+6x=72
$$

Then move 72 to the left side:

$$
x^2+6x-72=0
$$

Now I can factor the quadratic to solve for \(x\).",0.9740917300714328,0.9801093693571412,0.0060176392857084204,positive,0.025908269928567207,0.40701700946994224,correct,focus,focus,focus,focus,False,"[""baseline""]",1,baseline,False,"{""focus"":0.4904818534851074,""generic"":0.11093670129776001,""probing"":0.3894422650337219,""telling"":0.009139249101281166}","{""focus"":0.4904818534851074,""generic"":0.11093670129776001,""probing"":0.3894422650337219,""telling"":0.009139249101281166}",0.1010395884513855,0.5236451029777527,0.4390087127685547,0.6341026425361633,0.7859135270118713
1,8a72eaca-f99f-4226-92d4-f73cc0492a2e:1,True,True,psn_f78c0817d43053e5bd31da20,Equation Solving Two or Fewer Steps,5,8a72eaca-f99f-4226-92d4-f73cc0492a2e:1:action:5,8a72eaca-f99f-4226-92d4-f73cc0492a2e:1:action:5:resolver:equation_solving_two_or_fewer_steps,observed_update,,ordinary-md7r1-v1,real,2026-08-28T02:20:06.567784Z,2026-08-28T02:22:57.965394Z,"I would expand the left side first:

$$
x(x+6)=x^2+6x
$$

So the equation becomes:

$$
x^2+6x=72
$$

Then move 72 to the left side:

$$
x^2+6x-72=0
$$

Now I can factor the quadratic to solve for \(x\).",what?,0.9801093693571412,0.9719645549662673,-0.008144814390873889,negative,0.019890630642858786,0.23778448654714612,unknown,generic,generic,generic,generic,False,"[""baseline""]",1,baseline,False,"{""focus"":0.09445074200630188,""generic"":0.8358859419822693,""probing"":0.04025319591164589,""telling"":0.029410069808363914}","{""focus"":0.09445074200630188,""generic"":0.8358859419822693,""probing"":0.04025319591164589,""telling"":0.029410069808363914}",0.7414351999759674,0.6372808218002319,0.5611296892166138,0.7060199975967407,0.9392810463905334
1,8a72eaca-f99f-4226-92d4-f73cc0492a2e:1,True,True,psn_f78c0817d43053e5bd31da20,Equation Solving Two or Fewer Steps,6,8a72eaca-f99f-4226-92d4-f73cc0492a2e:1:action:6,8a72eaca-f99f-4226-92d4-f73cc0492a2e:1:action:6:resolver:equation_solving_two_or_fewer_steps,observed_update,,ordinary-md7r1-v1,real,2026-08-28T02:20:06.567784Z,2026-08-28T02:23:32.146710Z,what?,no idea,0.9719645549662673,0.9634100333603263,-0.008554521605941057,negative,0.028035445033732675,0.1810675901576564,unknown,generic,generic,generic,generic,False,"[""baseline""]",1,baseline,False,"{""focus"":0.1561814397573471,""generic"":0.7558174729347229,""probing"":0.05364781990647316,""telling"":0.034353308379650116}","{""focus"":0.1561814397573471,""generic"":0.7558174729347229,""probing"":0.05364781990647316,""telling"":0.034353308379650116}",0.5996360331773758,0.5714549422264099,0.45171764492988586,0.6242627501487732,0.8899235129356384
1,8a72eaca-f99f-4226-92d4-f73cc0492a2e:1,True,True,psn_f78c0817d43053e5bd31da20,Equation Solving Two or Fewer Steps,7,8a72eaca-f99f-4226-92d4-f73cc0492a2e:1:action:7,8a72eaca-f99f-4226-92d4-f73cc0492a2e:1:action:7:resolver:equation_solving_two_or_fewer_steps,observed_update,,ordinary-md7r1-v1,real,2026-08-28T02:20:06.567784Z,2026-08-28T02:24:10.791133Z,no idea,no,0.9634100333603263,0.9529175958794742,-0.010492437480852046,negative,0.03658996663967373,0.17431108547592286,unknown,generic,generic,generic,generic,False,"[""baseline""]",1,baseline,False,"{""focus"":0.19871915876865387,""generic"":0.6910082101821899,""probing"":0.06680429726839066,""telling"":0.043468303978443146}","{""focus"":0.19871915876865387,""generic"":0.6910082101821899,""probing"":0.06680429726839066,""telling"":0.043468303978443146}",0.49228905141353607,0.7627913355827332,0.6577581763267517,0.7246901392936707,0.9106043577194214
1,8a72eaca-f99f-4226-92d4-f73cc0492a2e:1,True,True,psn_f78c0817d43053e5bd31da20,Equation Solving Two or Fewer Steps,8,8a72eaca-f99f-4226-92d4-f73cc0492a2e:1:action:8,8a72eaca-f99f-4226-92d4-f73cc0492a2e:1:action:8:resolver:equation_solving_two_or_fewer_steps,observed_update,,ordinary-md7r1-v1,real,2026-08-28T02:20:06.567784Z,2026-08-28T02:24:39.539378Z,no,"Factoring lets me rewrite

$$
x^2+6x-72=0
$$

as

$$
(x+12)(x-6)=0
$$

Then I set each factor equal to zero:

$$
x+12=0 \Rightarrow x=-12
$$

$$
x-6=0 \Rightarrow x=6
$$

Since the width cannot be negative, \(x=6\).

So the **width is 6 m** and the **length is 12 m**.",0.9529175958794742,0.9658724130303242,0.012954817150850007,positive,0.04708240412052578,0.4878043014401551,correct,generic,generic,generic,generic,False,"[""baseline""]",1,baseline,False,"{""focus"":0.20237959921360016,""generic"":0.6798092126846313,""probing"":0.06872136145830154,""telling"":0.04908972606062889}","{""focus"":0.20237959921360016,""generic"":0.6798092126846313,""probing"":0.06872136145830154,""telling"":0.04908972606062889}",0.4774296134710312,0.45941057801246643,0.3949466049671173,0.5795965790748596,0.9003854393959045
2,ecaa67e8-e212-4866-877f-9e2dd4cced40:1,True,True,psn_f78c0817d43053e5bd31da20,Complementary and Supplementary Angles,1,ecaa67e8-e212-4866-877f-9e2dd4cced40:1:action:1,ecaa67e8-e212-4866-877f-9e2dd4cced40:1:action:1:resolver:complementary_and_supplementary_angles,observed_update,,ordinary-md7r1-v1,real,2026-08-28T03:57:58.362166Z,2026-08-28T03:58:12.807528Z,,i have no idea,0.8436223211978062,0.7957219984076646,-0.04790032279014167,negative,0.15637767880219378,0.1626435608842011,unknown,generic,generic,generic,generic,False,"[""baseline""]",1,baseline,False,"{""focus"":0.008107420057058334,""generic"":0.9758462905883789,""probing"":0.012219006195664406,""telling"":0.00382723705843091}","{""focus"":0.008107420057058334,""generic"":0.9758462905883789,""probing"":0.012219006195664406,""telling"":0.00382723705843091}",0.9636272843927145,0.292968213558197,0.11792639642953873,0.14149785041809082,0.15913042426109314
2,ecaa67e8-e212-4866-877f-9e2dd4cced40:1,True,True,psn_f78c0817d43053e5bd31da20,Complementary and Supplementary Angles,2,ecaa67e8-e212-4866-877f-9e2dd4cced40:1:action:2,ecaa67e8-e212-4866-877f-9e2dd4cced40:1:action:2:resolver:complementary_and_supplementary_angles,observed_update,,ordinary-md7r1-v1,real,2026-08-28T03:57:58.362166Z,2026-08-28T03:59:47.142006Z,i have no idea,no,0.7957219984076646,0.7397806131002348,-0.05594138530742976,negative,0.20427800159233545,0.17431108547592286,unknown,probing,probing,probing,probing,False,"[""baseline""]",1,baseline,False,"{""focus"":0.0004232893406879157,""generic"":0.00041840533958747983,""probing"":0.9983406066894531,""telling"":0.0008176291012205184}","{""focus"":0.0004232893406879157,""generic"":0.00041840533958747983,""probing"":0.9983406066894531,""telling"":0.0008176291012205184}",0.9975229775882326,0.9019916653633118,0.8176615238189697,0.7768495082855225,0.9072304964065552
2,ecaa67e8-e212-4866-877f-9e2dd4cced40:1,True,True,psn_f78c0817d43053e5bd31da20,Complementary and Supplementary Angles,3,ecaa67e8-e212-4866-877f-9e2dd4cced40:1:action:3,ecaa67e8-e212-4866-877f-9e2dd4cced40:1:action:3:resolver:complementary_and_supplementary_angles,observed_update,,ordinary-md7r1-v1,real,2026-08-28T03:57:58.362166Z,2026-08-28T04:00:12.425160Z,no,"I know angles are measured in degrees, and I think a straight line is \(180^\circ\), but I’m not sure how that relates to supplementary angles.",0.7397806131002348,0.7797677744906185,0.03998716139038372,positive,0.2602193868997652,0.1670778072888676,partial,probing,probing,probing,probing,False,"[""baseline""]",1,baseline,False,"{""focus"":0.012019211426377296,""generic"":0.0006578894099220634,""probing"":0.9858620166778564,""telling"":0.001460963161662221}","{""focus"":0.012019211426377296,""generic"":0.0006578894099220634,""probing"":0.9858620166778564,""telling"":0.001460963161662221}",0.9738428052514791,0.914867103099823,0.9062992334365845,0.7235640287399292,0.9278185963630676
2,ecaa67e8-e212-4866-877f-9e2dd4cced40:1,True,True,psn_f78c0817d43053e5bd31da20,Complementary and Supplementary Angles,4,ecaa67e8-e212-4866-877f-9e2dd4cced40:1:action:4,ecaa67e8-e212-4866-877f-9e2dd4cced40:1:action:4:resolver:complementary_and_supplementary_angles,observed_update,,ordinary-md7r1-v1,real,2026-08-28T03:57:58.362166Z,2026-08-28T04:01:03.501135Z,"I know angles are measured in degrees, and I think a straight line is \(180^\circ\), but I’m not sure how that relates to supplementary angles.","Maybe the two angles add up to \(180^\circ\), like they could form a straight line together.",0.7797677744906185,0.8687956092214196,0.08902783473080111,positive,0.22023222550938149,0.4493507691699049,correct,probing,probing,probing,probing,False,"[""baseline""]",1,baseline,False,"{""focus"":0.21721060574054718,""generic"":0.004993179813027382,""probing"":0.7645738124847412,""telling"":0.013222409412264824}","{""focus"":0.21721060574054718,""generic"":0.004993179813027382,""probing"":0.7645738124847412,""telling"":0.013222409412264824}",0.547363206744194,0.9735565781593323,0.9276031851768494,0.8916522860527039,0.873383104801178
2,ecaa67e8-e212-4866-877f-9e2dd4cced40:1,True,True,psn_f78c0817d43053e5bd31da20,Complementary and Supplementary Angles,5,ecaa67e8-e212-4866-877f-9e2dd4cced40:1:action:5,ecaa67e8-e212-4866-877f-9e2dd4cced40:1:action:5:resolver:complementary_and_supplementary_angles,observed_update,,ordinary-md7r1-v1,real,2026-08-28T03:57:58.362166Z,2026-08-28T04:03:31.245446Z,"Maybe the two angles add up to \(180^\circ\), like they could form a straight line together.",i dont konw what supplementary angles means,0.8687956092214196,0.7290337256183954,-0.13976188360302422,negative,0.13120439077858037,0.538911242440352,incorrect,probing,probing,probing,probing,False,"[""baseline""]",1,baseline,False,"{""focus"":0.33270782232284546,""generic"":0.011946815066039562,""probing"":0.6231080293655396,""telling"":0.032237306237220764}","{""focus"":0.33270782232284546,""generic"":0.011946815066039562,""probing"":0.6231080293655396,""telling"":0.032237306237220764}",0.2904002070426941,0.8920059204101562,0.8198816180229187,0.8073365688323975,0.880918562412262
2,ecaa67e8-e212-4866-877f-9e2dd4cced40:1,True,True,psn_f78c0817d43053e5bd31da20,Complementary and Supplementary Angles,6,ecaa67e8-e212-4866-877f-9e2dd4cced40:1:action:6,ecaa67e8-e212-4866-877f-9e2dd4cced40:1:action:6:resolver:complementary_and_supplementary_angles,observed_update,,ordinary-md7r1-v1,real,2026-08-28T03:57:58.362166Z,2026-08-28T04:04:41.632317Z,i dont konw what supplementary angles means,"i dont know,just tell me",0.7290337256183954,0.6787497926633157,-0.05028393295507971,negative,0.2709662743816046,0.14992720571950613,unknown,probing,probing,probing,probing,False,"[""baseline""]",1,baseline,False,"{""focus"":0.11824428290128708,""generic"":0.00849946029484272,""probing"":0.8651167750358582,""telling"":0.008139527402818203}","{""focus"":0.11824428290128708,""generic"":0.00849946029484272,""probing"":0.8651167750358582,""telling"":0.008139527402818203}",0.7468724921345711,0.925713837146759,0.8233510255813599,0.880915641784668,0.9479170441627502
2,ecaa67e8-e212-4866-877f-9e2dd4cced40:1,True,True,psn_f78c0817d43053e5bd31da20,Complementary and Supplementary Angles,7,ecaa67e8-e212-4866-877f-9e2dd4cced40:1:action:7,ecaa67e8-e212-4866-877f-9e2dd4cced40:1:action:7:resolver:complementary_and_supplementary_angles,observed_update,,ordinary-md7r1-v1,real,2026-08-28T03:57:58.362166Z,2026-08-28T04:05:25.430121Z,"i dont know,just tell me",i dont undersand,0.6787497926633157,0.6428678892948209,-0.03588190336849484,negative,0.3212502073366843,0.10737421764501959,unknown,probing,probing,probing,probing,False,"[""baseline""]",1,baseline,False,"{""focus"":0.31304383277893066,""generic"":0.04503539949655533,""probing"":0.5769046545028687,""telling"":0.06501615047454834}","{""focus"":0.31304383277893066,""generic"":0.04503539949655533,""probing"":0.5769046545028687,""telling"":0.06501615047454834}",0.263860821723938,0.9502841234207153,0.8170375823974609,0.8725137710571289,0.9471306204795837
2,ecaa67e8-e212-4866-877f-9e2dd4cced40:1,True,True,psn_f78c0817d43053e5bd31da20,Complementary and Supplementary Angles,8,ecaa67e8-e212-4866-877f-9e2dd4cced40:1:action:8,ecaa67e8-e212-4866-877f-9e2dd4cced40:1:action:8:resolver:complementary_and_supplementary_angles,observed_update,,ordinary-md7r1-v1,real,2026-08-28T03:57:58.362166Z,2026-08-28T04:06:06.694151Z,i dont undersand,You've made a great connection that the two angles add up to 180 degrees. How can you use that idea to start setting up the problem?,0.6428678892948209,0.5692359545121922,-0.07363193478262864,negative,0.35713211070517914,0.22918406136122402,unknown,focus,focus,generic,focus,False,"[""baseline"",""generic_bias"",""probing_bias""]",3,generic_bias,True,"{""focus"":0.3232975900173187,""generic"":0.22414202988147736,""probing"":0.31149759888648987,""telling"":0.14106281101703644}","{""focus"":0.3232975900173187,""generic"":0.22414202988147736,""probing"":0.31149759888648987,""telling"":0.14106281101703644}",0.011799991130828857,0.6861550807952881,0.5610435009002686,0.7301834225654602,0.9169864654541016
2,ecaa67e8-e212-4866-877f-9e2dd4cced40:1,True,True,psn_f78c0817d43053e5bd31da20,Complementary and Supplementary Angles,9,ecaa67e8-e212-4866-877f-9e2dd4cced40:1:action:9,ecaa67e8-e212-4866-877f-9e2dd4cced40:1:action:9:resolver:complementary_and_supplementary_angles,observed_update,,ordinary-md7r1-v1,real,2026-08-28T03:57:58.362166Z,2026-08-28T04:07:04.296854Z,You've made a great connection that the two angles add up to 180 degrees. How can you use that idea to start setting up the problem?,"I would let the smaller angle be \(x\). Then the other angle would be \(2x+18\). Since supplementary angles add up to \(180^\circ\), I would write:

$$
x+(2x+18)=180
$$",0.5692359545121922,0.7463364165176235,0.17710046200543128,positive,0.4307640454878078,0.4843244859739328,correct,focus,focus,focus,focus,False,"[""baseline""]",1,baseline,False,"{""focus"":0.37161099910736084,""generic"":0.24687010049819946,""probing"":0.2066589891910553,""telling"":0.17485986649990082}","{""focus"":0.37161099910736084,""generic"":0.24687010049819946,""probing"":0.2066589891910553,""telling"":0.17485986649990082}",0.12474089860916138,0.603291392326355,0.4562276601791382,0.6938708424568176,0.9071526527404785
3,f3133173-8f14-44d9-b485-97a42dc45030:1,True,True,psn_f78c0817d43053e5bd31da20,Conversion of Fraction Decimals Percents,1,f3133173-8f14-44d9-b485-97a42dc45030:1:action:1,f3133173-8f14-44d9-b485-97a42dc45030:1:action:1:resolver:conversion_of_fraction_decimals_percents,observed_update,,ordinary-md7r1-v1,real,2026-08-28T04:10:58.458614Z,2026-08-28T04:11:07.424938Z,,I would start by converting \(\frac{3}{5}\) to a decimal by dividing 3 by 5. Then I can turn that decimal into a percent by multiplying by 100.,0.6167572017388457,0.6820550265660732,0.06529782482722746,positive,0.38324279826115426,0.43504570698348427,correct,generic,generic,generic,generic,False,"[""baseline""]",1,baseline,False,"{""focus"":0.02756226807832718,""generic"":0.9238771796226501,""probing"":0.03804633766412735,""telling"":0.010514083318412304}","{""focus"":0.02756226807832718,""generic"":0.9238771796226501,""probing"":0.03804633766412735,""telling"":0.010514083318412304}",0.8858308419585228,0.292968213558197,0.11792639642953873,0.14149785041809082,0.15913042426109314
3,f3133173-8f14-44d9-b485-97a42dc45030:1,True,True,psn_f78c0817d43053e5bd31da20,Conversion of Fraction Decimals Percents,2,f3133173-8f14-44d9-b485-97a42dc45030:1:action:2,f3133173-8f14-44d9-b485-97a42dc45030:1:action:2:resolver:conversion_of_fraction_decimals_percents,observed_update,,ordinary-md7r1-v1,real,2026-08-28T04:10:58.458614Z,2026-08-28T04:11:47.332949Z,I would start by converting \(\frac{3}{5}\) to a decimal by dividing 3 by 5. Then I can turn that decimal into a percent by multiplying by 100.,I think dividing the numerator by the denominator works because the fraction bar means division. So \(\frac{3}{5}\) means \(3 \div 5\). I’m not totally sure though—I sometimes get confused about whether it should be \(3 \div 5\) or \(5 \div 3\).,0.6820550265660732,0.7056858508701114,0.023630824304038178,positive,0.3179449734339268,0.17832398719811335,partial,probing,probing,probing,probing,False,"[""baseline""]",1,baseline,False,"{""focus"":0.00773409940302372,""generic"":0.0004500218783505261,""probing"":0.9897688627243042,""telling"":0.0020470567978918552}","{""focus"":0.00773409940302372,""generic"":0.0004500218783505261,""probing"":0.9897688627243042,""telling"":0.0020470567978918552}",0.9820347633212805,0.8057446479797363,0.740679144859314,0.8107702732086182,0.9254316687583923
3,f3133173-8f14-44d9-b485-97a42dc45030:1,True,True,psn_f78c0817d43053e5bd31da20,Conversion of Fraction Decimals Percents,3,f3133173-8f14-44d9-b485-97a42dc45030:1:action:3,f3133173-8f14-44d9-b485-97a42dc45030:1:action:3:resolver:conversion_of_fraction_decimals_percents,observed_update,,ordinary-md7r1-v1,real,2026-08-28T04:10:58.458614Z,2026-08-28T04:12:48.232531Z,I think dividing the numerator by the denominator works because the fraction bar means division. So \(\frac{3}{5}\) means \(3 \div 5\). I’m not totally sure though—I sometimes get confused about whether it should be \(3 \div 5\) or \(5 \div 3\).,"The numerator is how many parts you have, and the denominator is how many equal parts the whole is divided into.",0.7056858508701114,0.7612193594833365,0.05553350861322515,positive,0.2943141491298886,0.4453650816088918,correct,probing,probing,probing,probing,False,"[""baseline""]",1,baseline,False,"{""focus"":0.23296822607517242,""generic"":0.07270596921443939,""probing"":0.6897086501121521,""telling"":0.00461722444742918}","{""focus"":0.23296822607517242,""generic"":0.07270596921443939,""probing"":0.6897086501121521,""telling"":0.00461722444742918}",0.4567404240369797,0.9397927522659302,0.8303520679473877,0.8907510042190552,0.9412803649902344
3,f3133173-8f14-44d9-b485-97a42dc45030:1,True,True,psn_f78c0817d43053e5bd31da20,Conversion of Fraction Decimals Percents,4,f3133173-8f14-44d9-b485-97a42dc45030:1:action:4,f3133173-8f14-44d9-b485-97a42dc45030:1:action:4:resolver:conversion_of_fraction_decimals_percents,observed_update,,ordinary-md7r1-v1,real,2026-08-28T04:10:58.458614Z,2026-08-28T04:13:37.502072Z,"The numerator is how many parts you have, and the denominator is how many equal parts the whole is divided into.",idk,0.7612193594833365,0.628059933396103,-0.13315942608723352,negative,0.23878064051666348,0.521474843529004,incorrect,probing,probing,probing,probing,False,"[""baseline""]",1,baseline,False,"{""focus"":0.3493958115577698,""generic"":0.026564814150333405,""probing"":0.6174612641334534,""telling"":0.006578180007636547}","{""focus"":0.3493958115577698,""generic"":0.026564814150333405,""probing"":0.6174612641334534,""telling"":0.006578180007636547}",0.2680654525756836,0.8519092798233032,0.6985316872596741,0.8390342593193054,0.9194359183311462
3,f3133173-8f14-44d9-b485-97a42dc45030:1,True,True,psn_f78c0817d43053e5bd31da20,Conversion of Fraction Decimals Percents,5,f3133173-8f14-44d9-b485-97a42dc45030:1:action:5,f3133173-8f14-44d9-b485-97a42dc45030:1:action:5:resolver:conversion_of_fraction_decimals_percents,observed_update,,ordinary-md7r1-v1,real,2026-08-28T04:10:58.458614Z,2026-08-28T04:14:04.807513Z,idk,i  dnt understand it,0.628059933396103,0.5909147476377821,-0.03714518575832093,negative,0.371940066603897,0.13477095334417763,unknown,probing,probing,probing,probing,False,"[""baseline""]",1,baseline,False,"{""focus"":0.3784485161304474,""generic"":0.04929617419838905,""probing"":0.5627780556678772,""telling"":0.009477210231125355}","{""focus"":0.3784485161304474,""generic"":0.04929617419838905,""probing"":0.5627780556678772,""telling"":0.009477210231125355}",0.1843295395374298,0.9103473424911499,0.8066930770874023,0.8689668774604797,0.9599784016609192
3,f3133173-8f14-44d9-b485-97a42dc45030:1,True,True,psn_f78c0817d43053e5bd31da20,Conversion of Fraction Decimals Percents,6,f3133173-8f14-44d9-b485-97a42dc45030:1:action:6,f3133173-8f14-44d9-b485-97a42dc45030:1:action:6:resolver:conversion_of_fraction_decimals_percents,observed_update,,ordinary-md7r1-v1,real,2026-08-28T04:10:58.458614Z,2026-08-28T04:15:00.259553Z,i  dnt understand it,5,0.5909147476377821,0.43600535042824967,-0.1549093972095324,negative,0.40908525236221793,0.5714748435290039,incorrect,focus,focus,focus,focus,False,"[""baseline"",""probing_bias""]",2,baseline,False,"{""focus"":0.47708284854888916,""generic"":0.0476403571665287,""probing"":0.4582514464855194,""telling"":0.017025267705321312}","{""focus"":0.47708284854888916,""generic"":0.0476403571665287,""probing"":0.4582514464855194,""telling"":0.017025267705321312}",0.01883140206336975,0.9105088710784912,0.7793135643005371,0.837162971496582,0.9552775621414185
3,f3133173-8f14-44d9-b485-97a42dc45030:1,True,True,psn_f78c0817d43053e5bd31da20,Conversion of Fraction Decimals Percents,7,f3133173-8f14-44d9-b485-97a42dc45030:1:action:7,f3133173-8f14-44d9-b485-97a42dc45030:1:action:7:resolver:conversion_of_fraction_decimals_percents,observed_update,,ordinary-md7r1-v1,real,2026-08-28T04:10:58.458614Z,2026-08-28T04:15:35.693943Z,5,3,0.43600535042824967,0.5169751247025791,0.08096977427432944,positive,0.5639946495717503,0.45705031294199217,correct,focus,focus,focus,focus,False,"[""baseline""]",1,baseline,False,"{""focus"":0.5230092406272888,""generic"":0.06258011609315872,""probing"":0.39472776651382446,""telling"":0.019682863727211952}","{""focus"":0.5230092406272888,""generic"":0.06258011609315872,""probing"":0.39472776651382446,""telling"":0.019682863727211952}",0.12828147411346436,0.823746383190155,0.6863682270050049,0.835961639881134,0.928164541721344
3,f3133173-8f14-44d9-b485-97a42dc45030:1,True,True,psn_f78c0817d43053e5bd31da20,Conversion of Fraction Decimals Percents,8,f3133173-8f14-44d9-b485-97a42dc45030:1:action:8,f3133173-8f14-44d9-b485-97a42dc45030:1:action:8:resolver:conversion_of_fraction_decimals_percents,observed_update,,ordinary-md7r1-v1,real,2026-08-28T04:10:58.458614Z,2026-08-28T04:20:08.901799Z,3,The divisor is 5.,0.5169751247025791,0.5926729369053769,0.07569781220279781,positive,0.4830248752974209,0.4463284437834435,correct,focus,focus,focus,focus,False,"[""baseline""]",1,baseline,False,"{""focus"":0.5477204322814941,""generic"":0.08068147301673889,""probing"":0.3427107632160187,""telling"":0.028887318447232246}","{""focus"":0.5477204322814941,""generic"":0.08068147301673889,""probing"":0.3427107632160187,""telling"":0.028887318447232246}",0.20500966906547546,0.742435872554779,0.694471538066864,0.8282272815704346,0.9107781648635864
3,f3133173-8f14-44d9-b485-97a42dc45030:1,True,True,psn_f78c0817d43053e5bd31da20,Conversion of Fraction Decimals Percents,9,f3133173-8f14-44d9-b485-97a42dc45030:1:action:9,f3133173-8f14-44d9-b485-97a42dc45030:1:action:9:resolver:conversion_of_fraction_decimals_percents,observed_update,,ordinary-md7r1-v1,real,2026-08-28T04:10:58.458614Z,2026-08-28T04:21:43.186045Z,The divisor is 5.,\(3 \div 5 = 0.6\),0.5926729369053769,0.6638339309574565,0.07116099405207954,positive,0.4073270630946231,0.45705031294199217,correct,focus,focus,focus,focus,False,"[""baseline""]",1,baseline,False,"{""focus"":0.5571490526199341,""generic"":0.13385921716690063,""probing"":0.2517213225364685,""telling"":0.05727038532495499}","{""focus"":0.5571490526199341,""generic"":0.13385921716690063,""probing"":0.2517213225364685,""telling"":0.05727038532495499}",0.3054277300834656,0.6448327898979187,0.5379288196563721,0.7137106657028198,0.9113368391990662
3,f3133173-8f14-44d9-b485-97a42dc45030:1,True,True,psn_f78c0817d43053e5bd31da20,Conversion of Fraction Decimals Percents,10,f3133173-8f14-44d9-b485-97a42dc45030:1:action:10,f3133173-8f14-44d9-b485-97a42dc45030:1:action:10:resolver:conversion_of_fraction_decimals_percents,observed_update,,ordinary-md7r1-v1,real,2026-08-28T04:10:58.458614Z,2026-08-28T04:22:48.734755Z,\(3 \div 5 = 0.6\),"Next, multiply the decimal by 100:

$$
0.6 \times 100 = 60\%
$$

So \(\frac{3}{5} = 0.6 = 60\%\).

For 200 students:

$$
0.6 \times 200 = 120
$$

So **120 students** prefer digital tools.",0.6638339309574565,0.7238061145670114,0.05997218360955492,positive,0.33616606904254354,0.4361373794590589,correct,focus,focus,focus,focus,False,"[""baseline""]",1,baseline,False,"{""focus"":0.5548697710037231,""generic"":0.24455688893795013,""probing"":0.11900462955236435,""telling"":0.08156875520944595}","{""focus"":0.5548697710037231,""generic"":0.24455688893795013,""probing"":0.11900462955236435,""telling"":0.08156875520944595}",0.310312882065773,0.28851553797721863,0.24409793317317963,0.4072920083999634,0.45672380924224854
4,a6d964ef-ca38-47e1-a1f5-6009be1aa0b5:1,True,True,psn_f78c0817d43053e5bd31da20,Multiplication Whole Numbers,1,a6d964ef-ca38-47e1-a1f5-6009be1aa0b5:1:action:1,a6d964ef-ca38-47e1-a1f5-6009be1aa0b5:1:action:1:resolver:multiplication_whole_numbers,observed_update,,ordinary-md7r1-v1,real,2026-08-28T04:27:57.396329Z,2026-08-28T04:28:04.579512Z,,i have no idea,0.6606278883543171,0.6307684948573113,-0.029859393497005726,negative,0.33937211164568293,0.1626435608842011,unknown,generic,generic,generic,generic,False,"[""baseline""]",1,baseline,False,"{""focus"":0.012512201443314552,""generic"":0.9669169783592224,""probing"":0.01678290404379368,""telling"":0.003788017900660634}","{""focus"":0.012512201443314552,""generic"":0.9669169783592224,""probing"":0.01678290404379368,""telling"":0.003788017900660634}",0.9501340743154287,0.292968213558197,0.11792639642953873,0.14149785041809082,0.15913042426109314
4,a6d964ef-ca38-47e1-a1f5-6009be1aa0b5:1,True,True,psn_f78c0817d43053e5bd31da20,Multiplication Whole Numbers,2,a6d964ef-ca38-47e1-a1f5-6009be1aa0b5:1:action:2,a6d964ef-ca38-47e1-a1f5-6009be1aa0b5:1:action:2:resolver:multiplication_whole_numbers,observed_update,,ordinary-md7r1-v1,real,2026-08-28T04:27:57.396329Z,2026-08-28T04:29:54.833360Z,i have no idea,do i need to devide 125 by 48?,0.6307684948573113,0.524290970362808,-0.10647752449450332,negative,0.36923150514268865,0.5931036414986515,incorrect,probing,probing,probing,probing,False,"[""baseline""]",1,baseline,False,"{""focus"":0.0004044407105538994,""generic"":0.000532723031938076,""probing"":0.9985114932060242,""telling"":0.0005513984942808747}","{""focus"":0.0004044407105538994,""generic"":0.000532723031938076,""probing"":0.9985114932060242,""telling"":0.0005513984942808747}",0.9979600947117433,0.7270988821983337,0.7064874768257141,0.5079065561294556,0.8960784077644348
4,a6d964ef-ca38-47e1-a1f5-6009be1aa0b5:1,True,True,psn_f78c0817d43053e5bd31da20,Multiplication Whole Numbers,3,a6d964ef-ca38-47e1-a1f5-6009be1aa0b5:1:action:3,a6d964ef-ca38-47e1-a1f5-6009be1aa0b5:1:action:3:resolver:multiplication_whole_numbers,observed_update,,ordinary-md7r1-v1,real,2026-08-28T04:27:57.396329Z,2026-08-28T04:30:28.521713Z,do i need to devide 125 by 48?,i just thought like that,0.524290970362808,0.49718592962005076,-0.02710504074275727,negative,0.47570902963719197,0.15549936104240156,unknown,probing,probing,probing,probing,False,"[""baseline""]",1,baseline,False,"{""focus"":0.0006300522363744676,""generic"":0.00022053832071833313,""probing"":0.9983774423599243,""telling"":0.0007718924316577613}","{""focus"":0.0006300522363744676,""generic"":0.00022053832071833313,""probing"":0.9983774423599243,""telling"":0.0007718924316577613}",0.9976055499282666,0.6858773231506348,0.6751560568809509,0.7475799322128296,0.8451258540153503
4,a6d964ef-ca38-47e1-a1f5-6009be1aa0b5:1,True,True,psn_f78c0817d43053e5bd31da20,Multiplication Whole Numbers,4,a6d964ef-ca38-47e1-a1f5-6009be1aa0b5:1:action:4,a6d964ef-ca38-47e1-a1f5-6009be1aa0b5:1:action:4:resolver:multiplication_whole_numbers,observed_update,,ordinary-md7r1-v1,real,2026-08-28T04:27:57.396329Z,2026-08-28T04:31:18.214188Z,i just thought like that,number of all notebooks,0.49718592962005076,0.4021584070654143,-0.09502752255463648,negative,0.5028140703799493,0.5774952767206889,incorrect,probing,probing,probing,probing,False,"[""baseline""]",1,baseline,False,"{""focus"":0.00146438367664814,""generic"":0.00018051176448352635,""probing"":0.9962249994277954,""telling"":0.0021301161032170057}","{""focus"":0.00146438367664814,""generic"":0.00018051176448352635,""probing"":0.9962249994277954,""telling"":0.0021301161032170057}",0.9940948833245784,0.7668980956077576,0.7246974110603333,0.8134175539016724,0.9558760523796082
4,a6d964ef-ca38-47e1-a1f5-6009be1aa0b5:1,True,True,psn_f78c0817d43053e5bd31da20,Multiplication Whole Numbers,5,a6d964ef-ca38-47e1-a1f5-6009be1aa0b5:1:action:5,a6d964ef-ca38-47e1-a1f5-6009be1aa0b5:1:action:5:resolver:multiplication_whole_numbers,observed_update,,ordinary-md7r1-v1,real,2026-08-28T04:27:57.396329Z,2026-08-28T04:32:08.064841Z,number of all notebooks,number of all notebooks in the warehouse,0.4021584070654143,0.32068980617750237,-0.08146860088791191,negative,0.5978415929345857,0.5853739726580277,incorrect,probing,probing,probing,probing,False,"[""baseline""]",1,baseline,False,"{""focus"":0.0057089258916676044,""generic"":0.0003839884011540562,""probing"":0.9844949841499329,""telling"":0.009412105195224285}","{""focus"":0.0057089258916676044,""generic"":0.0003839884011540562,""probing"":0.9844949841499329,""telling"":0.009412105195224285}",0.9750828789547086,0.7713054418563843,0.7765991687774658,0.8244780898094177,0.9432887434959412
4,a6d964ef-ca38-47e1-a1f5-6009be1aa0b5:1,True,True,psn_f78c0817d43053e5bd31da20,Multiplication Whole Numbers,6,a6d964ef-ca38-47e1-a1f5-6009be1aa0b5:1:action:6,a6d964ef-ca38-47e1-a1f5-6009be1aa0b5:1:action:6:resolver:multiplication_whole_numbers,observed_update,,ordinary-md7r1-v1,real,2026-08-28T04:27:57.396329Z,2026-08-28T04:33:08.984358Z,number of all notebooks in the warehouse,"It would tell me how many notebooks there are per box, not the total number of notebooks.",0.32068980617750237,0.5011149420546538,0.18042513587715142,positive,0.6793101938224977,0.4273516557524885,correct,probing,probing,probing,probing,False,"[""baseline""]",1,baseline,False,"{""focus"":0.02269011363387108,""generic"":0.0007721391157247126,""probing"":0.9468827843666077,""telling"":0.029654892161488533}","{""focus"":0.02269011363387108,""generic"":0.0007721391157247126,""probing"":0.9468827843666077,""telling"":0.029654892161488533}",0.9172278922051191,0.6883671879768372,0.7107126712799072,0.7831951379776001,0.9460187554359436
4,a6d964ef-ca38-47e1-a1f5-6009be1aa0b5:1,True,True,psn_f78c0817d43053e5bd31da20,Multiplication Whole Numbers,7,a6d964ef-ca38-47e1-a1f5-6009be1aa0b5:1:action:7,a6d964ef-ca38-47e1-a1f5-6009be1aa0b5:1:action:7:resolver:multiplication_whole_numbers,observed_update,,ordinary-md7r1-v1,real,2026-08-28T04:27:57.396329Z,2026-08-28T04:40:33.090883Z,"It would tell me how many notebooks there are per box, not the total number of notebooks.","I would multiply \(125\) by \(48\):

$$
125 \times 48
$$

because there are 125 notebooks in each of the 48 boxes.",0.5011149420546538,0.6717844031191802,0.1706694610645264,positive,0.4988850579453462,0.47474650686913694,correct,probing,probing,probing,probing,False,"[""baseline""]",1,baseline,False,"{""focus"":0.03760048747062683,""generic"":0.0015034675598144531,""probing"":0.9002165794372559,""telling"":0.06067943572998047}","{""focus"":0.03760048747062683,""generic"":0.0015034675598144531,""probing"":0.9002165794372559,""telling"":0.06067943572998047}",0.8395371437072754,0.9292855858802795,0.897552490234375,0.9214996695518494,0.957869291305542
5,dffa3aac-68c5-4b98-b5cc-3bddd6e5f956:1,True,True,psn_f78c0817d43053e5bd31da20,Simplifying Expressions positive exponents,1,dffa3aac-68c5-4b98-b5cc-3bddd6e5f956:1:action:1,dffa3aac-68c5-4b98-b5cc-3bddd6e5f956:1:action:1:resolver:simplifying_expressions_positive_exponents,observed_update,,ordinary-md7r1-v1,real,2026-08-28T04:45:22.258527Z,2026-08-28T04:45:32.059696Z,,"I would start by multiplying the coefficients, \(3 \times 4\), and then combine \(x^2\) and \(x^3\) using the exponent rule for multiplying powers with the same base.",0.011041522580481314,0.5675722074339307,0.5565306848534494,positive,0.9889584774195187,0.45743795598511616,correct,generic,generic,generic,generic,False,"[""baseline""]",1,baseline,False,"{""focus"":0.004774864763021469,""generic"":0.9850137829780579,""probing"":0.007712976541370153,""telling"":0.0024983107578009367}","{""focus"":0.004774864763021469,""generic"":0.9850137829780579,""probing"":0.007712976541370153,""telling"":0.0024983107578009367}",0.9773008064366877,0.43041983246803284,0.2656322717666626,0.2610955238342285,0.47566354274749756
5,dffa3aac-68c5-4b98-b5cc-3bddd6e5f956:1,True,True,psn_f78c0817d43053e5bd31da20,Simplifying Expressions positive exponents,2,dffa3aac-68c5-4b98-b5cc-3bddd6e5f956:1:action:2,dffa3aac-68c5-4b98-b5cc-3bddd6e5f956:1:action:2:resolver:simplifying_expressions_positive_exponents,observed_update,,ordinary-md7r1-v1,real,2026-08-28T04:45:22.258527Z,2026-08-28T04:46:18.138818Z,"I would start by multiplying the coefficients, \(3 \times 4\), and then combine \(x^2\) and \(x^3\) using the exponent rule for multiplying powers with the same base.","I think when multiplying powers with the same base, you multiply the exponents, so maybe \(x^2 \cdot x^3 = x^6\). I’m not completely sure though—I sometimes mix up when to add and when to multiply the exponents.",0.5675722074339307,0.6954509727672968,0.12787876533336617,positive,0.43242779256606934,0.5484856878050378,incorrect,probing,probing,probing,probing,False,"[""baseline""]",1,baseline,False,"{""focus"":0.006557107903063297,""generic"":0.12145746499300003,""probing"":0.8706105947494507,""telling"":0.0013748456258326769}","{""focus"":0.006557107903063297,""generic"":0.12145746499300003,""probing"":0.8706105947494507,""telling"":0.0013748456258326769}",0.7491531297564507,0.9233865737915039,0.888355553150177,0.8648151159286499,0.93886399269104
5,dffa3aac-68c5-4b98-b5cc-3bddd6e5f956:1,True,True,psn_f78c0817d43053e5bd31da20,Simplifying Expressions positive exponents,3,dffa3aac-68c5-4b98-b5cc-3bddd6e5f956:1:action:3,dffa3aac-68c5-4b98-b5cc-3bddd6e5f956:1:action:3:resolver:simplifying_expressions_positive_exponents,observed_update,,ordinary-md7r1-v1,real,2026-08-28T04:45:22.258527Z,2026-08-28T04:48:26.598832Z,"I think when multiplying powers with the same base, you multiply the exponents, so maybe \(x^2 \cdot x^3 = x^6\). I’m not completely sure though—I sometimes mix up when to add and when to multiply the exponents.",\(x^2\) means \(x \times x\).,0.6954509727672968,0.9057973016504577,0.21034632888316085,positive,0.30454902723270316,0.47667191813744597,correct,focus,focus,focus,focus,False,"[""baseline""]",1,baseline,False,"{""focus"":0.6054680943489075,""generic"":0.06888588517904282,""probing"":0.31721198558807373,""telling"":0.008434091694653034}","{""focus"":0.6054680943489075,""generic"":0.06888588517904282,""probing"":0.31721198558807373,""telling"":0.008434091694653034}",0.28825610876083374,0.9623064398765564,0.8914387226104736,0.8818849921226501,0.9356446266174316
5,dffa3aac-68c5-4b98-b5cc-3bddd6e5f956:1,True,True,psn_f78c0817d43053e5bd31da20,Simplifying Expressions positive exponents,4,dffa3aac-68c5-4b98-b5cc-3bddd6e5f956:1:action:4,dffa3aac-68c5-4b98-b5cc-3bddd6e5f956:1:action:4:resolver:simplifying_expressions_positive_exponents,observed_update,,ordinary-md7r1-v1,real,2026-08-28T04:45:22.258527Z,2026-08-28T04:49:13.506649Z,\(x^2\) means \(x \times x\).,\(x^3\) means \(x \times x \times x\).,0.9057973016504577,0.9717885503809401,0.06599124873048245,positive,0.09420269834954231,0.4855575782833779,correct,focus,focus,focus,focus,False,"[""baseline""]",1,baseline,False,"{""focus"":0.6526207327842712,""generic"":0.03666364401578903,""probing"":0.2934876084327698,""telling"":0.017228035256266594}","{""focus"":0.6526207327842712,""generic"":0.03666364401578903,""probing"":0.2934876084327698,""telling"":0.017228035256266594}",0.35913312435150146,0.9368705153465271,0.8425180912017822,0.8875634074211121,0.9306818246841431
5,dffa3aac-68c5-4b98-b5cc-3bddd6e5f956:1,True,True,psn_f78c0817d43053e5bd31da20,Simplifying Expressions positive exponents,5,dffa3aac-68c5-4b98-b5cc-3bddd6e5f956:1:action:5,dffa3aac-68c5-4b98-b5cc-3bddd6e5f956:1:action:5:resolver:simplifying_expressions_positive_exponents,observed_update,,ordinary-md7r1-v1,real,2026-08-28T04:45:22.258527Z,2026-08-28T04:50:45.701626Z,\(x^3\) means \(x \times x \times x\).,i dont know that,0.9717885503809401,0.9676437471118536,-0.0041448032690865055,negative,0.02821144961905986,0.19015165867093997,unknown,focus,focus,focus,focus,False,"[""baseline""]",1,baseline,False,"{""focus"":0.6316967606544495,""generic"":0.0831349715590477,""probing"":0.2625386714935303,""telling"":0.02262965403497219}","{""focus"":0.6316967606544495,""generic"":0.0831349715590477,""probing"":0.2625386714935303,""telling"":0.02262965403497219}",0.3691580891609192,0.8932249546051025,0.7783849835395813,0.853452205657959,0.9393472671508789
5,dffa3aac-68c5-4b98-b5cc-3bddd6e5f956:1,True,True,psn_f78c0817d43053e5bd31da20,Simplifying Expressions positive exponents,6,dffa3aac-68c5-4b98-b5cc-3bddd6e5f956:1:action:6,dffa3aac-68c5-4b98-b5cc-3bddd6e5f956:1:action:6:resolver:simplifying_expressions_positive_exponents,observed_update,,ordinary-md7r1-v1,real,2026-08-28T04:45:22.258527Z,2026-08-28T04:51:25.334180Z,i dont know that,There are 5 \(x\)'s being multiplied together.,0.9676437471118536,0.9894141164608343,0.02177036934898069,positive,0.032356252888146364,0.4589695336095929,correct,focus,focus,focus,focus,False,"[""baseline""]",1,baseline,False,"{""focus"":0.6067128777503967,""generic"":0.11664623767137527,""probing"":0.24635598063468933,""telling"":0.030284876003861427}","{""focus"":0.6067128777503967,""generic"":0.11664623767137527,""probing"":0.24635598063468933,""telling"":0.030284876003861427}",0.3603568971157074,0.8545917868614197,0.7265729904174805,0.8342756628990173,0.9375331401824951
5,dffa3aac-68c5-4b98-b5cc-3bddd6e5f956:1,True,True,psn_f78c0817d43053e5bd31da20,Simplifying Expressions positive exponents,7,dffa3aac-68c5-4b98-b5cc-3bddd6e5f956:1:action:7,dffa3aac-68c5-4b98-b5cc-3bddd6e5f956:1:action:7:resolver:simplifying_expressions_positive_exponents,observed_update,,ordinary-md7r1-v1,real,2026-08-28T04:45:22.258527Z,2026-08-28T04:52:05.997758Z,There are 5 \(x\)'s being multiplied together.,"I think it would be \(x^4\), because there are five \(x\)'s but I’m a little confused about whether the exponent counts the number of multiplications or the number of \(x\)'s.",0.9894141164608343,0.9880430086202135,-0.0013711078406207777,negative,0.010585883539165675,0.5343602009585102,incorrect,focus,focus,focus,focus,False,"[""baseline""]",1,baseline,False,"{""focus"":0.6243897080421448,""generic"":0.1251860111951828,""probing"":0.20814961194992065,""telling"":0.04227466508746147}","{""focus"":0.6243897080421448,""generic"":0.1251860111951828,""probing"":0.20814961194992065,""telling"":0.04227466508746147}",0.4162400960922241,0.839767575263977,0.7012704014778137,0.8720859885215759,0.960767388343811
5,dffa3aac-68c5-4b98-b5cc-3bddd6e5f956:1,True,True,psn_f78c0817d43053e5bd31da20,Simplifying Expressions positive exponents,8,dffa3aac-68c5-4b98-b5cc-3bddd6e5f956:1:action:8,dffa3aac-68c5-4b98-b5cc-3bddd6e5f956:1:action:8:resolver:simplifying_expressions_positive_exponents,observed_update,,ordinary-md7r1-v1,real,2026-08-28T04:45:22.258527Z,2026-08-28T04:52:55.235969Z,"I think it would be \(x^4\), because there are five \(x\)'s but I’m a little confused about whether the exponent counts the number of multiplications or the number of \(x\)'s.","The exponent would be 5, so:

$$
x^5
$$",0.9880430086202135,0.9959454171637467,0.00790240854353319,positive,0.011956991379786452,0.44787715212824497,correct,focus,focus,focus,focus,False,"[""baseline""]",1,baseline,False,"{""focus"":0.6060236692428589,""generic"":0.14210323989391327,""probing"":0.18334828317165375,""telling"":0.0685248151421547}","{""focus"":0.6060236692428589,""generic"":0.14210323989391327,""probing"":0.18334828317165375,""telling"":0.0685248151421547}",0.42267538607120514,0.9648379683494568,0.8748980164527893,0.8651079535484314,0.8970322608947754
6,b9a3b98d-ab91-4e24-b3f7-39a0623831b9:1,True,True,psn_9a081eb5df240169b9f3c83b,Polynomial Factors,1,b9a3b98d-ab91-4e24-b3f7-39a0623831b9:1:action:1,b9a3b98d-ab91-4e24-b3f7-39a0623831b9:1:action:1:resolver:polynomial_factors,observed_update,,ordinary-md7r1-v1,real,2026-08-28T05:36:10.308887Z,2026-08-28T05:36:19.270941Z,,"I think I need to find two numbers that multiply to 20 and add to 9, but I’m not fully sure how to pick them.",0.20917734369717744,0.315371913240442,0.10619456954326456,positive,0.7908226563028226,0.4060707148600996,correct,generic,generic,generic,generic,False,"[""baseline""]",1,baseline,False,"{""focus"":0.014449399895966053,""generic"":0.9515932202339172,""probing"":0.027388129383325577,""telling"":0.00656931521371007}","{""focus"":0.014449399895966053,""generic"":0.9515932202339172,""probing"":0.027388129383325577,""telling"":0.00656931521371007}",0.9242050908505917,0.292968213558197,0.11792639642953873,0.14149785041809082,0.15913042426109314
6,b9a3b98d-ab91-4e24-b3f7-39a0623831b9:1,True,True,psn_9a081eb5df240169b9f3c83b,Polynomial Factors,2,b9a3b98d-ab91-4e24-b3f7-39a0623831b9:1:action:2,b9a3b98d-ab91-4e24-b3f7-39a0623831b9:1:action:2:resolver:polynomial_factors,observed_update,,ordinary-md7r1-v1,real,2026-08-28T05:36:10.308887Z,2026-08-28T05:37:15.733056Z,"I think I need to find two numbers that multiply to 20 and add to 9, but I’m not fully sure how to pick them.","Maybe \(1\) and \(20\), \(2\) and \(10\), and \(4\) and \(5\).",0.315371913240442,0.44327882146783515,0.12790690822739315,positive,0.684628086759558,0.45864916691610286,correct,probing,probing,probing,probing,False,"[""baseline""]",1,baseline,False,"{""focus"":0.0007499288767576218,""generic"":0.0004711716319434345,""probing"":0.9982826709747314,""telling"":0.0004962592502124608}","{""focus"":0.0007499288767576218,""generic"":0.0004711716319434345,""probing"":0.9982826709747314,""telling"":0.0004962592502124608}",0.9975327420979738,0.8348126411437988,0.7693076133728027,0.7867994904518127,0.9453020095825195
6,b9a3b98d-ab91-4e24-b3f7-39a0623831b9:1,True,True,psn_9a081eb5df240169b9f3c83b,Polynomial Factors,3,b9a3b98d-ab91-4e24-b3f7-39a0623831b9:1:action:3,b9a3b98d-ab91-4e24-b3f7-39a0623831b9:1:action:3:resolver:polynomial_factors,observed_update,,ordinary-md7r1-v1,real,2026-08-28T05:36:10.308887Z,2026-08-28T05:37:52.617831Z,"Maybe \(1\) and \(20\), \(2\) and \(10\), and \(4\) and \(5\).","\(1+20=21\), \(2+10=12\), and \(4+5=9\). So I think \(4\) and \(5\) are the pair we need.",0.44327882146783515,0.5646842225295485,0.12140540106171338,positive,0.5567211785321649,0.4525991063507873,correct,probing,probing,probing,probing,False,"[""baseline""]",1,baseline,False,"{""focus"":0.3705621361732483,""generic"":0.022883549332618713,""probing"":0.6028822660446167,""telling"":0.003672040067613125}","{""focus"":0.3705621361732483,""generic"":0.022883549332618713,""probing"":0.6028822660446167,""telling"":0.003672040067613125}",0.2323201298713684,0.7375743985176086,0.6901958584785461,0.7780817151069641,0.9315780997276306
6,b9a3b98d-ab91-4e24-b3f7-39a0623831b9:1,True,True,psn_9a081eb5df240169b9f3c83b,Polynomial Factors,4,b9a3b98d-ab91-4e24-b3f7-39a0623831b9:1:action:4,b9a3b98d-ab91-4e24-b3f7-39a0623831b9:1:action:4:resolver:polynomial_factors,observed_update,,ordinary-md7r1-v1,real,2026-08-28T05:36:10.308887Z,2026-08-28T05:38:33.643605Z,"\(1+20=21\), \(2+10=12\), and \(4+5=9\). So I think \(4\) and \(5\) are the pair we need.","I think the factored form is \((x+4)(x+5)\), because 4 and 5 multiply to 20 and add to 9.",0.5646842225295485,0.6748288389861605,0.110144616456612,positive,0.43531577747045147,0.4709335739539738,correct,probing,probing,probing,probing,False,"[""baseline""]",1,baseline,False,"{""focus"":0.24770449101924896,""generic"":0.168635755777359,""probing"":0.5731543898582458,""telling"":0.010505340062081814}","{""focus"":0.24770449101924896,""generic"":0.168635755777359,""probing"":0.5731543898582458,""telling"":0.010505340062081814}",0.3254498988389969,0.3123317360877991,0.3578110337257385,0.5326168537139893,0.51133793592453
6,b9a3b98d-ab91-4e24-b3f7-39a0623831b9:1,True,True,psn_9a081eb5df240169b9f3c83b,Polynomial Factors,5,b9a3b98d-ab91-4e24-b3f7-39a0623831b9:1:action:5,b9a3b98d-ab91-4e24-b3f7-39a0623831b9:1:action:5:resolver:polynomial_factors,observed_update,,ordinary-md7r1-v1,real,2026-08-28T05:36:10.308887Z,2026-08-28T05:39:24.136986Z,"I think the factored form is \((x+4)(x+5)\), because 4 and 5 multiply to 20 and add to 9.","I think I set each factor equal to zero:

$$
x+4=0
$$

or

$$
x+5=0
$$

So \(x=-4\) or \(x=-5\).",0.6748288389861605,0.7546381182594174,0.07980927927325687,positive,0.32517116101383947,0.42164547436785016,correct,focus,focus,focus,focus,False,"[""baseline""]",1,baseline,False,"{""focus"":0.49171000719070435,""generic"":0.24298860132694244,""probing"":0.23242272436618805,""telling"":0.032878756523132324}","{""focus"":0.49171000719070435,""generic"":0.24298860132694244,""probing"":0.23242272436618805,""telling"":0.032878756523132324}",0.2487214058637619,0.4198518991470337,0.3510420322418213,0.5059740543365479,0.8022727966308594
7,4220e000-557f-487a-949f-a6b3662998ac:1,False,False,psn_9a081eb5df240169b9f3c83b,Pythagorean Theorem,1,4220e000-557f-487a-949f-a6b3662998ac:1:action:1,4220e000-557f-487a-949f-a6b3662998ac:1:action:1:resolver:pythagorean_theorem,observed_update,,ordinary-md7r1-v1,real,2026-08-28T05:42:38.254095Z,2026-08-28T05:42:45.637263Z,,"A right triangle has two shorter sides measuring 9 cm and 12 cm. Find the length of the hypotenuse. Use the Pythagorean Theorem to show your working.
A
How would you start solving this problem?",0.6504866349942283,0.6173730919714464,-0.03311354302278191,negative,0.3495133650057717,0.20222656186212218,unknown,generic,generic,generic,generic,False,"[""baseline""]",1,baseline,False,"{""focus"":0.016517668962478638,""generic"":0.9527742862701416,""probing"":0.02413051202893257,""telling"":0.006577494088560343}","{""focus"":0.016517668962478638,""generic"":0.9527742862701416,""probing"":0.02413051202893257,""telling"":0.006577494088560343}",0.928643774241209,0.292968213558197,0.11792639642953873,0.14149785041809082,0.15913042426109314
7,4220e000-557f-487a-949f-a6b3662998ac:1,False,False,psn_9a081eb5df240169b9f3c83b,Pythagorean Theorem,2,4220e000-557f-487a-949f-a6b3662998ac:1:action:2,4220e000-557f-487a-949f-a6b3662998ac:1:action:2:resolver:pythagorean_theorem,observed_update,,ordinary-md7r1-v1,real,2026-08-28T05:42:38.254095Z,2026-08-28T05:43:30.568989Z,"A right triangle has two shorter sides measuring 9 cm and 12 cm. Find the length of the hypotenuse. Use the Pythagorean Theorem to show your working.
A
How would you start solving this problem?","I remember it’s something like \(a^2+b^2=c^2\), and I think \(c\) is the hypotenuse. So I would use 9 and 12 for \(a\) and \(b\).",0.6173730919714464,0.6723451607884832,0.05497206881703676,positive,0.3826269080285536,0.4228673756456509,correct,probing,probing,probing,probing,False,"[""baseline""]",1,baseline,False,"{""focus"":0.0017450691666454077,""generic"":0.00026288966182619333,""probing"":0.996768593788147,""telling"":0.0012235862668603659}","{""focus"":0.0017450691666454077,""generic"":0.00026288966182619333,""probing"":0.996768593788147,""telling"":0.0012235862668603659}",0.9950235246215016,0.7853342294692993,0.6909967660903931,0.6877066493034363,0.9336114525794983
7,4220e000-557f-487a-949f-a6b3662998ac:1,False,False,psn_9a081eb5df240169b9f3c83b,Pythagorean Theorem,3,4220e000-557f-487a-949f-a6b3662998ac:1:action:3,4220e000-557f-487a-949f-a6b3662998ac:1:action:3:resolver:pythagorean_theorem,observed_update,,ordinary-md7r1-v1,real,2026-08-28T05:42:38.254095Z,2026-08-28T05:44:14.600862Z,"I remember it’s something like \(a^2+b^2=c^2\), and I think \(c\) is the hypotenuse. So I would use 9 and 12 for \(a\) and \(b\).","I think I put the numbers into the formula:

$$
9^2+12^2=c^2
$$",0.6723451607884832,0.722907858158551,0.0505626973700678,positive,0.32765483921151684,0.4307530179475763,correct,probing,probing,probing,probing,False,"[""baseline""]",1,baseline,False,"{""focus"":0.007456691469997168,""generic"":0.00038077679346315563,""probing"":0.9862551689147949,""telling"":0.0059073250740766525}","{""focus"":0.007456691469997168,""generic"":0.00038077679346315563,""probing"":0.9862551689147949,""telling"":0.0059073250740766525}",0.9787984774447978,0.7945618629455566,0.6892214417457581,0.7274467945098877,0.6432231068611145
7,4220e000-557f-487a-949f-a6b3662998ac:1,False,False,psn_9a081eb5df240169b9f3c83b,Pythagorean Theorem,4,4220e000-557f-487a-949f-a6b3662998ac:1:action:4,4220e000-557f-487a-949f-a6b3662998ac:1:action:4:resolver:pythagorean_theorem,observed_update,,ordinary-md7r1-v1,real,2026-08-28T05:42:38.254095Z,2026-08-28T05:45:06.609457Z,"I think I put the numbers into the formula:

$$
9^2+12^2=c^2
$$",i dont know,0.722907858158551,0.6406445357863586,-0.08226332237219236,negative,0.27709214184144904,0.5391931020945282,incorrect,generic,generic,generic,generic,False,"[""baseline""]",1,baseline,False,"{""focus"":0.09374424070119858,""generic"":0.7870428562164307,""probing"":0.05373139679431915,""telling"":0.0654815286397934}","{""focus"":0.09374424070119858,""generic"":0.7870428562164307,""probing"":0.05373139679431915,""telling"":0.0654815286397934}",0.6932986155152321,0.4772522449493408,0.3302473723888397,0.539394199848175,0.7866072058677673
7,4220e000-557f-487a-949f-a6b3662998ac:1,False,False,psn_9a081eb5df240169b9f3c83b,Pythagorean Theorem,5,4220e000-557f-487a-949f-a6b3662998ac:1:action:5,4220e000-557f-487a-949f-a6b3662998ac:1:action:5:resolver:pythagorean_theorem,observed_update,,ordinary-md7r1-v1,real,2026-08-28T05:42:38.254095Z,2026-08-28T05:46:19.369212Z,i dont know,i dont have any idea,0.6406445357863586,0.620584066977168,-0.020060468809190657,negative,0.3593554642136414,0.12178218848752809,unknown,generic,generic,generic,generic,False,"[""baseline""]",1,baseline,False,"{""focus"":0.11209453642368317,""generic"":0.7449764609336853,""probing"":0.06363288313150406,""telling"":0.07929608970880508}","{""focus"":0.11209453642368317,""generic"":0.7449764609336853,""probing"":0.06363288313150406,""telling"":0.07929608970880508}",0.6328819245100021,0.3928663730621338,0.29980263113975525,0.4819764494895935,0.7691811323165894
7,4220e000-557f-487a-949f-a6b3662998ac:1,False,False,psn_9a081eb5df240169b9f3c83b,Pythagorean Theorem,6,4220e000-557f-487a-949f-a6b3662998ac:1:action:6,4220e000-557f-487a-949f-a6b3662998ac:1:action:6:resolver:pythagorean_theorem,observed_update,,ordinary-md7r1-v1,real,2026-08-28T05:42:38.254095Z,2026-08-28T05:47:07.180388Z,i dont have any idea,"I’d calculate \(9^2=81\) and \(12^2=144\), then add them together.",0.620584066977168,0.6826402676719963,0.06205620069482831,positive,0.37941593302283205,0.4804911595390506,correct,generic,generic,generic,generic,False,"[""baseline""]",1,baseline,False,"{""focus"":0.149287149310112,""generic"":0.6192426085472107,""probing"":0.1126452088356018,""telling"":0.11882506310939789}","{""focus"":0.149287149310112,""generic"":0.6192426085472107,""probing"":0.1126452088356018,""telling"":0.11882506310939789}",0.4699554592370987,0.40678197145462036,0.263171911239624,0.508408784866333,0.8109897375106812
7,4220e000-557f-487a-949f-a6b3662998ac:1,False,False,psn_9a081eb5df240169b9f3c83b,Pythagorean Theorem,7,4220e000-557f-487a-949f-a6b3662998ac:1:action:7,4220e000-557f-487a-949f-a6b3662998ac:1:action:7:resolver:pythagorean_theorem,observed_update,,ordinary-md7r1-v1,real,2026-08-28T05:42:38.254095Z,2026-08-28T05:47:46.048876Z,"I’d calculate \(9^2=81\) and \(12^2=144\), then add them together.","\(81+144=225\), so \(c^2=225\).",0.6826402676719963,0.7322287873726493,0.04958851970065303,positive,0.31735973232800374,0.43211584000432435,correct,generic,generic,generic,generic,False,"[""baseline""]",1,baseline,False,"{""focus"":0.19480639696121216,""generic"":0.5549454689025879,""probing"":0.09921638667583466,""telling"":0.1510317176580429}","{""focus"":0.19480639696121216,""generic"":0.5549454689025879,""probing"":0.09921638667583466,""telling"":0.1510317176580429}",0.36013907194137573,0.5170398354530334,0.38304945826530457,0.5936646461486816,0.9307881593704224
7,4220e000-557f-487a-949f-a6b3662998ac:1,False,False,psn_9a081eb5df240169b9f3c83b,Pythagorean Theorem,8,4220e000-557f-487a-949f-a6b3662998ac:1:action:8,,censored_no_response,runtime_restart_before_response,manual-controlled-live-md7r1-v1,real,2026-08-28T05:42:38.254095Z,2026-08-28T06:56:36.838079Z,"\(81+144=225\), so \(c^2=225\).",,,,,,,,,generic,generic,generic,generic,False,"[""baseline""]",1,baseline,False,"{""focus"":0.18778589367866516,""generic"":0.62917160987854,""probing"":0.07226904481649399,""telling"":0.11077339202165604}","{""focus"":0.18778589367866516,""generic"":0.62917160987854,""probing"":0.07226904481649399,""telling"":0.11077339202165604}",0.4413857161998749,0.14029854536056519,0.1188625916838646,0.2420480102300644,0.34107711911201477
8,0adabdf3-b861-4b0f-b802-451cc208dd0b:1,True,True,psn_9a081eb5df240169b9f3c83b,Pythagorean Theorem,1,0adabdf3-b861-4b0f-b802-451cc208dd0b:1:action:1,0adabdf3-b861-4b0f-b802-451cc208dd0b:1:action:1:resolver:pythagorean_theorem,observed_update,,ordinary-md7r1-v1,real,2026-08-28T07:05:50.525944Z,2026-08-28T07:05:59.386290Z,,"I think I use the Pythagorean theorem, but I’m not sure how to set it up since 13 is already the hypotenuse.",0.7322287873726493,0.7482284975314546,0.015999710158805303,positive,0.2677712126273507,0.15731188758896208,partial,generic,generic,generic,generic,False,"[""baseline""]",1,baseline,False,"{""focus"":0.010861114598810673,""generic"":0.9652584791183472,""probing"":0.01899520494043827,""telling"":0.004885253496468067}","{""focus"":0.010861114598810673,""generic"":0.9652584791183472,""probing"":0.01899520494043827,""telling"":0.004885253496468067}",0.9462632741779089,0.292968213558197,0.11792639642953873,0.14149785041809082,0.15913042426109314
8,0adabdf3-b861-4b0f-b802-451cc208dd0b:1,True,True,psn_9a081eb5df240169b9f3c83b,Pythagorean Theorem,2,0adabdf3-b861-4b0f-b802-451cc208dd0b:1:action:2,0adabdf3-b861-4b0f-b802-451cc208dd0b:1:action:2:resolver:pythagorean_theorem,observed_update,,ordinary-md7r1-v1,real,2026-08-28T07:05:50.525944Z,2026-08-28T07:06:37.075043Z,"I think I use the Pythagorean theorem, but I’m not sure how to set it up since 13 is already the hypotenuse.","I think the hypotenuse is \(c\), so \(13^2\) should go on the \(c^2\) side. The other two sides go on the other side.",0.7482284975314546,0.7899860569148676,0.04175755938341297,positive,0.2517715024685454,0.433919060591981,correct,probing,probing,probing,probing,False,"[""baseline""]",1,baseline,False,"{""focus"":0.0014215073315426707,""generic"":0.0003595847520045936,""probing"":0.9977189898490906,""telling"":0.0004999145749025047}","{""focus"":0.0014215073315426707,""generic"":0.0003595847520045936,""probing"":0.9977189898490906,""telling"":0.0004999145749025047}",0.9962974825175479,0.9302853345870972,0.8553812503814697,0.8885512948036194,0.9171748161315918
8,0adabdf3-b861-4b0f-b802-451cc208dd0b:1,True,True,psn_9a081eb5df240169b9f3c83b,Pythagorean Theorem,3,0adabdf3-b861-4b0f-b802-451cc208dd0b:1:action:3,0adabdf3-b861-4b0f-b802-451cc208dd0b:1:action:3:resolver:pythagorean_theorem,observed_update,,ordinary-md7r1-v1,real,2026-08-28T07:05:50.525944Z,2026-08-28T07:07:17.895387Z,"I think the hypotenuse is \(c\), so \(13^2\) should go on the \(c^2\) side. The other two sides go on the other side.","I think it would be:

$$
5^2 + x^2 = 13^2
$$",0.7899860569148676,0.8273857646094946,0.03739970769462708,positive,0.21001394308513244,0.45137346883419005,correct,focus,focus,focus,focus,False,"[""baseline""]",1,baseline,False,"{""focus"":0.5586193203926086,""generic"":0.1649579107761383,""probing"":0.25307518243789673,""telling"":0.023347629234194756}","{""focus"":0.5586193203926086,""generic"":0.1649579107761383,""probing"":0.25307518243789673,""telling"":0.023347629234194756}",0.3055441379547119,0.8710370063781738,0.8642144203186035,0.8457406163215637,0.8140251040458679
9,978c3e3b-ab82-4c73-9791-5dc47de68792:1,True,True,psn_9a081eb5df240169b9f3c83b,Perimeter of a Polygon,1,978c3e3b-ab82-4c73-9791-5dc47de68792:1:action:1,978c3e3b-ab82-4c73-9791-5dc47de68792:1:action:1:resolver:perimeter_of_a_polygon,observed_update,,ordinary-md7r1-v1,real,2026-08-28T07:10:53.580020Z,2026-08-28T07:11:04.119830Z,,"I think I need to add the side lengths together, but I’m not completely sure if perimeter means adding all of them.",0.9009116153875528,0.9344182319015581,0.03350661651400533,positive,0.09908838461244718,0.41586355342454184,correct,generic,generic,generic,generic,False,"[""baseline""]",1,baseline,False,"{""focus"":0.02799009531736374,""generic"":0.9089400768280029,""probing"":0.05303795263171196,""telling"":0.01003189291805029}","{""focus"":0.02799009531736374,""generic"":0.9089400768280029,""probing"":0.05303795263171196,""telling"":0.01003189291805029}",0.855902124196291,0.292968213558197,0.11792639642953873,0.14149785041809082,0.15913042426109314
9,978c3e3b-ab82-4c73-9791-5dc47de68792:1,True,True,psn_9a081eb5df240169b9f3c83b,Perimeter of a Polygon,2,978c3e3b-ab82-4c73-9791-5dc47de68792:1:action:2,978c3e3b-ab82-4c73-9791-5dc47de68792:1:action:2:resolver:perimeter_of_a_polygon,observed_update,,ordinary-md7r1-v1,real,2026-08-28T07:10:53.580020Z,2026-08-28T07:12:01.966022Z,"I think I need to add the side lengths together, but I’m not completely sure if perimeter means adding all of them.","Because I think perimeter is the distance all the way around the shape, so adding the sides should give that.",0.9344182319015581,0.9592015123575726,0.02478328045601441,positive,0.06558176809844185,0.4616397357769656,correct,probing,probing,probing,probing,False,"[""baseline""]",1,baseline,False,"{""focus"":0.0032194117084145546,""generic"":0.0003152694262098521,""probing"":0.9957596659660339,""telling"":0.0007056414615362883}","{""focus"":0.0032194117084145546,""generic"":0.0003152694262098521,""probing"":0.9957596659660339,""telling"":0.0007056414615362883}",0.9925402542576194,0.9650754332542419,0.8937959671020508,0.8983544111251831,0.8942278623580933
10,978c3e3b-ab82-4c73-9791-5dc47de68792:2,False,False,psn_9a081eb5df240169b9f3c83b,Perimeter of a Polygon,1,978c3e3b-ab82-4c73-9791-5dc47de68792:2:action:1,,censored_no_response,runtime_restart_before_response,ordinary-md7r1-v1,real,2026-08-28T07:14:03.842825Z,2026-08-28T07:14:20.010552Z,35 cm,,,,,,,,,probing,probing,probing,probing,False,"[""baseline""]",1,baseline,False,"{""focus"":0.19317755103111267,""generic"":0.09000945836305618,""probing"":0.6635934114456177,""telling"":0.05321953073143959}","{""focus"":0.19317755103111267,""generic"":0.09000945836305618,""probing"":0.6635934114456177,""telling"":0.05321953073143959}",0.470415860414505,0.9142130017280579,0.7797660231590271,0.8604588508605957,0.8088541626930237
11,bf4054b0-35ba-46ac-8cef-3d83a59f61c0:1,True,True,psn_b94f4a505b4ee07be23867fc,Multiplication and Division Integers,1,bf4054b0-35ba-46ac-8cef-3d83a59f61c0:1:action:1,bf4054b0-35ba-46ac-8cef-3d83a59f61c0:1:action:1:resolver:multiplication_and_division_integers,observed_update,,ordinary-md7r1-v1,real,2026-08-28T07:24:20.044316Z,2026-08-28T07:24:27.514680Z,,"I’d probably start with the descent part first. Since it says \(-7\) meters per minute for 6 minutes, I think I need to multiply those somehow, but I’m not fully sure what to do with the starting \(-18\).",0.7807387535603924,0.794657213321566,0.013918459761173674,positive,0.21926124643960765,0.1584597968480173,partial,generic,generic,generic,generic,False,"[""baseline""]",1,baseline,False,"{""focus"":0.06573136150836945,""generic"":0.8146114349365234,""probing"":0.0947406142950058,""telling"":0.024916483089327812}","{""focus"":0.06573136150836945,""generic"":0.8146114349365234,""probing"":0.0947406142950058,""telling"":0.024916483089327812}",0.7198708206415176,0.292968213558197,0.11792639642953873,0.14149785041809082,0.15913042426109314
11,bf4054b0-35ba-46ac-8cef-3d83a59f61c0:1,True,True,psn_b94f4a505b4ee07be23867fc,Multiplication and Division Integers,2,bf4054b0-35ba-46ac-8cef-3d83a59f61c0:1:action:2,bf4054b0-35ba-46ac-8cef-3d83a59f61c0:1:action:2:resolver:multiplication_and_division_integers,observed_update,,ordinary-md7r1-v1,real,2026-08-28T07:24:20.044316Z,2026-08-28T07:25:34.015328Z,"I’d probably start with the descent part first. Since it says \(-7\) meters per minute for 6 minutes, I think I need to multiply those somehow, but I’m not fully sure what to do with the starting \(-18\).",I think it represents how far the diver moved downward during those 6 minutes.,0.794657213321566,0.8310091295117872,0.036351916190221156,positive,0.20534278667843398,0.4375270276984898,correct,probing,probing,probing,probing,False,"[""baseline"",""focus_bias""]",2,baseline,False,"{""focus"":0.4543381333351135,""generic"":0.0038674371317029,""probing"":0.521270215511322,""telling"":0.020524147897958755}","{""focus"":0.4543381333351135,""generic"":0.0038674371317029,""probing"":0.521270215511322,""telling"":0.020524147897958755}",0.0669320821762085,0.9497030973434448,0.8898658752441406,0.8874416351318359,0.9250430464744568
11,bf4054b0-35ba-46ac-8cef-3d83a59f61c0:1,True,True,psn_b94f4a505b4ee07be23867fc,Multiplication and Division Integers,3,bf4054b0-35ba-46ac-8cef-3d83a59f61c0:1:action:3,bf4054b0-35ba-46ac-8cef-3d83a59f61c0:1:action:3:resolver:multiplication_and_division_integers,observed_update,,ordinary-md7r1-v1,real,2026-08-28T07:24:20.044316Z,2026-08-28T07:26:16.444272Z,I think it represents how far the diver moved downward during those 6 minutes.,"I think I add the change to the starting depth, so it would be \(-18 + (-42)\). I’m a little unsure with the two negative signs though.",0.8310091295117872,0.8633644774376039,0.032355347925816735,positive,0.16899087048821282,0.46091756022540764,correct,focus,focus,focus,focus,False,"[""baseline""]",1,baseline,False,"{""focus"":0.5605119466781616,""generic"":0.0226825550198555,""probing"":0.3819594979286194,""telling"":0.034845951944589615}","{""focus"":0.5605119466781616,""generic"":0.0226825550198555,""probing"":0.3819594979286194,""telling"":0.034845951944589615}",0.17855244874954224,0.9178230166435242,0.8165911436080933,0.8363256454467773,0.8652632832527161
11,bf4054b0-35ba-46ac-8cef-3d83a59f61c0:1,True,True,psn_b94f4a505b4ee07be23867fc,Multiplication and Division Integers,4,bf4054b0-35ba-46ac-8cef-3d83a59f61c0:1:action:4,bf4054b0-35ba-46ac-8cef-3d83a59f61c0:1:action:4:resolver:multiplication_and_division_integers,observed_update,,ordinary-md7r1-v1,real,2026-08-28T07:24:20.044316Z,2026-08-28T07:27:05.722760Z,"I think I add the change to the starting depth, so it would be \(-18 + (-42)\). I’m a little unsure with the two negative signs though.","It means the diver goes even deeper, so the depth becomes more negative. I think I need to combine \(-18\) and \(-42\), but I’m not sure of the final number yet.",0.8633644774376039,0.8733328550804801,0.00996837764287617,positive,0.13663552256239608,0.17169141156240456,partial,focus,focus,focus,focus,False,"[""baseline""]",1,baseline,False,"{""focus"":0.5573387742042542,""generic"":0.12437578290700912,""probing"":0.21082349121570587,""telling"":0.10746195912361145}","{""focus"":0.5573387742042542,""generic"":0.12437578290700912,""probing"":0.21082349121570587,""telling"":0.10746195912361145}",0.3465152829885483,0.9550542831420898,0.8890693187713623,0.8842292428016663,0.9220485091209412
11,bf4054b0-35ba-46ac-8cef-3d83a59f61c0:1,True,True,psn_b94f4a505b4ee07be23867fc,Multiplication and Division Integers,5,bf4054b0-35ba-46ac-8cef-3d83a59f61c0:1:action:5,bf4054b0-35ba-46ac-8cef-3d83a59f61c0:1:action:5:resolver:multiplication_and_division_integers,observed_update,,ordinary-md7r1-v1,real,2026-08-28T07:24:20.044316Z,2026-08-28T07:27:42.307426Z,"It means the diver goes even deeper, so the depth becomes more negative. I think I need to combine \(-18\) and \(-42\), but I’m not sure of the final number yet.","\(-18 + (-42) = -60\), so the diver is at \(-60\) meters after the descent.",0.8733328550804801,0.8968774044034007,0.023544549322920605,positive,0.12666714491951991,0.43479721426824725,correct,focus,focus,focus,focus,False,"[""baseline"",""telling_bias""]",2,baseline,False,"{""focus"":0.383115291595459,""generic"":0.16860464215278625,""probing"":0.13040880858898163,""telling"":0.3178712725639343}","{""focus"":0.383115291595459,""generic"":0.16860464215278625,""probing"":0.13040880858898163,""telling"":0.3178712725639343}",0.06524401903152466,0.9192962646484375,0.8251519799232483,0.8822088241577148,0.9444841742515564
11,bf4054b0-35ba-46ac-8cef-3d83a59f61c0:1,True,True,psn_b94f4a505b4ee07be23867fc,Multiplication and Division Integers,6,bf4054b0-35ba-46ac-8cef-3d83a59f61c0:1:action:6,bf4054b0-35ba-46ac-8cef-3d83a59f61c0:1:action:6:resolver:multiplication_and_division_integers,observed_update,,ordinary-md7r1-v1,real,2026-08-28T07:24:20.044316Z,2026-08-28T07:28:37.919520Z,"\(-18 + (-42) = -60\), so the diver is at \(-60\) meters after the descent.",I need to figure out how many minutes it takes to rise 36 meters at 9 meters per minute.,0.8968774044034007,0.9157489917564235,0.018871587353022856,positive,0.10312259559659931,0.4216370495249737,correct,focus,focus,focus,focus,False,"[""baseline"",""telling_bias""]",2,baseline,False,"{""focus"":0.37145930528640747,""generic"":0.2008352279663086,""probing"":0.11975327879190445,""telling"":0.30795222520828247}","{""focus"":0.37145930528640747,""generic"":0.2008352279663086,""probing"":0.11975327879190445,""telling"":0.30795222520828247}",0.063507080078125,0.15056772530078888,0.11003273725509644,0.21201130747795105,0.3367678225040436
11,bf4054b0-35ba-46ac-8cef-3d83a59f61c0:1,True,True,psn_b94f4a505b4ee07be23867fc,Multiplication and Division Integers,7,bf4054b0-35ba-46ac-8cef-3d83a59f61c0:1:action:7,bf4054b0-35ba-46ac-8cef-3d83a59f61c0:1:action:7:resolver:multiplication_and_division_integers,observed_update,,ordinary-md7r1-v1,real,2026-08-28T07:24:20.044316Z,2026-08-28T07:29:12.163303Z,I need to figure out how many minutes it takes to rise 36 meters at 9 meters per minute.,I think I should divide \(36\) by \(9\) to find the number of minutes.,0.9157489917564235,0.9312487992127741,0.0154998074563506,positive,0.08425100824357645,0.4189348542659337,correct,focus,focus,focus,focus,False,"[""baseline""]",1,baseline,False,"{""focus"":0.5647392868995667,""generic"":0.16222943365573883,""probing"":0.0773555189371109,""telling"":0.195675790309906}","{""focus"":0.5647392868995667,""generic"":0.16222943365573883,""probing"":0.0773555189371109,""telling"":0.195675790309906}",0.36906349658966064,0.6182082891464233,0.5654006004333496,0.7531431913375854,0.9539409875869751
11,bf4054b0-35ba-46ac-8cef-3d83a59f61c0:1,True,True,psn_b94f4a505b4ee07be23867fc,Multiplication and Division Integers,8,bf4054b0-35ba-46ac-8cef-3d83a59f61c0:1:action:8,bf4054b0-35ba-46ac-8cef-3d83a59f61c0:1:action:8:resolver:multiplication_and_division_integers,observed_update,,ordinary-md7r1-v1,real,2026-08-28T07:24:20.044316Z,2026-08-28T07:29:50.030922Z,I think I should divide \(36\) by \(9\) to find the number of minutes.,"\(36 \div 9 = 4\), so the rise takes **4 minutes**.",0.9312487992127741,0.9441900586156229,0.012941259402848737,positive,0.06875120078722585,0.4246488669693331,correct,focus,focus,focus,focus,False,"[""baseline""]",1,baseline,False,"{""focus"":0.6794052124023438,""generic"":0.16732841730117798,""probing"":0.06005403771996498,""telling"":0.09321236610412598}","{""focus"":0.6794052124023438,""generic"":0.16732841730117798,""probing"":0.06005403771996498,""telling"":0.09321236610412598}",0.5120767951011658,0.47670790553092957,0.405475914478302,0.6651910543441772,0.8753071427345276
11,bf4054b0-35ba-46ac-8cef-3d83a59f61c0:1,True,True,psn_b94f4a505b4ee07be23867fc,Multiplication and Division Integers,9,bf4054b0-35ba-46ac-8cef-3d83a59f61c0:1:action:9,bf4054b0-35ba-46ac-8cef-3d83a59f61c0:1:action:9:resolver:multiplication_and_division_integers,observed_update,,ordinary-md7r1-v1,real,2026-08-28T07:24:20.044316Z,2026-08-28T07:30:33.575803Z,"\(36 \div 9 = 4\), so the rise takes **4 minutes**.","\(-60 + 36 = -24\), so the diver’s final depth is **24 meters below sea level**.",0.9441900586156229,0.9546942994797719,0.010504240864149028,positive,0.055809941384377115,0.4213689881867796,correct,focus,focus,focus,focus,False,"[""baseline""]",1,baseline,False,"{""focus"":0.7381021976470947,""generic"":0.11296922713518143,""probing"":0.07909649610519409,""telling"":0.06983209401369095}","{""focus"":0.7381021976470947,""generic"":0.11296922713518143,""probing"":0.07909649610519409,""telling"":0.06983209401369095}",0.6251329705119133,0.8225768208503723,0.6217529773712158,0.7990403771400452,0.8584785461425781
12,9bba79bb-b00a-40ca-a121-24da1db2e319:1,True,True,psn_b94f4a505b4ee07be23867fc,Interior Angles Triangle,1,9bba79bb-b00a-40ca-a121-24da1db2e319:1:action:1,9bba79bb-b00a-40ca-a121-24da1db2e319:1:action:1:resolver:interior_angles_triangle,observed_update,,ordinary-md7r1-v1,real,2026-08-28T07:33:07.635258Z,2026-08-28T07:33:17.250254Z,,"I think I should let the smallest angle be \(x\), but I’m not sure what to do after that.",0.8135524878930875,0.8792797210067301,0.06572723311364259,positive,0.18644751210691246,0.4010123715502535,correct,generic,generic,generic,generic,False,"[""baseline""]",1,baseline,False,"{""focus"":0.02717137709259987,""generic"":0.9086673259735107,""probing"":0.05334143340587616,""telling"":0.010819786228239536}","{""focus"":0.02717137709259987,""generic"":0.9086673259735107,""probing"":0.05334143340587616,""telling"":0.010819786228239536}",0.8553258925676346,0.292968213558197,0.11792639642953873,0.14149785041809082,0.15913042426109314
12,9bba79bb-b00a-40ca-a121-24da1db2e319:1,True,True,psn_b94f4a505b4ee07be23867fc,Interior Angles Triangle,2,9bba79bb-b00a-40ca-a121-24da1db2e319:1:action:2,9bba79bb-b00a-40ca-a121-24da1db2e319:1:action:2:resolver:interior_angles_triangle,observed_update,,ordinary-md7r1-v1,real,2026-08-28T07:33:07.635258Z,2026-08-28T07:37:56.445392Z,"I think I should let the smallest angle be \(x\), but I’m not sure what to do after that.","Maybe the second angle is \(x+20\), and the third angle is \(2x\).",0.8792797210067301,0.9276978221681819,0.04841810116145173,positive,0.12072027899326987,0.45315230001306817,correct,probing,probing,probing,probing,False,"[""baseline""]",1,baseline,False,"{""focus"":0.0008660592720843852,""generic"":0.00032437389018014073,""probing"":0.9983870983123779,""telling"":0.0004225471639074385}","{""focus"":0.0008660592720843852,""generic"":0.00032437389018014073,""probing"":0.9983870983123779,""telling"":0.0004225471639074385}",0.9975210390402935,0.9069175720214844,0.8946176767349243,0.8692131042480469,0.946052610874176
12,9bba79bb-b00a-40ca-a121-24da1db2e319:1,True,True,psn_b94f4a505b4ee07be23867fc,Interior Angles Triangle,3,9bba79bb-b00a-40ca-a121-24da1db2e319:1:action:3,9bba79bb-b00a-40ca-a121-24da1db2e319:1:action:3:resolver:interior_angles_triangle,observed_update,,ordinary-md7r1-v1,real,2026-08-28T07:33:07.635258Z,2026-08-28T07:38:32.962316Z,"Maybe the second angle is \(x+20\), and the third angle is \(2x\).",I think the angles in a triangle add up to \(180^\circ\).,0.9276978221681819,0.954227875331824,0.026530053163642098,positive,0.07230217783181814,0.40780387416271735,correct,focus,focus,focus,focus,False,"[""baseline""]",1,baseline,False,"{""focus"":0.5145028233528137,""generic"":0.10191235691308975,""probing"":0.37790051102638245,""telling"":0.005684388801455498}","{""focus"":0.5145028233528137,""generic"":0.10191235691308975,""probing"":0.37790051102638245,""telling"":0.005684388801455498}",0.13660231232643127,0.7231774926185608,0.6341461539268494,0.6583665013313293,0.5181623101234436
12,9bba79bb-b00a-40ca-a121-24da1db2e319:1,True,True,psn_b94f4a505b4ee07be23867fc,Interior Angles Triangle,4,9bba79bb-b00a-40ca-a121-24da1db2e319:1:action:4,9bba79bb-b00a-40ca-a121-24da1db2e319:1:action:4:resolver:interior_angles_triangle,observed_update,,ordinary-md7r1-v1,real,2026-08-28T07:33:07.635258Z,2026-08-28T07:39:09.713791Z,I think the angles in a triangle add up to \(180^\circ\).,"Maybe it would be \(x+(x+20)+2x=360\) because there are three angles, but I’m not sure if I’m mixing it up with something else.",0.954227875331824,0.9047754447207498,-0.04945243061107418,negative,0.04577212466817604,0.5397210022857601,incorrect,generic,generic,generic,generic,False,"[""baseline""]",1,baseline,False,"{""focus"":0.21436834335327148,""generic"":0.6610993146896362,""probing"":0.11608345806598663,""telling"":0.008448857814073563}","{""focus"":0.21436834335327148,""generic"":0.6610993146896362,""probing"":0.11608345806598663,""telling"":0.008448857814073563}",0.44673097133636475,0.5434462428092957,0.5439372062683105,0.6426756381988525,0.8253675103187561
12,9bba79bb-b00a-40ca-a121-24da1db2e319:1,True,True,psn_b94f4a505b4ee07be23867fc,Interior Angles Triangle,5,9bba79bb-b00a-40ca-a121-24da1db2e319:1:action:5,9bba79bb-b00a-40ca-a121-24da1db2e319:1:action:5:resolver:interior_angles_triangle,observed_update,,ordinary-md7r1-v1,real,2026-08-28T07:33:07.635258Z,2026-08-28T07:39:52.468522Z,"Maybe it would be \(x+(x+20)+2x=360\) because there are three angles, but I’m not sure if I’m mixing it up with something else.","Oh yeah, I used the wrong total. It should be \(180^\circ\), so the equation should be

$$
x+(x+20)+2x=180.
$$",0.9047754447207498,0.9423444315462197,0.03756898682546994,positive,0.09522455527925022,0.44275785789166233,correct,generic,generic,generic,generic,False,"[""baseline"",""focus_bias""]",2,baseline,False,"{""focus"":0.42183536291122437,""generic"":0.42381203174591064,""probing"":0.12495341151952744,""telling"":0.029399285092949867}","{""focus"":0.42183536291122437,""generic"":0.42381203174591064,""probing"":0.12495341151952744,""telling"":0.029399285092949867}",0.0019766688346862793,0.8874109983444214,0.7453324198722839,0.843544065952301,0.9206979274749756
13,eef1d04e-fe55-4457-9edf-f1c05786fd69:1,True,True,psn_b94f4a505b4ee07be23867fc,Multiplication and Division Positive Decimals,1,eef1d04e-fe55-4457-9edf-f1c05786fd69:1:action:1,eef1d04e-fe55-4457-9edf-f1c05786fd69:1:action:1:resolver:multiplication_and_division_positive_decimals,observed_update,,ordinary-md7r1-v1,real,2026-08-28T07:43:03.213675Z,2026-08-28T07:43:12.523277Z,,"I’d start with finding the total cost for the 6 bottles, but I’m not completely sure if I should multiply or add.",0.85,0.8672058433681183,0.017205843368118368,positive,0.15000000000000002,0.1613005290101927,partial,generic,generic,generic,generic,False,"[""baseline""]",1,baseline,False,"{""focus"":0.07609361410140991,""generic"":0.7845415472984314,""probing"":0.10945532470941544,""telling"":0.02990945428609848}","{""focus"":0.07609361410140991,""generic"":0.7845415472984314,""probing"":0.10945532470941544,""telling"":0.02990945428609848}",0.675086222589016,0.4519866108894348,0.23215284943580627,0.22498546540737152,0.4249533712863922
13,eef1d04e-fe55-4457-9edf-f1c05786fd69:1,True,True,psn_b94f4a505b4ee07be23867fc,Multiplication and Division Positive Decimals,2,eef1d04e-fe55-4457-9edf-f1c05786fd69:1:action:2,eef1d04e-fe55-4457-9edf-f1c05786fd69:1:action:2:resolver:multiplication_and_division_positive_decimals,observed_update,,ordinary-md7r1-v1,real,2026-08-28T07:43:03.213675Z,2026-08-28T07:43:58.942729Z,"I’d start with finding the total cost for the 6 bottles, but I’m not completely sure if I should multiply or add.","Addition would mean adding the price over and over, and multiplication is kind of a faster way to do that for all 6 bottles.",0.8672058433681183,0.9058160603769665,0.03861021700884815,positive,0.13279415663188165,0.41548870733357035,correct,probing,probing,probing,probing,False,"[""baseline""]",1,baseline,False,"{""focus"":0.07614971697330475,""generic"":0.001903006574138999,""probing"":0.9202567934989929,""telling"":0.0016905792290344834}","{""focus"":0.07614971697330475,""generic"":0.001903006574138999,""probing"":0.9202567934989929,""telling"":0.0016905792290344834}",0.8441070765256882,0.9242054224014282,0.8921737670898438,0.8766607046127319,0.9561126828193665
13,eef1d04e-fe55-4457-9edf-f1c05786fd69:1,True,True,psn_b94f4a505b4ee07be23867fc,Multiplication and Division Positive Decimals,3,eef1d04e-fe55-4457-9edf-f1c05786fd69:1:action:3,eef1d04e-fe55-4457-9edf-f1c05786fd69:1:action:3:resolver:multiplication_and_division_positive_decimals,observed_update,,ordinary-md7r1-v1,real,2026-08-28T07:43:03.213675Z,2026-08-28T07:44:55.919905Z,"Addition would mean adding the price over and over, and multiplication is kind of a faster way to do that for all 6 bottles.",Maybe division? Like \(2.75 \div 6\)? I’m getting mixed up about whether I’m finding the price for all 6 or the price for one bottle.,0.9058160603769665,0.7347323903982993,-0.1710836699786672,negative,0.09418393962303351,0.5448400988964498,incorrect,probing,probing,probing,probing,False,"[""baseline""]",1,baseline,False,"{""focus"":0.2873475253582001,""generic"":0.0016837867442518473,""probing"":0.706372082233429,""telling"":0.004596667364239693}","{""focus"":0.2873475253582001,""generic"":0.0016837867442518473,""probing"":0.706372082233429,""telling"":0.004596667364239693}",0.4190245568752289,0.9261457324028015,0.8615065813064575,0.8784193992614746,0.9035058617591858
13,eef1d04e-fe55-4457-9edf-f1c05786fd69:1,True,True,psn_b94f4a505b4ee07be23867fc,Multiplication and Division Positive Decimals,4,eef1d04e-fe55-4457-9edf-f1c05786fd69:1:action:4,eef1d04e-fe55-4457-9edf-f1c05786fd69:1:action:4:resolver:multiplication_and_division_positive_decimals,observed_update,,ordinary-md7r1-v1,real,2026-08-28T07:43:03.213675Z,2026-08-28T07:45:44.290029Z,Maybe division? Like \(2.75 \div 6\)? I’m getting mixed up about whether I’m finding the price for all 6 or the price for one bottle.,"You're right to think about what each operation means. If you were to divide $2.75 by 6, what would that result tell you in the context of this problem?",0.7347323903982993,0.6395740076531744,-0.09515838274512489,negative,0.2652676096017007,0.22307691385013464,unknown,probing,probing,probing,probing,False,"[""baseline"",""focus_bias""]",2,baseline,False,"{""focus"":0.4215655028820038,""generic"":0.14315269887447357,""probing"":0.42816081643104553,""telling"":0.007121006492525339}","{""focus"":0.4215655028820038,""generic"":0.14315269887447357,""probing"":0.42816081643104553,""telling"":0.007121006492525339}",0.006595313549041748,0.8849487900733948,0.7684831023216248,0.8407449126243591,0.9225924611091614
13,eef1d04e-fe55-4457-9edf-f1c05786fd69:1,True,True,psn_b94f4a505b4ee07be23867fc,Multiplication and Division Positive Decimals,5,eef1d04e-fe55-4457-9edf-f1c05786fd69:1:action:5,eef1d04e-fe55-4457-9edf-f1c05786fd69:1:action:5:resolver:multiplication_and_division_positive_decimals,observed_update,,ordinary-md7r1-v1,real,2026-08-28T07:43:03.213675Z,2026-08-28T07:46:24.084063Z,"You're right to think about what each operation means. If you were to divide $2.75 by 6, what would that result tell you in the context of this problem?","Division is usually for splitting something into equal groups. Here I need the total for 6 bottles, so I should multiply:",0.6395740076531744,0.7334991990138006,0.09392519136062616,positive,0.3604259923468256,0.4140613412222348,correct,focus,focus,focus,focus,False,"[""baseline""]",1,baseline,False,"{""focus"":0.5620869398117065,""generic"":0.06980067491531372,""probing"":0.3571007549762726,""telling"":0.011011644266545773}","{""focus"":0.5620869398117065,""generic"":0.06980067491531372,""probing"":0.3571007549762726,""telling"":0.011011644266545773}",0.20498618483543396,0.9174914956092834,0.7878772020339966,0.8710285425186157,0.9616187810897827
13,eef1d04e-fe55-4457-9edf-f1c05786fd69:1,True,True,psn_b94f4a505b4ee07be23867fc,Multiplication and Division Positive Decimals,6,eef1d04e-fe55-4457-9edf-f1c05786fd69:1:action:6,eef1d04e-fe55-4457-9edf-f1c05786fd69:1:action:6:resolver:multiplication_and_division_positive_decimals,observed_update,,ordinary-md7r1-v1,real,2026-08-28T07:43:03.213675Z,2026-08-28T07:47:14.173489Z,"Division is usually for splitting something into equal groups. Here I need the total for 6 bottles, so I should multiply:","[
2.75 \times 6 = 16.50
]

The 6 bottles cost $16.50.

Then the change is:

[
20 - 16.50 = 3.50
]

So the customer gets $3.50 change.

If 3 people share the cost:

[
16.50 \div 3 = 5.50
]

So each person pays $5.50.",0.7334991990138006,0.8141735760352523,0.08067437702145175,positive,0.26650080098619944,0.4594333604999116,correct,focus,focus,focus,focus,False,"[""baseline""]",1,baseline,False,"{""focus"":0.5884802937507629,""generic"":0.06907054781913757,""probing"":0.32698366045951843,""telling"":0.015465551055967808}","{""focus"":0.5884802937507629,""generic"":0.06907054781913757,""probing"":0.32698366045951843,""telling"":0.015465551055967808}",0.2614966332912445,0.8491585850715637,0.7330222725868225,0.8303930759429932,0.930258572101593
14,5413cab2-22c8-4536-a66b-66619d887e84:1,True,True,psn_f78c0817d43053e5bd31da20,Equation Solving Two or Fewer Steps,1,5413cab2-22c8-4536-a66b-66619d887e84:1:action:1,5413cab2-22c8-4536-a66b-66619d887e84:1:action:1:resolver:equation_solving_two_or_fewer_steps,observed_update,,ordinary-md7r1-v1,real,,2026-08-28T01:25:05.914230Z,,"I would start by letting the width be \(x\) cm. Then the length would be \(x + 4\) cm. Since the area is 96 cm², I can use the formula length × width = area to form an equation.",0.6416626571109912,0.720346893257565,0.07868423614657372,positive,0.35833734288900876,0.4701274018693393,correct,generic,generic,generic,generic,False,"[""baseline""]",1,baseline,False,"{""focus"":0.030821502208709717,""generic"":0.8909775614738464,""probing"":0.06675594300031662,""telling"":0.011445037089288235}","{""focus"":0.030821502208709717,""generic"":0.8909775614738464,""probing"":0.06675594300031662,""telling"":0.011445037089288235}",0.8242216184735298,0.292968213558197,0.11792639642953873,0.14149785041809082,0.15913042426109314
14,5413cab2-22c8-4536-a66b-66619d887e84:1,True,True,psn_f78c0817d43053e5bd31da20,Equation Solving Two or Fewer Steps,2,5413cab2-22c8-4536-a66b-66619d887e84:1:action:2,5413cab2-22c8-4536-a66b-66619d887e84:1:action:2:resolver:equation_solving_two_or_fewer_steps,observed_update,,ordinary-md7r1-v1,real,,2026-08-28T01:25:34.948772Z,"I would start by letting the width be \(x\) cm. Then the length would be \(x + 4\) cm. Since the area is 96 cm², I can use the formula length × width = area to form an equation.","I think the equation would be \(x + 4x = 96\), because the width is \(x\) and the length is \(x+4\).",0.720346893257565,0.597844763039139,-0.12250213021842593,negative,0.27965310674243504,0.5200592429213521,incorrect,probing,probing,probing,probing,False,"[""baseline""]",1,baseline,False,"{""focus"":0.009098878130316734,""generic"":0.005811885930597782,""probing"":0.9807745814323425,""telling"":0.0043147350661456585}","{""focus"":0.009098878130316734,""generic"":0.005811885930597782,""probing"":0.9807745814323425,""telling"":0.0043147350661456585}",0.9716757033020258,0.6998196244239807,0.7282776832580566,0.7295064926147461,0.8396002054214478
14,5413cab2-22c8-4536-a66b-66619d887e84:1,True,True,psn_f78c0817d43053e5bd31da20,Equation Solving Two or Fewer Steps,3,5413cab2-22c8-4536-a66b-66619d887e84:1:action:3,5413cab2-22c8-4536-a66b-66619d887e84:1:action:3:resolver:equation_solving_two_or_fewer_steps,observed_update,,ordinary-md7r1-v1,real,,2026-08-28T01:27:01.342059Z,"I think the equation would be \(x + 4x = 96\), because the width is \(x\) and the length is \(x+4\).","I would write it as \(x(x+4)=96\), because the width is \(x\) and the length is \(x+4\).",0.597844763039139,0.6876959091528465,0.08985114611370748,positive,0.402155236960861,0.4969613649621461,correct,focus,focus,focus,focus,False,"[""baseline""]",1,baseline,False,"{""focus"":0.6246800422668457,""generic"":0.04292258620262146,""probing"":0.323282927274704,""telling"":0.00911441259086132}","{""focus"":0.6246800422668457,""generic"":0.04292258620262146,""probing"":0.323282927274704,""telling"":0.00911441259086132}",0.3013971149921417,0.7620432376861572,0.6723799705505371,0.6888329386711121,0.6977011561393738
14,5413cab2-22c8-4536-a66b-66619d887e84:1,True,True,psn_f78c0817d43053e5bd31da20,Equation Solving Two or Fewer Steps,4,5413cab2-22c8-4536-a66b-66619d887e84:1:action:4,5413cab2-22c8-4536-a66b-66619d887e84:1:action:4:resolver:equation_solving_two_or_fewer_steps,observed_update,,ordinary-md7r1-v1,real,,2026-08-28T01:27:45.907011Z,"I would write it as \(x(x+4)=96\), because the width is \(x\) and the length is \(x+4\).",i dont know,0.6876959091528465,0.6400712782911971,-0.047624630861649364,negative,0.3123040908471535,0.19596551047264069,unknown,focus,focus,focus,focus,False,"[""baseline""]",1,baseline,False,"{""focus"":0.6106139421463013,""generic"":0.14922955632209778,""probing"":0.21275900304317474,""telling"":0.02739756368100643}","{""focus"":0.6106139421463013,""generic"":0.14922955632209778,""probing"":0.21275900304317474,""telling"":0.02739756368100643}",0.3978549391031265,0.3756888210773468,0.29519614577293396,0.5122179985046387,0.7908914089202881
14,5413cab2-22c8-4536-a66b-66619d887e84:1,True,True,psn_f78c0817d43053e5bd31da20,Equation Solving Two or Fewer Steps,5,5413cab2-22c8-4536-a66b-66619d887e84:1:action:5,5413cab2-22c8-4536-a66b-66619d887e84:1:action:5:resolver:equation_solving_two_or_fewer_steps,observed_update,,ordinary-md7r1-v1,real,,2026-08-28T01:28:10.763203Z,i dont know,i cannot understand clearly,0.6400712782911971,0.6136258448048111,-0.02644543348638606,negative,0.35992872170880286,0.10737421764501959,unknown,focus,focus,focus,focus,False,"[""baseline""]",1,baseline,False,"{""focus"":0.4485331177711487,""generic"":0.25203177332878113,""probing"":0.27005335688591003,""telling"":0.029381832107901573}","{""focus"":0.4485331177711487,""generic"":0.25203177332878113,""probing"":0.27005335688591003,""telling"":0.029381832107901573}",0.17847976088523865,0.4857621192932129,0.3546329140663147,0.5253850817680359,0.8560431599617004
14,5413cab2-22c8-4536-a66b-66619d887e84:1,True,True,psn_f78c0817d43053e5bd31da20,Equation Solving Two or Fewer Steps,6,5413cab2-22c8-4536-a66b-66619d887e84:1:action:6,5413cab2-22c8-4536-a66b-66619d887e84:1:action:6:resolver:equation_solving_two_or_fewer_steps,observed_update,,ordinary-md7r1-v1,real,,2026-08-28T01:28:54.881291Z,i cannot understand clearly,2x,0.6136258448048111,0.47522030526986353,-0.13840553953494755,negative,0.3863741551951889,0.5714748435290039,incorrect,focus,focus,focus,focus,False,"[""baseline""]",1,baseline,False,"{""focus"":0.49335554242134094,""generic"":0.19345122575759888,""probing"":0.274105042219162,""telling"":0.03908828645944595}","{""focus"":0.49335554242134094,""generic"":0.19345122575759888,""probing"":0.274105042219162,""telling"":0.03908828645944595}",0.21925050020217896,0.902459979057312,0.715753972530365,0.8003142476081848,0.9413939714431763
14,5413cab2-22c8-4536-a66b-66619d887e84:1,True,True,psn_f78c0817d43053e5bd31da20,Equation Solving Two or Fewer Steps,7,5413cab2-22c8-4536-a66b-66619d887e84:1:action:7,5413cab2-22c8-4536-a66b-66619d887e84:1:action:7:resolver:equation_solving_two_or_fewer_steps,observed_update,,ordinary-md7r1-v1,real,,2026-08-28T01:29:28.058104Z,2x,i really dont know,0.47522030526986353,0.4322559372346978,-0.042964368035165734,negative,0.5247796947301364,0.19596551047264069,unknown,focus,focus,focus,focus,False,"[""baseline""]",1,baseline,False,"{""focus"":0.6115859150886536,""generic"":0.13402031362056732,""probing"":0.21850161254405975,""telling"":0.03589209169149399}","{""focus"":0.6115859150886536,""generic"":0.13402031362056732,""probing"":0.21850161254405975,""telling"":0.03589209169149399}",0.3930843025445938,0.9412808418273926,0.8279802203178406,0.850310742855072,0.9442376494407654
14,5413cab2-22c8-4536-a66b-66619d887e84:1,True,True,psn_f78c0817d43053e5bd31da20,Equation Solving Two or Fewer Steps,8,5413cab2-22c8-4536-a66b-66619d887e84:1:action:8,5413cab2-22c8-4536-a66b-66619d887e84:1:action:8:resolver:equation_solving_two_or_fewer_steps,observed_update,,ordinary-md7r1-v1,real,,2026-08-28T01:30:15.454768Z,i really dont know,I think it would be \(x^2\).,0.4322559372346978,0.5281377008360285,0.09588176360133072,positive,0.5677440627653022,0.45137346883419005,correct,focus,focus,focus,focus,False,"[""baseline""]",1,baseline,False,"{""focus"":0.5910535454750061,""generic"":0.16785617172718048,""probing"":0.19797383248806,""telling"":0.04311641305685043}","{""focus"":0.5910535454750061,""generic"":0.16785617172718048,""probing"":0.19797383248806,""telling"":0.04311641305685043}",0.3930797129869461,0.8897101283073425,0.7565881609916687,0.8641954064369202,0.9156944751739502
14,5413cab2-22c8-4536-a66b-66619d887e84:1,True,True,psn_f78c0817d43053e5bd31da20,Equation Solving Two or Fewer Steps,9,5413cab2-22c8-4536-a66b-66619d887e84:1:action:9,5413cab2-22c8-4536-a66b-66619d887e84:1:action:9:resolver:equation_solving_two_or_fewer_steps,observed_update,,ordinary-md7r1-v1,real,,2026-08-28T01:31:14.213258Z,I think it would be \(x^2\).,"I get \(4x\), because \(x \times 4 = 4x\).",0.5281377008360285,0.6274962214242815,0.09935852058825301,positive,0.4718622991639715,0.5014693451818857,correct,focus,focus,focus,focus,False,"[""baseline""]",1,baseline,False,"{""focus"":0.5769901275634766,""generic"":0.1605382114648819,""probing"":0.20988087356090546,""telling"":0.052590738981962204}","{""focus"":0.5769901275634766,""generic"":0.1605382114648819,""probing"":0.20988087356090546,""telling"":0.052590738981962204}",0.3671092540025711,0.16286468505859375,0.16431617736816406,0.3797595500946045,0.31063729524612427
14,5413cab2-22c8-4536-a66b-66619d887e84:1,True,True,psn_f78c0817d43053e5bd31da20,Equation Solving Two or Fewer Steps,10,5413cab2-22c8-4536-a66b-66619d887e84:1:action:10,5413cab2-22c8-4536-a66b-66619d887e84:1:action:10:resolver:equation_solving_two_or_fewer_steps,observed_update,,ordinary-md7r1-v1,real,,2026-08-28T01:31:53.503234Z,"I get \(4x\), because \(x \times 4 = 4x\).",The simplified form is \(x^2 + 4x\).,0.6274962214242815,0.704294560436694,0.07679833901241251,positive,0.3725037785757185,0.4463284437834435,correct,focus,focus,focus,focus,False,"[""baseline""]",1,baseline,False,"{""focus"":0.43515074253082275,""generic"":0.2673192024230957,""probing"":0.0982419028878212,""telling"":0.19928814470767975}","{""focus"":0.43515074253082275,""generic"":0.2673192024230957,""probing"":0.0982419028878212,""telling"":0.19928814470767975}",0.16783154010772705,0.0933942198753357,0.08502061665058136,0.1659601628780365,0.1813596487045288
14,5413cab2-22c8-4536-a66b-66619d887e84:1,True,True,psn_f78c0817d43053e5bd31da20,Equation Solving Two or Fewer Steps,11,5413cab2-22c8-4536-a66b-66619d887e84:1:action:11,5413cab2-22c8-4536-a66b-66619d887e84:1:action:11:resolver:equation_solving_two_or_fewer_steps,observed_update,,ordinary-md7r1-v1,real,,2026-08-28T01:35:00.503526Z,The simplified form is \(x^2 + 4x\).,The complete equation is \(x^2 + 4x = 96\).,0.704294560436694,0.7689896010776588,0.06469504064096476,positive,0.29570543956330597,0.4463284437834435,correct,focus,focus,focus,focus,False,"[""baseline"",""generic_bias""]",2,baseline,False,"{""focus"":0.40176287293434143,""generic"":0.34918448328971863,""probing"":0.13934226334095,""telling"":0.10971035808324814}","{""focus"":0.40176287293434143,""generic"":0.34918448328971863,""probing"":0.13934226334095,""telling"":0.10971035808324814}",0.0525783896446228,0.0915231853723526,0.062339041382074356,0.11657527834177017,0.08848422765731812
14,5413cab2-22c8-4536-a66b-66619d887e84:1,True,True,psn_f78c0817d43053e5bd31da20,Equation Solving Two or Fewer Steps,12,5413cab2-22c8-4536-a66b-66619d887e84:1:action:12,5413cab2-22c8-4536-a66b-66619d887e84:1:action:12:resolver:equation_solving_two_or_fewer_steps,observed_update,,ordinary-md7r1-v1,real,,2026-08-28T01:35:45.760215Z,The complete equation is \(x^2 + 4x = 96\).,"It would be:

$$
x^2 + 4x - 96 = 0
$$",0.7689896010776588,0.8234446376053871,0.05445503652772832,positive,0.2310103989223412,0.4607186143256774,correct,focus,focus,focus,focus,False,"[""baseline""]",1,baseline,False,"{""focus"":0.5391053557395935,""generic"":0.2227952927350998,""probing"":0.11684555560350418,""telling"":0.12125380337238312}","{""focus"":0.5391053557395935,""generic"":0.2227952927350998,""probing"":0.11684555560350418,""telling"":0.12125380337238312}",0.3163100630044937,0.6327170133590698,0.4366408586502075,0.647248387336731,0.8536952137947083
14,5413cab2-22c8-4536-a66b-66619d887e84:1,True,True,psn_f78c0817d43053e5bd31da20,Equation Solving Two or Fewer Steps,13,5413cab2-22c8-4536-a66b-66619d887e84:1:action:13,5413cab2-22c8-4536-a66b-66619d887e84:1:action:13:resolver:equation_solving_two_or_fewer_steps,observed_update,,ordinary-md7r1-v1,real,,2026-08-28T01:36:53.810693Z,"It would be:

$$
x^2 + 4x - 96 = 0
$$",i dont know,0.8234446376053871,0.7846650475760931,-0.03877959002929399,negative,0.1765553623946129,0.19596551047264069,unknown,generic,generic,generic,generic,False,"[""baseline""]",1,baseline,False,"{""focus"":0.27229854464530945,""generic"":0.5200954675674438,""probing"":0.08440102636814117,""telling"":0.12320496886968613}","{""focus"":0.27229854464530945,""generic"":0.5200954675674438,""probing"":0.08440102636814117,""telling"":0.12320496886968613}",0.2477969229221344,0.17421618103981018,0.12917068600654602,0.27485162019729614,0.4486573040485382
14,5413cab2-22c8-4536-a66b-66619d887e84:1,True,True,psn_f78c0817d43053e5bd31da20,Equation Solving Two or Fewer Steps,14,5413cab2-22c8-4536-a66b-66619d887e84:1:action:14,5413cab2-22c8-4536-a66b-66619d887e84:1:action:14:resolver:equation_solving_two_or_fewer_steps,observed_update,,ordinary-md7r1-v1,real,,2026-08-28T01:37:45.032326Z,i dont know,i dont know about that,0.7846650475760931,0.7442457504674579,-0.04041929710863523,negative,0.21533495242390688,0.1857322753680818,unknown,generic,generic,generic,generic,False,"[""baseline""]",1,baseline,False,"{""focus"":0.28244245052337646,""generic"":0.5011603236198425,""probing"":0.07967546582221985,""telling"":0.13672174513339996}","{""focus"":0.28244245052337646,""generic"":0.5011603236198425,""probing"":0.07967546582221985,""telling"":0.13672174513339996}",0.21871787309646606,0.3668803572654724,0.2928292751312256,0.4931291937828064,0.8093696236610413
14,5413cab2-22c8-4536-a66b-66619d887e84:1,True,True,psn_f78c0817d43053e5bd31da20,Equation Solving Two or Fewer Steps,15,5413cab2-22c8-4536-a66b-66619d887e84:1:action:15,5413cab2-22c8-4536-a66b-66619d887e84:1:action:15:resolver:equation_solving_two_or_fewer_steps,observed_update,,ordinary-md7r1-v1,real,,2026-08-28T01:38:17.806530Z,i dont know about that,"I would factor the quadratic:

$$
x^2 + 4x - 96 = (x+12)(x-8)=0
$$

So,

$$
x=-12 \quad \text{or} \quad x=8
$$

Since the width cannot be negative, \(x=8\).

So the **width is 8 cm** and the **length is 12 cm**.",0.7442457504674579,0.8053713847086786,0.06112563424122075,positive,0.2557542495325421,0.4747798798055966,correct,generic,generic,generic,generic,False,"[""baseline""]",1,baseline,False,"{""focus"":0.2730100750923157,""generic"":0.5191153883934021,""probing"":0.0690777450799942,""telling"":0.13879677653312683}","{""focus"":0.2730100750923157,""generic"":0.5191153883934021,""probing"":0.0690777450799942,""telling"":0.13879677653312683}",0.24610531330108643,0.7067469954490662,0.5522887706756592,0.6211971044540405,0.8735705614089966
