environment,comparison,checkpoint,n_pairs,metric_name,threshold_a,threshold_b,mean_a,mean_b,mean_paired_difference,median_paired_difference,sd_paired_difference,bootstrap_ci_low,bootstrap_ci_high,permutation_p,holm_adjusted_p
E0_NO_CONTEXT,0.05-0.10,25,50,cumulative_regret,0.05,0.1,0.11433439814355024,0.22988953481703753,-0.11555513667348728,-0.11921502231593109,0.04111676563443223,-0.12663744009832398,-0.10421567256022535,1.999960000799984e-05,9.99980000399992e-05
E0_NO_CONTEXT,0.15-0.10,25,50,cumulative_regret,0.15,0.1,0.33258999779258436,0.22988953481703753,0.1027004629755468,0.10585648914988754,0.04863518857060512,0.08854029209876489,0.11564153077191823,1.999960000799984e-05,9.99980000399992e-05
E0_NO_CONTEXT,0.20-0.10,25,50,cumulative_regret,0.2,0.1,0.41439468712745847,0.22988953481703753,0.184505152310421,0.19720673475213318,0.07702319938924919,0.16403635874137035,0.20448837718579316,1.999960000799984e-05,9.99980000399992e-05
E0_NO_CONTEXT,0.30-0.10,25,50,cumulative_regret,0.3,0.1,0.5231910712249875,0.22988953481703753,0.29330153640795004,0.30759917632963457,0.13323374859737858,0.2551636076654463,0.32883392659690014,1.999960000799984e-05,9.99980000399992e-05
E0_NO_CONTEXT,0.00-0.10,25,50,cumulative_regret,0.0,0.1,0.0,0.22988953481703753,-0.22988953481703753,-0.2312265177686049,0.0575569375606535,-0.24591448905074828,-0.21444707646344777,1.999960000799984e-05,9.99980000399992e-05
E0_NO_CONTEXT,0.05-0.10,25,50,mean_reward,0.05,0.1,0.49493333333333334,0.4954666666666666,-0.0005333333333333323,0.0,0.002639315516295427,-0.001333333333333331,0.0,0.49883002339953203,1.0
E0_NO_CONTEXT,0.15-0.10,25,50,mean_reward,0.15,0.1,0.4954666666666667,0.4954666666666666,1.1102230246251566e-18,0.0,0.0038095238095237982,-0.0010666666666666624,0.0010666666666666648,1.0,1.0
E0_NO_CONTEXT,0.20-0.10,25,50,mean_reward,0.2,0.1,0.49653333333333327,0.4954666666666666,0.001066666666666667,0.0,0.005278631032590859,-0.0002666666666666662,0.0024000000000000046,0.29111417771644565,1.0
E0_NO_CONTEXT,0.30-0.10,25,50,mean_reward,0.3,0.1,0.4978666666666667,0.4954666666666666,0.002400000000000009,0.0,0.011329731320352796,-0.0005333333333333247,0.005600000000000004,0.19233615327693446,0.9616807663846723
E0_NO_CONTEXT,0.00-0.10,25,50,mean_reward,0.0,0.1,0.49493333333333334,0.4954666666666666,-0.0005333333333333323,0.0,0.002639315516295427,-0.001333333333333331,0.0,0.499710005799884,1.0
E0_NO_CONTEXT,0.05-0.10,25,50,optimal_arm_rate,0.05,0.1,0.7797333333333332,0.5885333333333334,0.19119999999999998,0.19999999999999996,0.05667170845918217,0.17493333333333333,0.20693333333333333,1.999960000799984e-05,9.99980000399992e-05
E0_NO_CONTEXT,0.15-0.10,25,50,optimal_arm_rate,0.15,0.1,0.4261333333333333,0.5885333333333334,-0.16240000000000004,-0.17333333333333334,0.06656809038568233,-0.18053333333333332,-0.1434666666666667,1.999960000799984e-05,9.99980000399992e-05
E0_NO_CONTEXT,0.20-0.10,25,50,optimal_arm_rate,0.2,0.1,0.3138666666666666,0.5885333333333334,-0.27466666666666667,-0.30000000000000004,0.09019002363239402,-0.2984,-0.2506666666666667,1.999960000799984e-05,9.99980000399992e-05
E0_NO_CONTEXT,0.30-0.10,25,50,optimal_arm_rate,0.3,0.1,0.2229333333333333,0.5885333333333334,-0.36560000000000004,-0.3733333333333334,0.13672130979948952,-0.40213333333333334,-0.3269333333333334,1.999960000799984e-05,9.99980000399992e-05
E0_NO_CONTEXT,0.00-0.10,25,50,optimal_arm_rate,0.0,0.1,1.0,0.5885333333333334,0.4114666666666666,0.4066666666666667,0.07666566104043218,0.3898666666666667,0.43279999999999996,1.999960000799984e-05,9.99980000399992e-05
E0_NO_CONTEXT,0.05-0.10,25,50,at_least_one_alternative_rate,0.05,0.1,0.3461333333333333,0.6034666666666667,-0.2573333333333333,-0.2533333333333334,0.04517539514526257,-0.2696,-0.24506666666666668,1.999960000799984e-05,9.99980000399992e-05
E0_NO_CONTEXT,0.15-0.10,25,50,at_least_one_alternative_rate,0.15,0.1,0.7741333333333332,0.6034666666666667,0.1706666666666667,0.17333333333333334,0.04833743824933151,0.15733333333333333,0.18346666666666667,1.999960000799984e-05,9.99980000399992e-05
E0_NO_CONTEXT,0.20-0.10,25,50,at_least_one_alternative_rate,0.2,0.1,0.8856,0.6034666666666667,0.2821333333333333,0.28,0.049914938984104214,0.2674666666666667,0.29440666666666665,1.999960000799984e-05,9.99980000399992e-05
E0_NO_CONTEXT,0.30-0.10,25,50,at_least_one_alternative_rate,0.3,0.1,0.9696000000000001,0.6034666666666667,0.3661333333333333,0.3733333333333334,0.05355125546101835,0.3506666666666667,0.37973333333333337,1.999960000799984e-05,9.99980000399992e-05
E0_NO_CONTEXT,0.00-0.10,25,50,at_least_one_alternative_rate,0.0,0.1,0.0,0.6034666666666667,-0.6034666666666667,-0.6,0.05152090476804452,-0.6176000000000001,-0.5901333333333333,1.999960000799984e-05,9.99980000399992e-05
E0_NO_CONTEXT,0.05-0.10,25,50,override_rate,0.05,0.1,0.019199999999999974,0.07333333333333329,-0.05413333333333333,-0.020000000000000052,0.06262062283008783,-0.07226666666666667,-0.0368,1.999960000799984e-05,9.99980000399992e-05
E0_NO_CONTEXT,0.15-0.10,25,50,override_rate,0.15,0.1,0.1461333333333333,0.07333333333333329,0.07279999999999999,0.04,0.11169150906527726,0.04185999999999999,0.10453333333333331,7.999840003199936e-05,9.99980000399992e-05
E0_NO_CONTEXT,0.20-0.10,25,50,override_rate,0.2,0.1,0.21386666666666662,0.07333333333333329,0.14053333333333334,0.12,0.1661670879981558,0.09572666666666668,0.18986666666666666,1.999960000799984e-05,9.99980000399992e-05
E0_NO_CONTEXT,0.30-0.10,25,50,override_rate,0.3,0.1,0.42773333333333335,0.07333333333333329,0.3544,0.38,0.23781453929909502,0.28906000000000004,0.4178733333333334,1.999960000799984e-05,9.99980000399992e-05
E0_NO_CONTEXT,0.00-0.10,25,50,override_rate,0.0,0.1,0.0,0.07333333333333329,-0.07333333333333329,-0.04,0.0748089024253542,-0.09467333333333332,-0.05253333333333331,1.999960000799984e-05,9.99980000399992e-05
E0_NO_CONTEXT,0.05-0.10,50,50,cumulative_regret,0.05,0.1,0.23685361794639131,0.47427204993556743,-0.23741843198917617,-0.2317083245008203,0.0726474033932766,-0.257568812803016,-0.2179186376261435,1.999960000799984e-05,9.99980000399992e-05
E0_NO_CONTEXT,0.15-0.10,50,50,cumulative_regret,0.15,0.1,0.6901189220746556,0.47427204993556743,0.21584687213908813,0.22524961161775436,0.09518039533738105,0.1875480328703502,0.24114149774367022,1.999960000799984e-05,9.99980000399992e-05
E0_NO_CONTEXT,0.20-0.10,50,50,cumulative_regret,0.2,0.1,0.8475815935613566,0.47427204993556743,0.37330954362578905,0.4255155931448218,0.14446267884733982,0.33348474980200266,0.41064277035565294,1.999960000799984e-05,9.99980000399992e-05
E0_NO_CONTEXT,0.30-0.10,50,50,cumulative_regret,0.3,0.1,1.0458589966946044,0.47427204993556743,0.5715869467590369,0.6221455895936772,0.27514126900605934,0.4952171708270031,0.6451741335645202,1.999960000799984e-05,9.99980000399992e-05
E0_NO_CONTEXT,0.00-0.10,50,50,cumulative_regret,0.0,0.1,0.0,0.47427204993556743,-0.47427204993556743,-0.49557073801186236,0.1131387961692257,-0.5060514306643877,-0.44433270341474196,1.999960000799984e-05,9.99980000399992e-05
E0_NO_CONTEXT,0.05-0.10,50,50,mean_reward,0.05,0.1,0.4991999999999999,0.49946666666666667,-0.00026666666666666836,0.0,0.0013196577581477242,-0.000666666666666671,0.0,0.502609947801044,1.0
E0_NO_CONTEXT,0.15-0.10,50,50,mean_reward,0.15,0.1,0.49946666666666667,0.49946666666666667,-2.220446049250313e-18,0.0,0.002332847374079226,-0.000666666666666671,0.0006666666666666665,1.0,1.0
E0_NO_CONTEXT,0.20-0.10,50,50,mean_reward,0.2,0.1,0.5004,0.49946666666666667,0.0009333333333333371,0.0,0.004858076474231172,-0.0003999999999999847,0.0022666666666666677,0.25693486130277393,1.0
E0_NO_CONTEXT,0.30-0.10,50,50,mean_reward,0.3,0.1,0.5036,0.49946666666666667,0.004133333333333346,0.0,0.010681112666780259,0.0013333333333333517,0.007333333333333348,0.008119837603247936,0.04059918801623968
E0_NO_CONTEXT,0.00-0.10,50,50,mean_reward,0.0,0.1,0.4991999999999999,0.49946666666666667,-0.00026666666666666836,0.0,0.0013196577581477242,-0.000666666666666671,0.0,0.499590008199836,1.0
E0_NO_CONTEXT,0.05-0.10,50,50,optimal_arm_rate,0.05,0.1,0.7757333333333333,0.5802666666666666,0.19546666666666668,0.19333333333333336,0.048793888320310834,0.18173000000000003,0.20933333333333332,1.999960000799984e-05,9.99980000399992e-05
E0_NO_CONTEXT,0.15-0.10,50,50,optimal_arm_rate,0.15,0.1,0.4150666666666666,0.5802666666666666,-0.16520000000000004,-0.17666666666666672,0.06342156403448672,-0.1816,-0.14666333333333334,1.999960000799984e-05,9.99980000399992e-05
E0_NO_CONTEXT,0.20-0.10,50,50,optimal_arm_rate,0.2,0.1,0.30279999999999996,0.5802666666666666,-0.2774666666666667,-0.30000000000000004,0.0876075561822538,-0.30014,-0.2535900000000001,1.999960000799984e-05,9.99980000399992e-05
E0_NO_CONTEXT,0.30-0.10,50,50,optimal_arm_rate,0.3,0.1,0.2206666666666666,0.5802666666666666,-0.35960000000000003,-0.4066666666666666,0.15808037795909904,-0.40187333333333336,-0.31693000000000005,1.999960000799984e-05,9.99980000399992e-05
E0_NO_CONTEXT,0.00-0.10,50,50,optimal_arm_rate,0.0,0.1,1.0,0.5802666666666666,0.41973333333333335,0.42333333333333334,0.06666612244675828,0.40186333333333335,0.43827,1.999960000799984e-05,9.99980000399992e-05
E0_NO_CONTEXT,0.05-0.10,50,50,at_least_one_alternative_rate,0.05,0.1,0.3502666666666666,0.6072,-0.2569333333333334,-0.25666666666666665,0.032969717432421164,-0.26599999999999996,-0.24773000000000003,1.999960000799984e-05,9.99980000399992e-05
E0_NO_CONTEXT,0.15-0.10,50,50,at_least_one_alternative_rate,0.15,0.1,0.7756000000000001,0.6072,0.16840000000000002,0.16666666666666669,0.033013705667567256,0.1592,0.17706666666666665,1.999960000799984e-05,9.99980000399992e-05
E0_NO_CONTEXT,0.20-0.10,50,50,at_least_one_alternative_rate,0.2,0.1,0.8852000000000001,0.6072,0.27799999999999997,0.28,0.037038926633581055,0.2674666666666667,0.2878666666666666,1.999960000799984e-05,9.99980000399992e-05
E0_NO_CONTEXT,0.30-0.10,50,50,at_least_one_alternative_rate,0.3,0.1,0.9733333333333333,0.6072,0.36613333333333337,0.36666666666666675,0.0433482967362268,0.3533333333333334,0.37707,1.999960000799984e-05,9.99980000399992e-05
E0_NO_CONTEXT,0.00-0.10,50,50,at_least_one_alternative_rate,0.0,0.1,0.0,0.6072,-0.6072,-0.61,0.04146610232133418,-0.6190666666666667,-0.5964,1.999960000799984e-05,9.99980000399992e-05
E0_NO_CONTEXT,0.05-0.10,50,50,override_rate,0.05,0.1,0.011999999999999969,0.0565333333333333,-0.044533333333333334,-0.01666666666666665,0.05289685338000427,-0.05919999999999999,-0.030266666666666664,1.999960000799984e-05,9.99980000399992e-05
E0_NO_CONTEXT,0.15-0.10,50,50,override_rate,0.15,0.1,0.11639999999999998,0.0565333333333333,0.059866666666666665,0.026666666666666596,0.09141359004242447,0.03493333333333335,0.08653666666666665,1.999960000799984e-05,9.99980000399992e-05
E0_NO_CONTEXT,0.20-0.10,50,50,override_rate,0.2,0.1,0.17959999999999998,0.0565333333333333,0.12306666666666669,0.08,0.15894327914823753,0.08066000000000002,0.1710733333333333,1.999960000799984e-05,9.99980000399992e-05
E0_NO_CONTEXT,0.30-0.10,50,50,override_rate,0.3,0.1,0.41586666666666666,0.0565333333333333,0.3593333333333334,0.35333333333333333,0.2580943595135283,0.28759666666666667,0.4292033333333333,1.999960000799984e-05,9.99980000399992e-05
E0_NO_CONTEXT,0.00-0.10,50,50,override_rate,0.0,0.1,0.0,0.0565333333333333,-0.0565333333333333,-0.0266666666666666,0.06122320784750112,-0.0741333333333333,-0.039999999999999966,1.999960000799984e-05,9.99980000399992e-05
E0_NO_CONTEXT,0.05-0.10,100,50,cumulative_regret,0.05,0.1,0.47508564883488374,0.9543511596082626,-0.47926551077337876,-0.4912042952226631,0.14245951538526325,-0.5195541898412231,-0.44080008327878156,1.999960000799984e-05,9.99980000399992e-05
E0_NO_CONTEXT,0.15-0.10,100,50,cumulative_regret,0.15,0.1,1.3890684094869328,0.9543511596082626,0.4347172498786702,0.45143344432613147,0.1835244379790051,0.38322507737431855,0.4834564107211501,1.999960000799984e-05,9.99980000399992e-05
E0_NO_CONTEXT,0.20-0.10,100,50,cumulative_regret,0.2,0.1,1.7007431148807766,0.9543511596082626,0.7463919552725138,0.8385298679588205,0.289769471295996,0.6650040186223565,0.8226332456482948,1.999960000799984e-05,9.99980000399992e-05
E0_NO_CONTEXT,0.30-0.10,100,50,cumulative_regret,0.3,0.1,2.0787965878112353,0.9543511596082626,1.1244454282029734,1.1874008961976128,0.5810170907528187,0.9597291169333616,1.2779363845332152,1.999960000799984e-05,9.99980000399992e-05
E0_NO_CONTEXT,0.00-0.10,100,50,cumulative_regret,0.0,0.1,0.0,0.9543511596082626,-0.9543511596082626,-0.9826262982284565,0.2168781589156032,-1.0131819902603976,-0.8955009611840972,1.999960000799984e-05,9.99980000399992e-05
E0_NO_CONTEXT,0.05-0.10,100,50,mean_reward,0.05,0.1,0.49853333333333333,0.49893333333333323,-0.0003999999999999959,0.0,0.001735320681741771,-0.0009333333333333282,4.4181238528784306e-18,0.1873962520749585,0.5725485490290194
E0_NO_CONTEXT,0.15-0.10,100,50,mean_reward,0.15,0.1,0.4988666666666666,0.49893333333333323,-6.66666666666571e-05,0.0,0.0023799998094475917,-0.0007333333333333281,0.0006000000000000115,1.0,1.0
E0_NO_CONTEXT,0.20-0.10,100,50,mean_reward,0.2,0.1,0.4998666666666666,0.49893333333333323,0.0009333333333333437,0.0,0.004098559007876202,-0.0001333333333333231,0.0021333333333333473,0.14313713725725485,0.5725485490290194
E0_NO_CONTEXT,0.30-0.10,100,50,mean_reward,0.3,0.1,0.5025333333333333,0.49893333333333323,0.00360000000000001,0.0,0.008132686491508266,0.0014000000000000145,0.00600000000000001,0.0020799584008319833,0.010399792004159917
E0_NO_CONTEXT,0.00-0.10,100,50,mean_reward,0.0,0.1,0.49853333333333333,0.49893333333333323,-0.0003999999999999959,0.0,0.001735320681741771,-0.0009333333333333282,4.4181238528784306e-18,0.1881562368752625,0.5725485490290194
E0_NO_CONTEXT,0.05-0.10,100,50,optimal_arm_rate,0.05,0.1,0.7744,0.5769333333333333,0.19746666666666662,0.19333333333333336,0.04195646161441422,0.18566666666666667,0.20879999999999999,1.999960000799984e-05,9.99980000399992e-05
E0_NO_CONTEXT,0.15-0.10,100,50,optimal_arm_rate,0.15,0.1,0.4116666666666666,0.5769333333333333,-0.16526666666666667,-0.17666666666666672,0.061938049658225865,-0.1812016666666667,-0.14819500000000002,1.999960000799984e-05,9.99980000399992e-05
E0_NO_CONTEXT,0.20-0.10,100,50,optimal_arm_rate,0.2,0.1,0.3048666666666666,0.5769333333333333,-0.2720666666666667,-0.28833333333333344,0.08477498561451392,-0.29433333333333334,-0.24806000000000009,1.999960000799984e-05,9.99980000399992e-05
E0_NO_CONTEXT,0.30-0.10,100,50,optimal_arm_rate,0.3,0.1,0.22806666666666664,0.5769333333333333,-0.3488666666666667,-0.38666666666666666,0.15921378545357825,-0.3906700000000001,-0.30500000000000005,1.999960000799984e-05,9.99980000399992e-05
E0_NO_CONTEXT,0.00-0.10,100,50,optimal_arm_rate,0.0,0.1,1.0,0.5769333333333333,0.4230666666666666,0.4116666666666667,0.05933050516839896,0.40713166666666667,0.4392666666666667,1.999960000799984e-05,9.99980000399992e-05
E0_NO_CONTEXT,0.05-0.10,100,50,at_least_one_alternative_rate,0.05,0.1,0.3497333333333333,0.6051333333333333,-0.25540000000000007,-0.26,0.027095949442499257,-0.26273500000000005,-0.24773166666666674,1.999960000799984e-05,9.99980000399992e-05
E0_NO_CONTEXT,0.15-0.10,100,50,at_least_one_alternative_rate,0.15,0.1,0.7758666666666666,0.6051333333333333,0.17073333333333335,0.16666666666666663,0.026197315124414786,0.16346666666666665,0.17759999999999998,1.999960000799984e-05,9.99980000399992e-05
E0_NO_CONTEXT,0.20-0.10,100,50,at_least_one_alternative_rate,0.2,0.1,0.8830666666666667,0.6051333333333333,0.2779333333333333,0.2733333333333333,0.029828610959044533,0.26986666666666664,0.28579999999999994,1.999960000799984e-05,9.99980000399992e-05
E0_NO_CONTEXT,0.30-0.10,100,50,at_least_one_alternative_rate,0.3,0.1,0.9723333333333334,0.6051333333333333,0.36719999999999997,0.36666666666666664,0.030112111002467808,0.35833333333333345,0.37546666666666667,1.999960000799984e-05,9.99980000399992e-05
E0_NO_CONTEXT,0.00-0.10,100,50,at_least_one_alternative_rate,0.0,0.1,0.0,0.6051333333333333,-0.6051333333333333,-0.6033333333333334,0.028165448993524005,-0.6134666666666667,-0.5973333333333333,1.999960000799984e-05,9.99980000399992e-05
E0_NO_CONTEXT,0.05-0.10,100,50,override_rate,0.05,0.1,0.008999999999999973,0.04866666666666664,-0.03966666666666667,-0.014999999999999951,0.05043686698259923,-0.05360166666666666,-0.026399999999999996,1.999960000799984e-05,9.99980000399992e-05
E0_NO_CONTEXT,0.15-0.10,100,50,override_rate,0.15,0.1,0.10139999999999999,0.04866666666666664,0.05273333333333334,0.0266666666666667,0.0795329050971815,0.031198333333333328,0.07553333333333334,1.999960000799984e-05,9.99980000399992e-05
E0_NO_CONTEXT,0.20-0.10,100,50,override_rate,0.2,0.1,0.1667333333333333,0.04866666666666664,0.11806666666666667,0.0916666666666667,0.14660649662483485,0.07879166666666668,0.16253499999999996,1.999960000799984e-05,9.99980000399992e-05
E0_NO_CONTEXT,0.30-0.10,100,50,override_rate,0.3,0.1,0.4151333333333333,0.04866666666666664,0.36646666666666666,0.3833333333333333,0.25491220310631857,0.2968549999999999,0.4377566666666665,1.999960000799984e-05,9.99980000399992e-05
E0_NO_CONTEXT,0.00-0.10,100,50,override_rate,0.0,0.1,0.0,0.04866666666666664,-0.04866666666666664,-0.0183333333333333,0.05797020111822172,-0.0652033333333333,-0.03339999999999998,1.999960000799984e-05,9.99980000399992e-05
E0_NO_CONTEXT,0.05-0.10,250,50,cumulative_regret,0.05,0.1,1.1648804966607702,2.3472642526966707,-1.1823837560359005,-1.2162875553813701,0.34962897212047916,-1.2770649682637027,-1.087035242521628,1.999960000799984e-05,9.99980000399992e-05
E0_NO_CONTEXT,0.15-0.10,250,50,cumulative_regret,0.15,0.1,3.467881461566469,2.3472642526966707,1.120617208869798,1.1298923042442857,0.4455555856207471,0.9994476265549733,1.239880874890414,1.999960000799984e-05,9.99980000399992e-05
E0_NO_CONTEXT,0.20-0.10,250,50,cumulative_regret,0.2,0.1,4.268142557905418,2.3472642526966707,1.9208783052087475,1.964457235570964,0.6706997012346653,1.7307731505267916,2.0956853181909,1.999960000799984e-05,9.99980000399992e-05
E0_NO_CONTEXT,0.30-0.10,250,50,cumulative_regret,0.3,0.1,5.104185771992384,2.3472642526966707,2.7569215192957137,3.0196708963394783,1.5053665704486046,2.3391189280865357,3.1535229197661656,1.999960000799984e-05,9.99980000399992e-05
E0_NO_CONTEXT,0.00-0.10,250,50,cumulative_regret,0.0,0.1,0.0,2.3472642526966707,-2.3472642526966707,-2.42136153668584,0.5704852838128487,-2.504222758257889,-2.194364750908034,1.999960000799984e-05,9.99980000399992e-05
E0_NO_CONTEXT,0.05-0.10,250,50,mean_reward,0.05,0.1,0.4994666666666667,0.49978666666666677,-0.0003199999999999981,0.0,0.0010961900624714914,-0.0006400000000000028,-5.3333333333327465e-05,0.057798844023119536,0.1907961840763185
E0_NO_CONTEXT,0.15-0.10,250,50,mean_reward,0.15,0.1,0.49989333333333336,0.49978666666666677,0.00010666666666667602,0.0,0.002012928733504461,-0.00042666666666665864,0.0006933333333333425,0.7887242255154897,0.7887242255154897
E0_NO_CONTEXT,0.20-0.10,250,50,mean_reward,0.2,0.1,0.50064,0.49978666666666677,0.0008533333333333215,0.0,0.002885698569814205,0.00010666666666664601,0.0016799999999999881,0.04769904601907962,0.1907961840763185
E0_NO_CONTEXT,0.30-0.10,250,50,mean_reward,0.3,0.1,0.5033333333333334,0.49978666666666677,0.003546666666666666,0.002666666666666595,0.006524247465314468,0.001813333333333351,0.005334000000000007,0.00037999240015199694,0.0018999620007599848
E0_NO_CONTEXT,0.00-0.10,250,50,mean_reward,0.0,0.1,0.49952000000000013,0.49978666666666677,-0.00026666666666666614,0.0,0.0011106575037800666,-0.0006133333333333258,4.431845786623949e-18,0.1361572768544629,0.2723145537089258
E0_NO_CONTEXT,0.05-0.10,250,50,optimal_arm_rate,0.05,0.1,0.7782399999999999,0.5803733333333334,0.19786666666666666,0.19933333333333336,0.03836948901242796,0.18733333333333338,0.20853333333333332,1.999960000799984e-05,9.99980000399992e-05
E0_NO_CONTEXT,0.15-0.10,250,50,optimal_arm_rate,0.15,0.1,0.41413333333333324,0.5803733333333334,-0.16624000000000003,-0.17933333333333334,0.05349529150450467,-0.18037400000000003,-0.15159733333333336,1.999960000799984e-05,9.99980000399992e-05
E0_NO_CONTEXT,0.20-0.10,250,50,optimal_arm_rate,0.2,0.1,0.3072266666666666,0.5803733333333334,-0.27314666666666665,-0.30066666666666675,0.07452465114388604,-0.29338733333333333,-0.252132,1.999960000799984e-05,9.99980000399992e-05
E0_NO_CONTEXT,0.30-0.10,250,50,optimal_arm_rate,0.3,0.1,0.23968,0.5803733333333334,-0.34069333333333324,-0.3933333333333333,0.16506786675461896,-0.38416333333333336,-0.2956513333333334,1.999960000799984e-05,9.99980000399992e-05
E0_NO_CONTEXT,0.00-0.10,250,50,optimal_arm_rate,0.0,0.1,1.0,0.5803733333333334,0.4196266666666667,0.41,0.06328801242736892,0.4029040000000001,0.4369413333333333,1.999960000799984e-05,9.99980000399992e-05
E0_NO_CONTEXT,0.05-0.10,250,50,at_least_one_alternative_rate,0.05,0.1,0.3456266666666666,0.5996533333333334,-0.2540266666666667,-0.25533333333333336,0.01738295357037842,-0.2586666666666667,-0.2489066666666667,1.999960000799984e-05,9.99980000399992e-05
E0_NO_CONTEXT,0.15-0.10,250,50,at_least_one_alternative_rate,0.15,0.1,0.7721866666666667,0.5996533333333334,0.17253333333333334,0.17400000000000004,0.015318833724101415,0.16805333333333333,0.17677333333333334,1.999960000799984e-05,9.99980000399992e-05
E0_NO_CONTEXT,0.20-0.10,250,50,at_least_one_alternative_rate,0.2,0.1,0.8788799999999999,0.5996533333333334,0.2792266666666666,0.27866666666666673,0.016171619270848224,0.2747193333333333,0.2837866666666667,1.999960000799984e-05,9.99980000399992e-05
E0_NO_CONTEXT,0.30-0.10,250,50,at_least_one_alternative_rate,0.3,0.1,0.97328,0.5996533333333334,0.3736266666666666,0.37333333333333335,0.01617206796649474,0.36901266666666666,0.3781873333333333,1.999960000799984e-05,9.99980000399992e-05
E0_NO_CONTEXT,0.00-0.10,250,50,at_least_one_alternative_rate,0.0,0.1,0.0,0.5996533333333334,-0.5996533333333334,-0.6026666666666667,0.016916623605052254,-0.6043740000000001,-0.5948533333333333,1.999960000799984e-05,9.99980000399992e-05
E0_NO_CONTEXT,0.05-0.10,250,50,override_rate,0.05,0.1,0.007839999999999974,0.04471999999999997,-0.036879999999999996,-0.016,0.04443659703963147,-0.04917333333333332,-0.02453266666666666,1.999960000799984e-05,9.99980000399992e-05
E0_NO_CONTEXT,0.15-0.10,250,50,override_rate,0.15,0.1,0.09573333333333331,0.04471999999999997,0.051013333333333334,0.02399999999999995,0.0756139185018328,0.030693333333333343,0.07277600000000001,3.999920001599968e-05,9.99980000399992e-05
E0_NO_CONTEXT,0.20-0.10,250,50,override_rate,0.2,0.1,0.16210666666666662,0.04471999999999997,0.1173866666666667,0.11200000000000004,0.13549806267494058,0.08261200000000002,0.1587786666666665,1.999960000799984e-05,9.99980000399992e-05
E0_NO_CONTEXT,0.30-0.10,250,50,override_rate,0.3,0.1,0.4097866666666667,0.04471999999999997,0.36506666666666665,0.3686666666666667,0.24471246489745976,0.2982806666666667,0.4338153333333334,1.999960000799984e-05,9.99980000399992e-05
E0_NO_CONTEXT,0.00-0.10,250,50,override_rate,0.0,0.1,0.0,0.04471999999999997,-0.04471999999999997,-0.022,0.05009430381167521,-0.05861399999999996,-0.03079999999999997,1.999960000799984e-05,9.99980000399992e-05
E0_NO_CONTEXT,0.05-0.10,500,50,cumulative_regret,0.05,0.1,2.317222202176292,4.6871622300745805,-2.369940027898289,-2.5713194089823537,0.6932894545902973,-2.5504627192139586,-2.1841294376353644,1.999960000799984e-05,9.99980000399992e-05
E0_NO_CONTEXT,0.15-0.10,500,50,cumulative_regret,0.15,0.1,6.925810935846313,4.6871622300745805,2.2386487057717317,2.28413448663645,0.8339601004885558,2.017920461936779,2.46022705364488,1.999960000799984e-05,9.99980000399992e-05
E0_NO_CONTEXT,0.20-0.10,500,50,cumulative_regret,0.2,0.1,8.535247610320262,4.6871622300745805,3.8480853802456823,4.153080904231077,1.304785173567193,3.4719564844868853,4.196121803450463,1.999960000799984e-05,9.99980000399992e-05
E0_NO_CONTEXT,0.30-0.10,500,50,cumulative_regret,0.3,0.1,10.123721803225184,4.6871622300745805,5.4365595731506025,5.865275185743062,2.885235504522296,4.6198200532485165,6.189126126225564,1.999960000799984e-05,9.99980000399992e-05
E0_NO_CONTEXT,0.00-0.10,500,50,cumulative_regret,0.0,0.1,0.0,4.6871622300745805,-4.6871622300745805,-4.832481861425951,1.1823645932047657,-5.000913272099224,-4.365237230330469,1.999960000799984e-05,9.99980000399992e-05
E0_NO_CONTEXT,0.05-0.10,500,50,mean_reward,0.05,0.1,0.5011733333333334,0.50148,-0.00030666666666667177,0.0,0.0010451052090383814,-0.0006133333333333314,-4.0000000000003236e-05,0.0504589908201836,0.1513769724605508
E0_NO_CONTEXT,0.15-0.10,500,50,mean_reward,0.15,0.1,0.5018266666666666,0.50148,0.00034666666666666624,0.0,0.0019897241687162645,-0.00019999999999999245,0.0008933333333333348,0.24581508369832603,0.24581508369832603
E0_NO_CONTEXT,0.20-0.10,500,50,mean_reward,0.2,0.1,0.5027333333333334,0.50148,0.0012533333333333075,0.0006666666666665932,0.0033282682605992454,0.00038666666666665247,0.0022266666666666316,0.008979820403591928,0.035919281614367714
E0_NO_CONTEXT,0.30-0.10,500,50,mean_reward,0.3,0.1,0.5054133333333333,0.50148,0.003933333333333313,0.0033333333333334103,0.00623245837651287,0.002280000000000007,0.005666999999999988,1.999960000799984e-05,9.99980000399992e-05
E0_NO_CONTEXT,0.00-0.10,500,50,mean_reward,0.0,0.1,0.5011733333333334,0.50148,-0.0003066666666666751,0.0,0.0011204955172072818,-0.0006266666666666778,-2.221911416249063e-17,0.07157856842863143,0.1513769724605508
E0_NO_CONTEXT,0.05-0.10,500,50,optimal_arm_rate,0.05,0.1,0.7791733333333332,0.5808533333333333,0.19832,0.20233333333333337,0.03775040117820798,0.18773333333333336,0.20844100000000002,1.999960000799984e-05,9.99980000399992e-05
E0_NO_CONTEXT,0.15-0.10,500,50,optimal_arm_rate,0.15,0.1,0.41650666666666664,0.5808533333333333,-0.1643466666666667,-0.1736666666666667,0.04842672000956036,-0.17739233333333332,-0.15106633333333336,1.999960000799984e-05,9.99980000399992e-05
E0_NO_CONTEXT,0.20-0.10,500,50,optimal_arm_rate,0.2,0.1,0.31139999999999995,0.5808533333333333,-0.2694533333333334,-0.28866666666666674,0.07513612016392637,-0.2889236666666667,-0.24747466666666673,1.999960000799984e-05,9.99980000399992e-05
E0_NO_CONTEXT,0.30-0.10,500,50,optimal_arm_rate,0.3,0.1,0.24593333333333334,0.5808533333333333,-0.33492000000000005,-0.35900000000000004,0.16049520249115154,-0.37698866666666675,-0.29075666666666666,1.999960000799984e-05,9.99980000399992e-05
E0_NO_CONTEXT,0.00-0.10,500,50,optimal_arm_rate,0.0,0.1,1.0,0.5808533333333333,0.4191466666666668,0.4056666666666667,0.06610649554192437,0.401559,0.43738800000000005,1.999960000799984e-05,9.99980000399992e-05
E0_NO_CONTEXT,0.05-0.10,500,50,at_least_one_alternative_rate,0.05,0.1,0.3452799999999999,0.5998133333333333,-0.2545333333333334,-0.2536666666666667,0.01188760668695613,-0.25768066666666667,-0.25105333333333335,1.999960000799984e-05,9.99980000399992e-05
E0_NO_CONTEXT,0.15-0.10,500,50,at_least_one_alternative_rate,0.15,0.1,0.7707999999999999,0.5998133333333333,0.17098666666666668,0.1716666666666667,0.011404132600194183,0.167773,0.17412033333333335,1.999960000799984e-05,9.99980000399992e-05
E0_NO_CONTEXT,0.20-0.10,500,50,at_least_one_alternative_rate,0.2,0.1,0.8770133333333334,0.5998133333333333,0.2772,0.2763333333333334,0.011543077162762426,0.27397333333333335,0.280334,1.999960000799984e-05,9.99980000399992e-05
E0_NO_CONTEXT,0.30-0.10,500,50,at_least_one_alternative_rate,0.3,0.1,0.9719466666666667,0.5998133333333333,0.37213333333333337,0.3723333333333334,0.012733443743511059,0.3685596666666667,0.37560033333333337,1.999960000799984e-05,9.99980000399992e-05
E0_NO_CONTEXT,0.00-0.10,500,50,at_least_one_alternative_rate,0.0,0.1,0.0,0.5998133333333333,-0.5998133333333333,-0.5986666666666667,0.013265842793958229,-0.60344,-0.5961716666666667,1.999960000799984e-05,9.99980000399992e-05
E0_NO_CONTEXT,0.05-0.10,500,50,override_rate,0.05,0.1,0.008186666666666632,0.04790666666666664,-0.039720000000000005,-0.012666666666666649,0.04860635345684638,-0.05282866666666666,-0.02641333333333333,1.999960000799984e-05,9.99980000399992e-05
E0_NO_CONTEXT,0.15-0.10,500,50,override_rate,0.15,0.1,0.10090666666666664,0.04790666666666664,0.05299999999999999,0.039,0.0717732951430517,0.034676000000000005,0.07328666666666662,1.999960000799984e-05,9.99980000399992e-05
E0_NO_CONTEXT,0.20-0.10,500,50,override_rate,0.2,0.1,0.16979999999999998,0.04790666666666664,0.12189333333333333,0.11699999999999999,0.13103553100395146,0.087412,0.16113399999999997,1.999960000799984e-05,9.99980000399992e-05
E0_NO_CONTEXT,0.30-0.10,500,50,override_rate,0.3,0.1,0.40989333333333333,0.04790666666666664,0.3619866666666667,0.36333333333333334,0.23484426218878157,0.2983956666666667,0.4290073333333333,1.999960000799984e-05,9.99980000399992e-05
E0_NO_CONTEXT,0.00-0.10,500,50,override_rate,0.0,0.1,0.0,0.04790666666666664,-0.04790666666666664,-0.0233333333333333,0.05397438041790381,-0.06213733333333329,-0.03314599999999997,1.999960000799984e-05,9.99980000399992e-05
E3_QUALITY,0.05-0.10,25,50,cumulative_regret,0.05,0.1,0.16461713472216657,0.30648180978851264,-0.14186467506634606,-0.13458729225452487,0.054438224985322775,-0.15625484669890438,-0.12726778772980263,1.999960000799984e-05,9.99980000399992e-05
E3_QUALITY,0.15-0.10,25,50,cumulative_regret,0.15,0.1,0.43985397009767235,0.30648180978851264,0.13337216030915974,0.12157227034633165,0.055772397894525094,0.1183771900668581,0.148700207181333,1.999960000799984e-05,9.99980000399992e-05
E3_QUALITY,0.20-0.10,25,50,cumulative_regret,0.2,0.1,0.529467039097363,0.30648180978851264,0.22298522930885042,0.23161202428109126,0.12464887944189086,0.190687769497292,0.25624283168100065,1.999960000799984e-05,9.99980000399992e-05
E3_QUALITY,0.30-0.10,25,50,cumulative_regret,0.3,0.1,0.6741936172818649,0.30648180978851264,0.36771180749335236,0.35420389591909524,0.18201445106543906,0.3179588122870149,0.41722447629659937,1.999960000799984e-05,9.99980000399992e-05
E3_QUALITY,0.00-0.10,25,50,cumulative_regret,0.0,0.1,0.0,0.30648180978851264,-0.30648180978851264,-0.29971184828497827,0.08504676332682647,-0.3289221958771883,-0.2835632953515324,1.999960000799984e-05,9.99980000399992e-05
E3_QUALITY,0.05-0.10,25,50,mean_reward,0.05,0.1,0.49573333333333336,0.4960000000000001,-0.0002666666666666673,0.0,0.0018856180831641311,-0.0008000000000000018,0.0,1.0,1.0
E3_QUALITY,0.15-0.10,25,50,mean_reward,0.15,0.1,0.4965333333333334,0.4960000000000001,0.0005333333333333346,0.0,0.003771236166328262,-0.0005333333333333335,0.0016000000000000038,0.625987480250395,1.0
E3_QUALITY,0.20-0.10,25,50,mean_reward,0.2,0.1,0.49760000000000004,0.4960000000000001,0.0016000000000000035,0.0,0.0079179465488863,-0.0005333333333333347,0.0037333333333333446,0.24937501249975,1.0
E3_QUALITY,0.30-0.10,25,50,mean_reward,0.3,0.1,0.49599999999999994,0.4960000000000001,4.440892098500626e-18,0.0,0.014253932901995977,-0.003999999999999996,0.003733333333333342,1.0,1.0
E3_QUALITY,0.00-0.10,25,50,mean_reward,0.0,0.1,0.4952,0.4960000000000001,-0.0007999999999999996,0.0,0.003198639166427934,-0.0018666666666666653,0.0,0.25313493730125397,1.0
E3_QUALITY,0.05-0.10,25,50,optimal_arm_rate,0.05,0.1,0.7770666666666667,0.5922666666666667,0.1848,0.17999999999999994,0.0531977869384375,0.17092666666666664,0.1992,1.999960000799984e-05,9.99980000399992e-05
E3_QUALITY,0.15-0.10,25,50,optimal_arm_rate,0.15,0.1,0.44186666666666663,0.5922666666666667,-0.15039999999999998,-0.14666666666666667,0.048265328654359944,-0.16293333333333332,-0.136,1.999960000799984e-05,9.99980000399992e-05
E3_QUALITY,0.20-0.10,25,50,optimal_arm_rate,0.2,0.1,0.3671999999999999,0.5922666666666667,-0.22506666666666666,-0.23333333333333336,0.09061703323337252,-0.2482666666666667,-0.19946666666666668,1.999960000799984e-05,9.99980000399992e-05
E3_QUALITY,0.30-0.10,25,50,optimal_arm_rate,0.3,0.1,0.2567999999999999,0.5922666666666667,-0.33546666666666675,-0.3400000000000001,0.1271308358861318,-0.36960666666666664,-0.3005333333333334,1.999960000799984e-05,9.99980000399992e-05
E3_QUALITY,0.00-0.10,25,50,optimal_arm_rate,0.0,0.1,1.0,0.5922666666666667,0.40773333333333334,0.4066666666666667,0.07183200355477966,0.38826,0.42693333333333333,1.999960000799984e-05,9.99980000399992e-05
E3_QUALITY,0.05-0.10,25,50,at_least_one_alternative_rate,0.05,0.1,0.34026666666666655,0.5885333333333334,-0.24826666666666672,-0.24000000000000005,0.052641085667250044,-0.2632066666666667,-0.23386666666666667,1.999960000799984e-05,9.99980000399992e-05
E3_QUALITY,0.15-0.10,25,50,at_least_one_alternative_rate,0.15,0.1,0.7666666666666667,0.5885333333333334,0.17813333333333334,0.17333333333333334,0.04179726471754437,0.16666666666666669,0.1890666666666667,1.999960000799984e-05,9.99980000399992e-05
E3_QUALITY,0.20-0.10,25,50,at_least_one_alternative_rate,0.2,0.1,0.8693333333333335,0.5885333333333334,0.2808,0.2800000000000001,0.04753592745590402,0.2674666666666667,0.2941333333333333,1.999960000799984e-05,9.99980000399992e-05
E3_QUALITY,0.30-0.10,25,50,at_least_one_alternative_rate,0.3,0.1,0.9712,0.5885333333333334,0.3826666666666667,0.3866666666666667,0.05554920598635311,0.3674666666666667,0.3978666666666667,1.999960000799984e-05,9.99980000399992e-05
E3_QUALITY,0.00-0.10,25,50,at_least_one_alternative_rate,0.0,0.1,0.0,0.5885333333333334,-0.5885333333333334,-0.5866666666666667,0.05447818844154985,-0.6032,-0.5736,1.999960000799984e-05,9.99980000399992e-05
E3_QUALITY,0.05-0.10,25,50,override_rate,0.05,0.1,0.020799999999999975,0.07466666666666665,-0.05386666666666667,-0.03333333333333335,0.06685470081010132,-0.07414,-0.03653333333333334,1.999960000799984e-05,9.99980000399992e-05
E3_QUALITY,0.15-0.10,25,50,override_rate,0.15,0.1,0.13679999999999998,0.07466666666666665,0.06213333333333333,0.0266666666666667,0.10145821163160226,0.03759333333333332,0.0917333333333333,1.999960000799984e-05,9.99980000399992e-05
E3_QUALITY,0.20-0.10,25,50,override_rate,0.2,0.1,0.28586666666666666,0.07466666666666665,0.2112,0.13333333333333328,0.19648355363254344,0.1616,0.2677333333333333,1.999960000799984e-05,9.99980000399992e-05
E3_QUALITY,0.30-0.10,25,50,override_rate,0.3,0.1,0.5216,0.07466666666666665,0.4469333333333333,0.43333333333333335,0.26548363431801775,0.37893333333333334,0.5221399999999999,1.999960000799984e-05,9.99980000399992e-05
E3_QUALITY,0.00-0.10,25,50,override_rate,0.0,0.1,0.0,0.07466666666666665,-0.07466666666666665,-0.04666666666666665,0.08099158714464494,-0.10053999999999998,-0.05413333333333331,1.999960000799984e-05,9.99980000399992e-05
E3_QUALITY,0.05-0.10,50,50,cumulative_regret,0.05,0.1,0.3366671855155657,0.6191435458595484,-0.2824763603439826,-0.27351419776731567,0.09324247616987454,-0.3074786178763204,-0.25729123658101666,1.999960000799984e-05,9.99980000399992e-05
E3_QUALITY,0.15-0.10,50,50,cumulative_regret,0.15,0.1,0.880525493102528,0.6191435458595484,0.2613819472429795,0.26232852059278344,0.10277326527646828,0.23389260700212955,0.2883824378980936,1.999960000799984e-05,9.99980000399992e-05
E3_QUALITY,0.20-0.10,50,50,cumulative_regret,0.2,0.1,1.0662375351885158,0.6191435458595484,0.4470939893289675,0.45553637899437927,0.22981615738794448,0.3854117817947819,0.5064542595336562,1.999960000799984e-05,9.99980000399992e-05
E3_QUALITY,0.30-0.10,50,50,cumulative_regret,0.3,0.1,1.3404964364852043,0.6191435458595484,0.7213528906256559,0.712963477699432,0.35344136113140145,0.6217689943705051,0.8163444707838813,1.999960000799984e-05,9.99980000399992e-05
E3_QUALITY,0.00-0.10,50,50,cumulative_regret,0.0,0.1,0.0,0.6191435458595484,-0.6191435458595484,-0.614594829482064,0.15116141138394978,-0.6594019411110681,-0.5784397678547878,1.999960000799984e-05,9.99980000399992e-05
E3_QUALITY,0.05-0.10,50,50,mean_reward,0.05,0.1,0.494,0.49439999999999995,-0.00040000000000000034,0.0,0.002487155210895356,-0.001199999999999999,0.00013333333333333643,0.500729985400292,1.0
E3_QUALITY,0.15-0.10,50,50,mean_reward,0.15,0.1,0.49439999999999995,0.49439999999999995,1.1102230246251566e-18,0.0,0.0026937401188058987,-0.0006666666666666722,0.0008000000000000008,1.0,1.0
E3_QUALITY,0.20-0.10,50,50,mean_reward,0.2,0.1,0.4958666666666667,0.49439999999999995,0.001466666666666676,0.0,0.006214604990885906,-0.00013333333333333093,0.0032000000000000214,0.1373972520549589,0.6869862602747945
E3_QUALITY,0.30-0.10,50,50,mean_reward,0.3,0.1,0.4938666666666667,0.49439999999999995,-0.0005333333333333379,0.0,0.010591572399586946,-0.003466666666666678,0.00226666666666668,0.7910841783164336,1.0
E3_QUALITY,0.00-0.10,50,50,mean_reward,0.0,0.1,0.4938666666666666,0.49439999999999995,-0.0005333333333333346,0.0,0.0026393155162954375,-0.0013333333333333374,0.0001333333333333342,0.3133337333253335,1.0
E3_QUALITY,0.05-0.10,50,50,optimal_arm_rate,0.05,0.1,0.7689333333333334,0.5841333333333333,0.18479999999999996,0.19333333333333325,0.044160909649180506,0.17226666666666665,0.19653333333333334,1.999960000799984e-05,9.99980000399992e-05
E3_QUALITY,0.15-0.10,50,50,optimal_arm_rate,0.15,0.1,0.43733333333333335,0.5841333333333333,-0.14679999999999999,-0.1466666666666667,0.043424602993288465,-0.15787000000000004,-0.13426333333333335,1.999960000799984e-05,9.99980000399992e-05
E3_QUALITY,0.20-0.10,50,50,optimal_arm_rate,0.2,0.1,0.35559999999999997,0.5841333333333333,-0.2285333333333334,-0.2533333333333333,0.07897345918874157,-0.24840333333333334,-0.2062666666666667,1.999960000799984e-05,9.99980000399992e-05
E3_QUALITY,0.30-0.10,50,50,optimal_arm_rate,0.3,0.1,0.2525333333333333,0.5841333333333333,-0.33160000000000006,-0.3633333333333333,0.12462595282650335,-0.36320666666666673,-0.29613000000000006,1.999960000799984e-05,9.99980000399992e-05
E3_QUALITY,0.00-0.10,50,50,optimal_arm_rate,0.0,0.1,1.0,0.5841333333333333,0.4158666666666667,0.4166666666666667,0.056502603636355335,0.40026666666666666,0.4309366666666667,1.999960000799984e-05,9.99980000399992e-05
E3_QUALITY,0.05-0.10,50,50,at_least_one_alternative_rate,0.05,0.1,0.3436,0.5923999999999999,-0.24880000000000002,-0.26,0.03841390526767399,-0.2594700000000001,-0.2386666666666667,1.999960000799984e-05,9.99980000399992e-05
E3_QUALITY,0.15-0.10,50,50,at_least_one_alternative_rate,0.15,0.1,0.7684000000000001,0.5923999999999999,0.176,0.17333333333333334,0.032659863237109045,0.16706333333333334,0.18506999999999998,1.999960000799984e-05,9.99980000399992e-05
E3_QUALITY,0.20-0.10,50,50,at_least_one_alternative_rate,0.2,0.1,0.8736,0.5923999999999999,0.28119999999999995,0.2833333333333333,0.035010591206071334,0.27092999999999995,0.2909333333333334,1.999960000799984e-05,9.99980000399992e-05
E3_QUALITY,0.30-0.10,50,50,at_least_one_alternative_rate,0.3,0.1,0.9717333333333333,0.5923999999999999,0.3793333333333333,0.37999999999999995,0.041299744965802916,0.3678666666666667,0.3909366666666667,1.999960000799984e-05,9.99980000399992e-05
E3_QUALITY,0.00-0.10,50,50,at_least_one_alternative_rate,0.0,0.1,0.0,0.5923999999999999,-0.5923999999999999,-0.5966666666666667,0.04125052050795081,-0.6035999999999999,-0.5813333333333333,1.999960000799984e-05,9.99980000399992e-05
E3_QUALITY,0.05-0.10,50,50,override_rate,0.05,0.1,0.013199999999999974,0.0553333333333333,-0.04213333333333333,-0.02,0.058125519040425094,-0.059733333333333326,-0.027333333333333334,1.999960000799984e-05,9.99980000399992e-05
E3_QUALITY,0.15-0.10,50,50,override_rate,0.15,0.1,0.10933333333333332,0.0553333333333333,0.053999999999999986,0.023333333333333293,0.08824054939665284,0.032529999999999996,0.08081333333333324,1.999960000799984e-05,9.99980000399992e-05
E3_QUALITY,0.20-0.10,50,50,override_rate,0.2,0.1,0.24439999999999998,0.0553333333333333,0.18906666666666666,0.1466666666666666,0.16883090065468767,0.14586666666666667,0.23906666666666665,1.999960000799984e-05,9.99980000399992e-05
E3_QUALITY,0.30-0.10,50,50,override_rate,0.3,0.1,0.49946666666666656,0.0553333333333333,0.44413333333333327,0.44666666666666677,0.25441904833206774,0.37812666666666667,0.51442,1.999960000799984e-05,9.99980000399992e-05
E3_QUALITY,0.00-0.10,50,50,override_rate,0.0,0.1,0.0,0.0553333333333333,-0.0553333333333333,-0.02999999999999995,0.06660200946217082,-0.07639999999999997,-0.03866333333333332,1.999960000799984e-05,9.99980000399992e-05
E3_QUALITY,0.05-0.10,100,50,cumulative_regret,0.05,0.1,0.6723584861671829,1.2623476542029726,-0.5899891680357896,-0.6194158139492683,0.16991388332316726,-0.6344930599155297,-0.5448585015444921,1.999960000799984e-05,9.99980000399992e-05
E3_QUALITY,0.15-0.10,100,50,cumulative_regret,0.15,0.1,1.772302488966807,1.2623476542029726,0.5099548347638343,0.526264319727561,0.17920453153227703,0.4585202966649073,0.5574363229749594,1.999960000799984e-05,9.99980000399992e-05
E3_QUALITY,0.20-0.10,100,50,cumulative_regret,0.2,0.1,2.152030104822003,1.2623476542029726,0.8896824506190301,0.9118222998027778,0.3987878261296709,0.7840685689690493,0.9959521087305375,1.999960000799984e-05,9.99980000399992e-05
E3_QUALITY,0.30-0.10,100,50,cumulative_regret,0.3,0.1,2.663352869962157,1.2623476542029726,1.4010052157591846,1.4037512609690204,0.7138882593488983,1.2009841028654005,1.5960856344245122,1.999960000799984e-05,9.99980000399992e-05
E3_QUALITY,0.00-0.10,100,50,cumulative_regret,0.0,0.1,0.0,1.2623476542029726,-1.2623476542029726,-1.2448378532362874,0.31683964215442445,-1.344500255984824,-1.178214188680176,1.999960000799984e-05,9.99980000399992e-05
E3_QUALITY,0.05-0.10,100,50,mean_reward,0.05,0.1,0.5024666666666666,0.5029333333333333,-0.00046666666666666856,0.0,0.0020214271692182138,-0.001066666666666669,2.222614453595284e-18,0.17859642807143858,0.7143857122857543
E3_QUALITY,0.15-0.10,100,50,mean_reward,0.15,0.1,0.5028666666666667,0.5029333333333333,-6.666666666666155e-05,0.0,0.0031936728832585273,-0.0008666666666666623,0.0009333333333333392,1.0,1.0
E3_QUALITY,0.20-0.10,100,50,mean_reward,0.2,0.1,0.5038666666666667,0.5029333333333333,0.0009333333333333394,0.0,0.004858076474231187,-0.00033500000000000484,0.002266666666666677,0.21427571448571028,0.7143857122857543
E3_QUALITY,0.30-0.10,100,50,mean_reward,0.3,0.1,0.5024666666666666,0.5029333333333333,-0.00046666666666667745,0.0,0.0076193452322825895,-0.0026000000000000107,0.0015999999999999825,0.7129657406851863,1.0
E3_QUALITY,0.00-0.10,100,50,mean_reward,0.0,0.1,0.5024,0.5029333333333333,-0.000533333333333339,0.0,0.0020603150145508675,-0.0011333333333333417,-4.444890094011668e-18,0.11469770604587909,0.5734885302293955
E3_QUALITY,0.05-0.10,100,50,optimal_arm_rate,0.05,0.1,0.7710000000000001,0.5800666666666667,0.19093333333333334,0.1916666666666667,0.03580015074899536,0.18126666666666666,0.200935,1.999960000799984e-05,9.99980000399992e-05
E3_QUALITY,0.15-0.10,100,50,optimal_arm_rate,0.15,0.1,0.43553333333333333,0.5800666666666667,-0.14453333333333335,-0.15000000000000002,0.03743935383282544,-0.1542666666666667,-0.13326500000000002,1.999960000799984e-05,9.99980000399992e-05
E3_QUALITY,0.20-0.10,100,50,optimal_arm_rate,0.2,0.1,0.34759999999999996,0.5800666666666667,-0.2324666666666667,-0.24833333333333332,0.06603033041828121,-0.24940166666666672,-0.2136,1.999960000799984e-05,9.99980000399992e-05
E3_QUALITY,0.30-0.10,100,50,optimal_arm_rate,0.3,0.1,0.24946666666666664,0.5800666666666667,-0.3306,-0.37500000000000006,0.12837496453465674,-0.363335,-0.2956633333333334,1.999960000799984e-05,9.99980000399992e-05
E3_QUALITY,0.00-0.10,100,50,optimal_arm_rate,0.0,0.1,1.0,0.5800666666666667,0.4199333333333333,0.43,0.05196584435561339,0.40593333333333337,0.4341999999999999,1.999960000799984e-05,9.99980000399992e-05
E3_QUALITY,0.05-0.10,100,50,at_least_one_alternative_rate,0.05,0.1,0.34013333333333334,0.5952666666666666,-0.2551333333333333,-0.2566666666666667,0.026101233235562522,-0.26200000000000007,-0.24820000000000006,1.999960000799984e-05,9.99980000399992e-05
E3_QUALITY,0.15-0.10,100,50,at_least_one_alternative_rate,0.15,0.1,0.7699333333333332,0.5952666666666666,0.1746666666666666,0.17333333333333328,0.02185294077254052,0.16886666666666666,0.18060166666666666,1.999960000799984e-05,9.99980000399992e-05
E3_QUALITY,0.20-0.10,100,50,at_least_one_alternative_rate,0.2,0.1,0.8754,0.5952666666666666,0.2801333333333333,0.28,0.02717174736514537,0.27273333333333327,0.2874666666666666,1.999960000799984e-05,9.99980000399992e-05
E3_QUALITY,0.30-0.10,100,50,at_least_one_alternative_rate,0.3,0.1,0.9705999999999999,0.5952666666666666,0.3753333333333334,0.37000000000000005,0.03010186786529355,0.3671983333333333,0.383735,1.999960000799984e-05,9.99980000399992e-05
E3_QUALITY,0.00-0.10,100,50,at_least_one_alternative_rate,0.0,0.1,0.0,0.5952666666666666,-0.5952666666666666,-0.5983333333333334,0.03200828974257916,-0.6041350000000001,-0.5860666666666667,1.999960000799984e-05,9.99980000399992e-05
E3_QUALITY,0.05-0.10,100,50,override_rate,0.05,0.1,0.00926666666666664,0.04599999999999997,-0.036733333333333326,-0.0133333333333333,0.051913454929537174,-0.05220166666666665,-0.023266666666666665,1.999960000799984e-05,9.99980000399992e-05
E3_QUALITY,0.15-0.10,100,50,override_rate,0.15,0.1,0.09379999999999995,0.04599999999999997,0.0478,0.0216666666666667,0.08072969371124865,0.027261666666666667,0.07260333333333333,1.999960000799984e-05,9.99980000399992e-05
E3_QUALITY,0.20-0.10,100,50,override_rate,0.2,0.1,0.2184,0.04599999999999997,0.17240000000000005,0.14833333333333337,0.1491579387862002,0.132065,0.21646833333333335,1.999960000799984e-05,9.99980000399992e-05
E3_QUALITY,0.30-0.10,100,50,override_rate,0.3,0.1,0.47206666666666663,0.04599999999999997,0.4260666666666667,0.3983333333333334,0.24263359459170078,0.3622633333333333,0.4940083333333333,1.999960000799984e-05,9.99980000399992e-05
E3_QUALITY,0.00-0.10,100,50,override_rate,0.0,0.1,0.0,0.04599999999999997,-0.04599999999999997,-0.0233333333333333,0.05802493794943929,-0.06413666666666662,-0.03113166666666664,1.999960000799984e-05,9.99980000399992e-05
E3_QUALITY,0.05-0.10,250,50,cumulative_regret,0.05,0.1,1.6769394493837984,3.1549175628541617,-1.4779781134703631,-1.5225305547642403,0.41294783951507924,-1.5860391762696997,-1.36861077710392,1.999960000799984e-05,9.99980000399992e-05
E3_QUALITY,0.15-0.10,250,50,cumulative_regret,0.15,0.1,4.405148587816621,3.1549175628541617,1.2502310249624586,1.2594659716215717,0.4753633558340448,1.1201030168475639,1.369802463030372,1.999960000799984e-05,9.99980000399992e-05
E3_QUALITY,0.20-0.10,250,50,cumulative_regret,0.2,0.1,5.418355534264197,3.1549175628541617,2.263437971410036,2.2666878437743536,0.9559738700747084,2.01135989134932,2.5154253232261605,1.999960000799984e-05,9.99980000399992e-05
E3_QUALITY,0.30-0.10,250,50,cumulative_regret,0.3,0.1,6.633634545733384,3.1549175628541617,3.4787169828792215,3.458390470484564,1.7295233718881093,3.020395562822241,3.9428315621192023,1.999960000799984e-05,9.99980000399992e-05
E3_QUALITY,0.00-0.10,250,50,cumulative_regret,0.0,0.1,0.0,3.1549175628541617,-3.1549175628541617,-3.066994435134439,0.7583882630937505,-3.3499352538651848,-2.9508614737792076,1.999960000799984e-05,9.99980000399992e-05
E3_QUALITY,0.05-0.10,250,50,mean_reward,0.05,0.1,0.5004266666666666,0.50088,-0.00045333333333333337,0.0,0.001561672456591964,-0.0008799999999999978,-5.3333333333330765e-05,0.058518829623407535,0.23649527009459811
E3_QUALITY,0.15-0.10,250,50,mean_reward,0.15,0.1,0.5014133333333334,0.50088,0.0005333333333333468,0.0,0.0028634850244519624,-0.00021333333333331463,0.0013866666666666717,0.22145557088858223,0.44291114177716445
E3_QUALITY,0.20-0.10,250,50,mean_reward,0.2,0.1,0.5018133333333333,0.50088,0.0009333333333333505,0.0006666666666667043,0.004227112575461394,-0.00018666666666665503,0.0021073333333333755,0.1373972520549589,0.4121917561648767
E3_QUALITY,0.30-0.10,250,50,mean_reward,0.3,0.1,0.50176,0.50088,0.0008799999999999985,0.0013333333333332975,0.00740954829228423,-0.0011733333333333353,0.002880000000000008,0.41679166416671665,0.44291114177716445
E3_QUALITY,0.00-0.10,250,50,mean_reward,0.0,0.1,0.5004,0.50088,-0.00048000000000000267,0.0,0.0015881648446229148,-0.0009066666666666656,-5.333333333333961e-05,0.04729905401891962,0.23649527009459811
E3_QUALITY,0.05-0.10,250,50,optimal_arm_rate,0.05,0.1,0.7706933333333332,0.5828800000000001,0.18781333333333333,0.18933333333333335,0.030864208479715872,0.17911933333333332,0.19573399999999996,1.999960000799984e-05,9.99980000399992e-05
E3_QUALITY,0.15-0.10,250,50,optimal_arm_rate,0.15,0.1,0.4391999999999999,0.5828800000000001,-0.14368,-0.15066666666666667,0.034063363658983714,-0.1522946666666667,-0.1337846666666667,1.999960000799984e-05,9.99980000399992e-05
E3_QUALITY,0.20-0.10,250,50,optimal_arm_rate,0.2,0.1,0.34373333333333334,0.5828800000000001,-0.2391466666666667,-0.24800000000000003,0.057015578887069665,-0.25386733333333333,-0.2227726666666667,1.999960000799984e-05,9.99980000399992e-05
E3_QUALITY,0.30-0.10,250,50,optimal_arm_rate,0.3,0.1,0.24453333333333332,0.5828800000000001,-0.33834666666666663,-0.3746666666666667,0.11517733463098723,-0.36784066666666665,-0.3051186666666667,1.999960000799984e-05,9.99980000399992e-05
E3_QUALITY,0.00-0.10,250,50,optimal_arm_rate,0.0,0.1,1.0,0.5828800000000001,0.41711999999999994,0.4206666666666667,0.04753849186308692,0.40429266666666663,0.42976133333333333,1.999960000799984e-05,9.99980000399992e-05
E3_QUALITY,0.05-0.10,250,50,at_least_one_alternative_rate,0.05,0.1,0.3425066666666666,0.5943466666666667,-0.25184,-0.254,0.018320680853581173,-0.25677333333333335,-0.24719933333333333,1.999960000799984e-05,9.99980000399992e-05
E3_QUALITY,0.15-0.10,250,50,at_least_one_alternative_rate,0.15,0.1,0.7669866666666667,0.5943466666666667,0.17264,0.17200000000000004,0.013680487453356736,0.16890599999999997,0.1760533333333333,1.999960000799984e-05,9.99980000399992e-05
E3_QUALITY,0.20-0.10,250,50,at_least_one_alternative_rate,0.2,0.1,0.8743733333333332,0.5943466666666667,0.2800266666666667,0.28,0.017499963070903693,0.27546600000000004,0.28453399999999995,1.999960000799984e-05,9.99980000399992e-05
E3_QUALITY,0.30-0.10,250,50,at_least_one_alternative_rate,0.3,0.1,0.9715733333333333,0.5943466666666667,0.3772266666666666,0.3753333333333333,0.017542102253547687,0.3726126666666667,0.3820806666666667,1.999960000799984e-05,9.99980000399992e-05
E3_QUALITY,0.00-0.10,250,50,at_least_one_alternative_rate,0.0,0.1,0.0,0.5943466666666667,-0.5943466666666667,-0.5946666666666667,0.018916807964949225,-0.5992806666666666,-0.5889593333333334,1.999960000799984e-05,9.99980000399992e-05
E3_QUALITY,0.05-0.10,250,50,override_rate,0.05,0.1,0.008106666666666644,0.044239999999999974,-0.03613333333333333,-0.01666666666666665,0.04760628400373202,-0.05029866666666667,-0.02373133333333334,1.999960000799984e-05,9.99980000399992e-05
E3_QUALITY,0.15-0.10,250,50,override_rate,0.15,0.1,0.09151999999999998,0.044239999999999974,0.04727999999999999,0.01666666666666665,0.08895022328371202,0.025168666666666662,0.07408066666666666,0.00017999640007199856,0.00017999640007199856
E3_QUALITY,0.20-0.10,250,50,override_rate,0.2,0.1,0.20229333333333333,0.044239999999999974,0.15805333333333332,0.1393333333333333,0.13863453578553817,0.12151266666666666,0.1988813333333333,1.999960000799984e-05,9.99980000399992e-05
E3_QUALITY,0.30-0.10,250,50,override_rate,0.3,0.1,0.44941333333333333,0.044239999999999974,0.40517333333333333,0.3973333333333333,0.22912894546694368,0.344662,0.46905133333333326,1.999960000799984e-05,9.99980000399992e-05
E3_QUALITY,0.00-0.10,250,50,override_rate,0.0,0.1,0.0,0.044239999999999974,-0.044239999999999974,-0.02999999999999995,0.050675036902595,-0.06002733333333331,-0.03095733333333332,1.999960000799984e-05,9.99980000399992e-05
E3_QUALITY,0.05-0.10,500,50,cumulative_regret,0.05,0.1,3.356736533826492,6.32842126550883,-2.9716847316823367,-2.9761476211826343,0.894304525355416,-3.198831308081448,-2.7257066739946656,1.999960000799984e-05,9.99980000399992e-05
E3_QUALITY,0.15-0.10,500,50,cumulative_regret,0.15,0.1,8.761917368457022,6.32842126550883,2.433496102948193,2.564088208750559,0.943028456647721,2.168908488021834,2.677151455904732,1.999960000799984e-05,9.99980000399992e-05
E3_QUALITY,0.20-0.10,500,50,cumulative_regret,0.2,0.1,10.78270592895721,6.32842126550883,4.454284663448379,4.246010879973438,1.9188774546120617,3.947855183302853,4.96463443185396,1.999960000799984e-05,9.99980000399992e-05
E3_QUALITY,0.30-0.10,500,50,cumulative_regret,0.3,0.1,13.106736607351763,6.32842126550883,6.7783153418429345,6.536823932202147,3.2067361765242293,5.907752673696559,7.6453623725984485,1.999960000799984e-05,9.99980000399992e-05
E3_QUALITY,0.00-0.10,500,50,cumulative_regret,0.0,0.1,0.0,6.32842126550883,-6.32842126550883,-6.243560441617001,1.5136599197760654,-6.716360627450058,-5.929567647387739,1.999960000799984e-05,9.99980000399992e-05
E3_QUALITY,0.05-0.10,500,50,mean_reward,0.05,0.1,0.4969466666666667,0.49729333333333336,-0.0003466666666666507,0.0,0.0013882565453934188,-0.0007199999999999785,2.6670060542075162e-17,0.09785804283914322,0.28567428651426974
E3_QUALITY,0.15-0.10,500,50,mean_reward,0.15,0.1,0.49792000000000003,0.49729333333333336,0.0006266666666666753,0.0,0.0023767963727951962,1.3333333333338283e-05,0.0013066666666666784,0.07141857162856743,0.28567428651426974
E3_QUALITY,0.20-0.10,500,50,mean_reward,0.2,0.1,0.4980133333333334,0.49729333333333336,0.0007199999999999806,0.0003333333333332411,0.004080460602696551,-0.00037333333333332584,0.0017999999999999833,0.2262154756904862,0.28567428651426974
E3_QUALITY,0.30-0.10,500,50,mean_reward,0.3,0.1,0.49896,0.49729333333333336,0.0016666666666666718,0.002999999999999975,0.006630172220498444,-0.00021333333333332322,0.00337333333333335,0.08375832483350333,0.28567428651426974
E3_QUALITY,0.00-0.10,500,50,mean_reward,0.0,0.1,0.4968666666666666,0.49729333333333336,-0.00042666666666665187,0.0,0.0013851168733484047,-0.0008003333333333408,-6.666666666665149e-05,0.03949921001579968,0.1974960500789984
E3_QUALITY,0.05-0.10,500,50,optimal_arm_rate,0.05,0.1,0.7706533333333333,0.58028,0.19037333333333337,0.1906666666666667,0.02786464205124465,0.18262333333333336,0.19769366666666668,1.999960000799984e-05,9.99980000399992e-05
E3_QUALITY,0.15-0.10,500,50,optimal_arm_rate,0.15,0.1,0.43982666666666664,0.58028,-0.14045333333333335,-0.14500000000000002,0.03557941263110738,-0.14988100000000001,-0.1300666666666667,1.999960000799984e-05,9.99980000399992e-05
E3_QUALITY,0.20-0.10,500,50,optimal_arm_rate,0.2,0.1,0.34206666666666663,0.58028,-0.23821333333333336,-0.24066666666666664,0.0586276060442194,-0.25333666666666677,-0.22176166666666672,1.999960000799984e-05,9.99980000399992e-05
E3_QUALITY,0.30-0.10,500,50,optimal_arm_rate,0.3,0.1,0.2463333333333333,0.58028,-0.3339466666666667,-0.3573333333333334,0.1089496203446466,-0.36204,-0.3035993333333334,1.999960000799984e-05,9.99980000399992e-05
E3_QUALITY,0.00-0.10,500,50,optimal_arm_rate,0.0,0.1,1.0,0.58028,0.41972000000000004,0.427,0.046742812512106616,0.406986,0.43205866666666665,1.999960000799984e-05,9.99980000399992e-05
E3_QUALITY,0.05-0.10,500,50,at_least_one_alternative_rate,0.05,0.1,0.34361333333333327,0.59772,-0.25410666666666665,-0.257,0.012302579785872358,-0.257427,-0.25096,1.999960000799984e-05,9.99980000399992e-05
E3_QUALITY,0.15-0.10,500,50,at_least_one_alternative_rate,0.15,0.1,0.7695066666666667,0.59772,0.17178666666666667,0.173,0.008862200297009107,0.16941333333333333,0.17430666666666667,1.999960000799984e-05,9.99980000399992e-05
E3_QUALITY,0.20-0.10,500,50,at_least_one_alternative_rate,0.2,0.1,0.8759999999999999,0.59772,0.27827999999999997,0.2796666666666667,0.01242635630688898,0.27491933333333335,0.28148,1.999960000799984e-05,9.99980000399992e-05
E3_QUALITY,0.30-0.10,500,50,at_least_one_alternative_rate,0.3,0.1,0.97212,0.59772,0.3744000000000001,0.3746666666666667,0.013399834161494532,0.37073300000000003,0.3780136666666667,1.999960000799984e-05,9.99980000399992e-05
E3_QUALITY,0.00-0.10,500,50,at_least_one_alternative_rate,0.0,0.1,0.0,0.59772,-0.59772,-0.5963333333333334,0.014300367088512556,-0.6018003333333335,-0.5936663333333332,1.999960000799984e-05,9.99980000399992e-05
E3_QUALITY,0.05-0.10,500,50,override_rate,0.05,0.1,0.008706666666666633,0.048319999999999974,-0.039613333333333334,-0.02233333333333335,0.04593855503824938,-0.052949,-0.02756,1.999960000799984e-05,9.99980000399992e-05
E3_QUALITY,0.15-0.10,500,50,override_rate,0.15,0.1,0.09626666666666664,0.048319999999999974,0.047946666666666665,0.022,0.08801966797320573,0.025944333333333326,0.07338700000000001,1.999960000799984e-05,9.99980000399992e-05
E3_QUALITY,0.20-0.10,500,50,override_rate,0.2,0.1,0.20102666666666663,0.048319999999999974,0.15270666666666668,0.139,0.12347422803428304,0.11870433333333334,0.18809166666666663,1.999960000799984e-05,9.99980000399992e-05
E3_QUALITY,0.30-0.10,500,50,override_rate,0.3,0.1,0.42849333333333334,0.048319999999999974,0.3801733333333333,0.34833333333333333,0.21533907492187437,0.32280000000000003,0.44082699999999997,1.999960000799984e-05,9.99980000399992e-05
E3_QUALITY,0.00-0.10,500,50,override_rate,0.0,0.1,0.0,0.048319999999999974,-0.048319999999999974,-0.037,0.04670964784510861,-0.06252199999999997,-0.03586399999999998,1.999960000799984e-05,9.99980000399992e-05
E4_MIXED,0.05-0.10,25,50,cumulative_regret,0.05,0.1,0.17231884446536447,0.34061162718479976,-0.1682927827194353,-0.15768739254050568,0.06501961856195645,-0.18701540543632417,-0.15127270355162098,1.999960000799984e-05,9.99980000399992e-05
E4_MIXED,0.15-0.10,25,50,cumulative_regret,0.15,0.1,0.48388498482718234,0.34061162718479976,0.14327335764238255,0.1377695135018218,0.08946517381839039,0.11991021036023175,0.16892498673791648,1.999960000799984e-05,9.99980000399992e-05
E4_MIXED,0.20-0.10,25,50,cumulative_regret,0.2,0.1,0.619607625352903,0.34061162718479976,0.27899599816810317,0.25338032391596005,0.14276505812308724,0.24150805620397645,0.3191131635407205,1.999960000799984e-05,9.99980000399992e-05
E4_MIXED,0.30-0.10,25,50,cumulative_regret,0.3,0.1,0.7487194062027872,0.34061162718479976,0.40810777901798756,0.3980994257805615,0.1843785274954271,0.3581460798469528,0.45678732640550485,1.999960000799984e-05,9.99980000399992e-05
E4_MIXED,0.00-0.10,25,50,cumulative_regret,0.0,0.1,0.0,0.34061162718479976,-0.34061162718479976,-0.32836165842327547,0.09609899831872419,-0.3674728431023344,-0.3148682591889464,1.999960000799984e-05,9.99980000399992e-05
E4_MIXED,0.05-0.10,25,50,mean_reward,0.05,0.1,0.49119999999999997,0.4922666666666666,-0.001066666666666668,0.0,0.005278631032590865,-0.0026666666666666687,0.00026666666666666603,0.3108737825243495,0.8599028019439611
E4_MIXED,0.15-0.10,25,50,mean_reward,0.15,0.1,0.4928,0.4922666666666666,0.0005333333333333356,0.0,0.007106574516639099,-0.0013333333333333287,0.0026666666666666683,0.7976640467190657,0.8599028019439611
E4_MIXED,0.20-0.10,25,50,mean_reward,0.2,0.1,0.49066666666666664,0.4922666666666666,-0.0016000000000000014,0.0,0.007445645823120786,-0.0037333333333333316,0.0005333333333333277,0.2142157156856863,0.8568628627427451
E4_MIXED,0.30-0.10,25,50,mean_reward,0.3,0.1,0.49013333333333337,0.4922666666666666,-0.002133333333333338,0.0,0.011852456522745945,-0.005600000000000006,0.0008000000000000006,0.2866342673146537,0.8599028019439611
E4_MIXED,0.00-0.10,25,50,mean_reward,0.0,0.1,0.4904,0.4922666666666666,-0.0018666666666666664,0.0,0.006603785075565607,-0.0037333333333333355,-0.0002666666666666662,0.09233815323693526,0.4616907661846763
E4_MIXED,0.05-0.10,25,50,optimal_arm_rate,0.05,0.1,0.7810666666666668,0.5805333333333333,0.2005333333333333,0.19333333333333336,0.04995853155651642,0.18719999999999998,0.2149333333333333,1.999960000799984e-05,9.99980000399992e-05
E4_MIXED,0.15-0.10,25,50,optimal_arm_rate,0.15,0.1,0.4453333333333333,0.5805333333333333,-0.13520000000000004,-0.13333333333333336,0.055468158012394665,-0.15014000000000002,-0.11973333333333334,1.999960000799984e-05,9.99980000399992e-05
E4_MIXED,0.20-0.10,25,50,optimal_arm_rate,0.2,0.1,0.32933333333333326,0.5805333333333333,-0.25120000000000003,-0.2533333333333334,0.08042336953489912,-0.27280000000000004,-0.22932666666666673,1.999960000799984e-05,9.99980000399992e-05
E4_MIXED,0.30-0.10,25,50,optimal_arm_rate,0.3,0.1,0.2538666666666667,0.5805333333333333,-0.3266666666666667,-0.3533333333333334,0.11397577019031806,-0.3562733333333334,-0.2946533333333335,1.999960000799984e-05,9.99980000399992e-05
E4_MIXED,0.00-0.10,25,50,optimal_arm_rate,0.0,0.1,1.0,0.5805333333333333,0.41946666666666665,0.4333333333333333,0.06670529493137771,0.4008,0.4376,1.999960000799984e-05,9.99980000399992e-05
E4_MIXED,0.05-0.10,25,50,at_least_one_alternative_rate,0.05,0.1,0.3472,0.6072,-0.26,-0.26,0.05225092085464839,-0.27440000000000003,-0.2464,1.999960000799984e-05,9.99980000399992e-05
E4_MIXED,0.15-0.10,25,50,at_least_one_alternative_rate,0.15,0.1,0.7765333333333334,0.6072,0.16933333333333334,0.16000000000000003,0.03952094080237415,0.15893333333333334,0.18026666666666666,1.999960000799984e-05,9.99980000399992e-05
E4_MIXED,0.20-0.10,25,50,at_least_one_alternative_rate,0.2,0.1,0.8842666666666666,0.6072,0.2770666666666667,0.2666666666666667,0.0532168796640609,0.2623933333333333,0.29147333333333336,1.999960000799984e-05,9.99980000399992e-05
E4_MIXED,0.30-0.10,25,50,at_least_one_alternative_rate,0.3,0.1,0.9775999999999999,0.6072,0.3704,0.3733333333333333,0.05829256106688882,0.35440000000000005,0.3864,1.999960000799984e-05,9.99980000399992e-05
E4_MIXED,0.00-0.10,25,50,at_least_one_alternative_rate,0.0,0.1,0.0,0.6072,-0.6072,-0.6,0.05921389798253206,-0.6232,-0.5909333333333333,1.999960000799984e-05,9.99980000399992e-05
E4_MIXED,0.05-0.10,25,50,override_rate,0.05,0.1,0.02853333333333331,0.07893333333333329,-0.0504,-0.026666666666666596,0.08321390080979174,-0.07519999999999999,-0.03012666666666669,1.999960000799984e-05,9.99980000399992e-05
E4_MIXED,0.15-0.10,25,50,override_rate,0.15,0.1,0.1565333333333333,0.07893333333333329,0.0776,0.05333333333333336,0.10174673996237188,0.05093333333333333,0.10693999999999997,1.999960000799984e-05,9.99980000399992e-05
E4_MIXED,0.20-0.10,25,50,override_rate,0.2,0.1,0.23786666666666662,0.07893333333333329,0.15893333333333332,0.1333333333333333,0.15551164913238177,0.11625333333333333,0.2024,1.999960000799984e-05,9.99980000399992e-05
E4_MIXED,0.30-0.10,25,50,override_rate,0.3,0.1,0.45813333333333334,0.07893333333333329,0.3791999999999999,0.3466666666666667,0.24434702655803917,0.31439333333333336,0.4448,1.999960000799984e-05,9.99980000399992e-05
E4_MIXED,0.00-0.10,25,50,override_rate,0.0,0.1,0.0,0.07893333333333329,-0.07893333333333329,-0.04666666666666665,0.09074506414492563,-0.10479999999999998,-0.056533333333333304,1.999960000799984e-05,9.99980000399992e-05
E4_MIXED,0.05-0.10,50,50,cumulative_regret,0.05,0.1,0.35525717914199356,0.6948633703616673,-0.3396061912196738,-0.3222464755919323,0.11491666378716889,-0.3736520775305966,-0.30805325262480476,1.999960000799984e-05,9.99980000399992e-05
E4_MIXED,0.15-0.10,50,50,cumulative_regret,0.15,0.1,0.9748074189981827,0.6948633703616673,0.27994404863651534,0.2722762641831553,0.13406984346324213,0.2419660564745672,0.3172284021547378,1.999960000799984e-05,9.99980000399992e-05
E4_MIXED,0.20-0.10,50,50,cumulative_regret,0.2,0.1,1.2414207740782448,0.6948633703616673,0.5465574037165775,0.5228016759496151,0.2547619530248083,0.4793260118011704,0.6190773450374911,1.999960000799984e-05,9.99980000399992e-05
E4_MIXED,0.30-0.10,50,50,cumulative_regret,0.3,0.1,1.4992887818639458,0.6948633703616673,0.8044254115022785,0.8014816558529465,0.3504988998425557,0.7061622217176904,0.8968680730334396,1.999960000799984e-05,9.99980000399992e-05
E4_MIXED,0.00-0.10,50,50,cumulative_regret,0.0,0.1,0.0,0.6948633703616673,-0.6948633703616673,-0.6833738307755386,0.1652334824048998,-0.7427635428401944,-0.6504810174875655,1.999960000799984e-05,9.99980000399992e-05
E4_MIXED,0.05-0.10,50,50,mean_reward,0.05,0.1,0.4902666666666666,0.49066666666666664,-0.00040000000000000593,0.0,0.0036663574390324197,-0.0014666666666666738,0.0006666666666666599,0.624447511049779,1.0
E4_MIXED,0.15-0.10,50,50,mean_reward,0.15,0.1,0.49053333333333327,0.49066666666666664,-0.0001333333333333353,0.0,0.00475999961889516,-0.0014666666666666673,0.0011999999999999964,1.0,1.0
E4_MIXED,0.20-0.10,50,50,mean_reward,0.2,0.1,0.48946666666666666,0.49066666666666664,-0.0012000000000000023,0.0,0.006958249317183964,-0.0030666666666666832,0.0008000000000000019,0.29259414811703766,1.0
E4_MIXED,0.30-0.10,50,50,mean_reward,0.3,0.1,0.49,0.49066666666666664,-0.0006666666666666721,0.0,0.010101525445522138,-0.0034666666666666765,0.002133333333333335,0.7190856182876343,1.0
E4_MIXED,0.00-0.10,50,50,mean_reward,0.0,0.1,0.4897333333333333,0.49066666666666664,-0.0009333333333333471,0.0,0.0038119040183218263,-0.0020000000000000187,0.00013333333333332299,0.1492570148597028,0.746285074298514
E4_MIXED,0.05-0.10,50,50,optimal_arm_rate,0.05,0.1,0.7778666666666667,0.5833333333333334,0.1945333333333333,0.19333333333333336,0.04113337633268241,0.18333333333333332,0.20613333333333336,1.999960000799984e-05,9.99980000399992e-05
E4_MIXED,0.15-0.10,50,50,optimal_arm_rate,0.15,0.1,0.45106666666666667,0.5833333333333334,-0.13226666666666667,-0.13999999999999996,0.04373409655879562,-0.1437366666666667,-0.11933333333333337,1.999960000799984e-05,9.99980000399992e-05
E4_MIXED,0.20-0.10,50,50,optimal_arm_rate,0.2,0.1,0.33146666666666663,0.5833333333333334,-0.2518666666666667,-0.26666666666666666,0.08002595950697086,-0.27307000000000003,-0.22960000000000003,1.999960000799984e-05,9.99980000399992e-05
E4_MIXED,0.30-0.10,50,50,optimal_arm_rate,0.3,0.1,0.24639999999999998,0.5833333333333334,-0.33693333333333336,-0.36000000000000004,0.1004318114584939,-0.36320666666666673,-0.30759666666666674,1.999960000799984e-05,9.99980000399992e-05
E4_MIXED,0.00-0.10,50,50,optimal_arm_rate,0.0,0.1,1.0,0.5833333333333334,0.41666666666666663,0.42333333333333334,0.05902073120538359,0.40053,0.43306666666666666,1.999960000799984e-05,9.99980000399992e-05
E4_MIXED,0.05-0.10,50,50,at_least_one_alternative_rate,0.05,0.1,0.34213333333333323,0.5983999999999999,-0.2562666666666667,-0.2566666666666667,0.035229342542314336,-0.26587000000000005,-0.2469333333333334,1.999960000799984e-05,9.99980000399992e-05
E4_MIXED,0.15-0.10,50,50,at_least_one_alternative_rate,0.15,0.1,0.7689333333333335,0.5983999999999999,0.17053333333333334,0.16666666666666674,0.027374616244113296,0.16333333333333333,0.178,1.999960000799984e-05,9.99980000399992e-05
E4_MIXED,0.20-0.10,50,50,at_least_one_alternative_rate,0.2,0.1,0.8789333333333333,0.5983999999999999,0.28053333333333336,0.27333333333333343,0.03623656213514397,0.27040000000000003,0.29000333333333334,1.999960000799984e-05,9.99980000399992e-05
E4_MIXED,0.30-0.10,50,50,at_least_one_alternative_rate,0.3,0.1,0.9752,0.5983999999999999,0.3768,0.37333333333333346,0.03386621671992067,0.3673333333333334,0.3857333333333334,1.999960000799984e-05,9.99980000399992e-05
E4_MIXED,0.00-0.10,50,50,at_least_one_alternative_rate,0.0,0.1,0.0,0.5983999999999999,-0.5983999999999999,-0.5933333333333334,0.03328050235099665,-0.6078666666666667,-0.5894666666666666,1.999960000799984e-05,9.99980000399992e-05
E4_MIXED,0.05-0.10,50,50,override_rate,0.05,0.1,0.020533333333333306,0.06186666666666663,-0.04133333333333334,-0.019999999999999997,0.07110402459020988,-0.06266999999999998,-0.02413333333333333,1.999960000799984e-05,9.99980000399992e-05
E4_MIXED,0.15-0.10,50,50,override_rate,0.15,0.1,0.12906666666666664,0.06186666666666663,0.06720000000000001,0.039999999999999994,0.09079982219008231,0.04426333333333334,0.09306999999999999,1.999960000799984e-05,9.99980000399992e-05
E4_MIXED,0.20-0.10,50,50,override_rate,0.2,0.1,0.19413333333333335,0.06186666666666663,0.13226666666666667,0.07999999999999999,0.14996513578199894,0.09159666666666669,0.17320333333333335,1.999960000799984e-05,9.99980000399992e-05
E4_MIXED,0.30-0.10,50,50,override_rate,0.3,0.1,0.4233333333333333,0.06186666666666663,0.36146666666666677,0.32,0.2553137414554174,0.29198999999999997,0.43146999999999996,1.999960000799984e-05,9.99980000399992e-05
E4_MIXED,0.00-0.10,50,50,override_rate,0.0,0.1,0.0,0.06186666666666663,-0.06186666666666663,-0.0333333333333333,0.07646426995988954,-0.08360666666666665,-0.04279666666666665,1.999960000799984e-05,9.99980000399992e-05
E4_MIXED,0.05-0.10,100,50,cumulative_regret,0.05,0.1,0.716575107047647,1.3808810224487686,-0.6643059154011216,-0.6465045461335099,0.19891266987166425,-0.7235546917053258,-0.6094153914515281,1.999960000799984e-05,9.99980000399992e-05
E4_MIXED,0.15-0.10,100,50,cumulative_regret,0.15,0.1,1.9638827445332014,1.3808810224487686,0.5830017220844329,0.5264263315753595,0.24719873658889588,0.5134680764876445,0.6526280171208056,1.999960000799984e-05,9.99980000399992e-05
E4_MIXED,0.20-0.10,100,50,cumulative_regret,0.2,0.1,2.4302283077958755,1.3808810224487686,1.0493472853471066,1.0659418727587688,0.44698473506190567,0.9255405988367079,1.1772904107140478,1.999960000799984e-05,9.99980000399992e-05
E4_MIXED,0.30-0.10,100,50,cumulative_regret,0.3,0.1,2.915645017661353,1.3808810224487686,1.534763995212584,1.456315098712322,0.7145260297699706,1.3372251238176553,1.7308625692227033,1.999960000799984e-05,9.99980000399992e-05
E4_MIXED,0.00-0.10,100,50,cumulative_regret,0.0,0.1,0.0,1.3808810224487686,-1.3808810224487686,-1.3706408245855692,0.3181652654220749,-1.4712291489058213,-1.2958871740441251,1.999960000799984e-05,9.99980000399992e-05
E4_MIXED,0.05-0.10,100,50,mean_reward,0.05,0.1,0.5004,0.5004666666666666,-6.66666666666682e-05,0.0,0.0034660648352529046,-0.0010000000000000009,0.0008666666666666666,1.0,1.0
E4_MIXED,0.15-0.10,100,50,mean_reward,0.15,0.1,0.5003333333333333,0.5004666666666666,-0.0001333333333333453,0.0,0.0036240566838934164,-0.0011333333333333508,0.0009333333333333184,0.8948821023579528,1.0
E4_MIXED,0.20-0.10,100,50,mean_reward,0.2,0.1,0.5000666666666667,0.5004666666666666,-0.0004000000000000181,0.0,0.00561985466359311,-0.0019333333333333412,0.0011333333333333286,0.6792064158716825,1.0
E4_MIXED,0.30-0.10,100,50,mean_reward,0.3,0.1,0.5011999999999999,0.5004666666666666,0.0007333333333333092,0.0,0.008117336783858679,-0.0014000000000000345,0.002933333333333322,0.5617087658246835,1.0
E4_MIXED,0.00-0.10,100,50,mean_reward,0.0,0.1,0.49993333333333323,0.5004666666666666,-0.0005333333333333367,0.0,0.00345754949727072,-0.001466666666666665,0.0004666666666666595,0.35937281254374914,1.0
E4_MIXED,0.05-0.10,100,50,optimal_arm_rate,0.05,0.1,0.7759333333333331,0.5849333333333333,0.19099999999999998,0.185,0.03761151220491057,0.18046666666666666,0.20140000000000002,1.999960000799984e-05,9.99980000399992e-05
E4_MIXED,0.15-0.10,100,50,optimal_arm_rate,0.15,0.1,0.44333333333333336,0.5849333333333333,-0.14159999999999998,-0.14666666666666667,0.041053253397416285,-0.15306833333333333,-0.129865,1.999960000799984e-05,9.99980000399992e-05
E4_MIXED,0.20-0.10,100,50,optimal_arm_rate,0.2,0.1,0.33666666666666667,0.5849333333333333,-0.24826666666666672,-0.2616666666666667,0.0769787790647777,-0.2690016666666667,-0.2263983333333334,1.999960000799984e-05,9.99980000399992e-05
E4_MIXED,0.30-0.10,100,50,optimal_arm_rate,0.3,0.1,0.25873333333333337,0.5849333333333333,-0.32620000000000005,-0.34500000000000003,0.09934481511508005,-0.35267833333333337,-0.29753,1.999960000799984e-05,9.99980000399992e-05
E4_MIXED,0.00-0.10,100,50,optimal_arm_rate,0.0,0.1,1.0,0.5849333333333333,0.4150666666666667,0.4216666666666667,0.054043905893008296,0.4000666666666667,0.4303333333333333,1.999960000799984e-05,9.99980000399992e-05
E4_MIXED,0.05-0.10,100,50,at_least_one_alternative_rate,0.05,0.1,0.34306666666666674,0.5954666666666666,-0.2524,-0.2533333333333333,0.025564289151443164,-0.2595350000000001,-0.2455983333333334,1.999960000799984e-05,9.99980000399992e-05
E4_MIXED,0.15-0.10,100,50,at_least_one_alternative_rate,0.15,0.1,0.7704,0.5954666666666666,0.17493333333333333,0.175,0.018798851704208575,0.16999999999999998,0.18006666666666665,1.999960000799984e-05,9.99980000399992e-05
E4_MIXED,0.20-0.10,100,50,at_least_one_alternative_rate,0.2,0.1,0.8794,0.5954666666666666,0.28393333333333337,0.2883333333333333,0.026993658447344283,0.27613333333333334,0.2910016666666667,1.999960000799984e-05,9.99980000399992e-05
E4_MIXED,0.30-0.10,100,50,at_least_one_alternative_rate,0.3,0.1,0.9740666666666666,0.5954666666666666,0.3786,0.38,0.02592584926022569,0.37146500000000005,0.3856,1.999960000799984e-05,9.99980000399992e-05
E4_MIXED,0.00-0.10,100,50,at_least_one_alternative_rate,0.0,0.1,0.0,0.5954666666666666,-0.5954666666666666,-0.5966666666666667,0.026149405026117796,-0.602935,-0.5884666666666667,1.999960000799984e-05,9.99980000399992e-05
E4_MIXED,0.05-0.10,100,50,override_rate,0.05,0.1,0.014799999999999973,0.05473333333333331,-0.03993333333333333,-0.006666666666666701,0.06845390060424979,-0.060134999999999994,-0.023066666666666666,1.999960000799984e-05,9.99980000399992e-05
E4_MIXED,0.15-0.10,100,50,override_rate,0.15,0.1,0.11753333333333328,0.05473333333333331,0.0628,0.05666666666666665,0.08168120098348401,0.041464999999999995,0.08540166666666667,1.999960000799984e-05,9.99980000399992e-05
E4_MIXED,0.20-0.10,100,50,override_rate,0.2,0.1,0.17439999999999994,0.05473333333333331,0.11966666666666669,0.0766666666666666,0.14262083630327588,0.08159,0.15880333333333332,1.999960000799984e-05,9.99980000399992e-05
E4_MIXED,0.30-0.10,100,50,override_rate,0.3,0.1,0.41013333333333335,0.05473333333333331,0.35540000000000005,0.3433333333333334,0.2588653858318246,0.28379166666666666,0.42926833333333336,1.999960000799984e-05,9.99980000399992e-05
E4_MIXED,0.00-0.10,100,50,override_rate,0.0,0.1,0.0,0.05473333333333331,-0.05473333333333331,-0.0233333333333333,0.07131130055819757,-0.07446999999999997,-0.03706666666666663,1.999960000799984e-05,9.99980000399992e-05
E4_MIXED,0.05-0.10,250,50,cumulative_regret,0.05,0.1,1.827329606275581,3.4217634256530602,-1.5944338193774792,-1.5131005401028532,0.3834026209689051,-1.7061690986448943,-1.4872759783557759,1.999960000799984e-05,9.99980000399992e-05
E4_MIXED,0.15-0.10,250,50,cumulative_regret,0.15,0.1,4.874790859070607,3.4217634256530602,1.4530274334175466,1.3752247839391518,0.5989085434763338,1.2832263264551502,1.6131325404752874,1.999960000799984e-05,9.99980000399992e-05
E4_MIXED,0.20-0.10,250,50,cumulative_regret,0.2,0.1,5.946109366777603,3.4217634256530602,2.5243459411245426,2.4646979875416246,1.0779413774859947,2.2327611056636307,2.8345587527644507,1.999960000799984e-05,9.99980000399992e-05
E4_MIXED,0.30-0.10,250,50,cumulative_regret,0.3,0.1,7.100888964872719,3.4217634256530602,3.679125539219659,3.640789297903413,1.7530216582880465,3.2061012003544316,4.141663093501504,1.999960000799984e-05,9.99980000399992e-05
E4_MIXED,0.00-0.10,250,50,cumulative_regret,0.0,0.1,0.0,3.4217634256530602,-3.4217634256530602,-3.3034741939852466,0.6942890616194477,-3.6211801170330564,-3.236423651725787,1.999960000799984e-05,9.99980000399992e-05
E4_MIXED,0.05-0.10,250,50,mean_reward,0.05,0.1,0.5041066666666667,0.5043466666666667,-0.0002400000000000113,0.0,0.0019920932142220697,-0.0007999999999999977,0.00029333333333332216,0.45701085978280437,0.9140217195656087
E4_MIXED,0.15-0.10,250,50,mean_reward,0.15,0.1,0.5043733333333333,0.5043466666666667,2.6666666666650407e-05,0.0,0.0027270709744657007,-0.0007200000000000174,0.0007473333333333348,1.0,1.0
E4_MIXED,0.20-0.10,250,50,mean_reward,0.2,0.1,0.5050666666666668,0.5043466666666667,0.0007200000000000128,0.0,0.004493058390021815,-0.0004533333333333335,0.002000000000000016,0.28185436291274174,0.8455630887382253
E4_MIXED,0.30-0.10,250,50,mean_reward,0.3,0.1,0.5061866666666667,0.5043466666666667,0.0018399999999999862,0.0013333333333331865,0.0064362352906457265,0.0001599999999999974,0.0037066666666666437,0.05151896962060759,0.25759484810303795
E4_MIXED,0.00-0.10,250,50,mean_reward,0.0,0.1,0.5038666666666667,0.5043466666666667,-0.0004800000000000115,0.0,0.0020997354330698154,-0.001040000000000001,0.00010666666666665402,0.1353372932541349,0.5413491730165396
E4_MIXED,0.05-0.10,250,50,optimal_arm_rate,0.05,0.1,0.7731466666666669,0.5893333333333334,0.18381333333333333,0.1826666666666667,0.027338489641401495,0.17613333333333336,0.19112333333333337,1.999960000799984e-05,9.99980000399992e-05
E4_MIXED,0.15-0.10,250,50,optimal_arm_rate,0.15,0.1,0.44549333333333335,0.5893333333333334,-0.14384,-0.14733333333333334,0.04030058489472756,-0.15469333333333335,-0.13226533333333337,1.999960000799984e-05,9.99980000399992e-05
E4_MIXED,0.20-0.10,250,50,optimal_arm_rate,0.2,0.1,0.34416,0.5893333333333334,-0.24517333333333333,-0.25533333333333336,0.0716907644978467,-0.26440066666666673,-0.225518,1.999960000799984e-05,9.99980000399992e-05
E4_MIXED,0.30-0.10,250,50,optimal_arm_rate,0.3,0.1,0.26802666666666664,0.5893333333333334,-0.3213066666666667,-0.33466666666666667,0.1038056757696585,-0.3490673333333334,-0.2931173333333334,1.999960000799984e-05,9.99980000399992e-05
E4_MIXED,0.00-0.10,250,50,optimal_arm_rate,0.0,0.1,1.0,0.5893333333333334,0.4106666666666666,0.41200000000000003,0.04336837933945206,0.39922466666666667,0.42280133333333336,1.999960000799984e-05,9.99980000399992e-05
E4_MIXED,0.05-0.10,250,50,at_least_one_alternative_rate,0.05,0.1,0.34482666666666667,0.59856,-0.25373333333333337,-0.2533333333333333,0.017850474945566935,-0.25882666666666665,-0.249092,1.999960000799984e-05,9.99980000399992e-05
E4_MIXED,0.15-0.10,250,50,at_least_one_alternative_rate,0.15,0.1,0.7703733333333332,0.59856,0.17181333333333332,0.17133333333333328,0.011797259376574956,0.16853266666666666,0.175014,1.999960000799984e-05,9.99980000399992e-05
E4_MIXED,0.20-0.10,250,50,at_least_one_alternative_rate,0.2,0.1,0.87768,0.59856,0.27912,0.2806666666666667,0.01691833928261379,0.2746126666666667,0.2834666666666667,1.999960000799984e-05,9.99980000399992e-05
E4_MIXED,0.30-0.10,250,50,at_least_one_alternative_rate,0.3,0.1,0.9712533333333334,0.59856,0.3726933333333334,0.3720000000000001,0.015726090803908948,0.3685320000000001,0.3768800000000001,1.999960000799984e-05,9.99980000399992e-05
E4_MIXED,0.00-0.10,250,50,at_least_one_alternative_rate,0.0,0.1,0.0,0.59856,-0.59856,-0.5993333333333333,0.015791935138528817,-0.6027206666666667,-0.5942393333333333,1.999960000799984e-05,9.99980000399992e-05
E4_MIXED,0.05-0.10,250,50,override_rate,0.05,0.1,0.010826666666666629,0.05122666666666663,-0.04040000000000001,-0.013333333333333352,0.05472951423035981,-0.05637333333333334,-0.026291333333333347,1.999960000799984e-05,9.99980000399992e-05
E4_MIXED,0.15-0.10,250,50,override_rate,0.15,0.1,0.11402666666666664,0.05122666666666663,0.06280000000000001,0.039999999999999994,0.0853640463436643,0.04021266666666667,0.086854,1.999960000799984e-05,9.99980000399992e-05
E4_MIXED,0.20-0.10,250,50,override_rate,0.2,0.1,0.1714666666666666,0.05122666666666663,0.12024000000000001,0.1053333333333333,0.12746392562447192,0.08498466666666667,0.15528000000000003,1.999960000799984e-05,9.99980000399992e-05
E4_MIXED,0.30-0.10,250,50,override_rate,0.3,0.1,0.4125599999999999,0.05122666666666663,0.36133333333333334,0.3646666666666667,0.2535610863082029,0.291036,0.43251866666666666,1.999960000799984e-05,9.99980000399992e-05
E4_MIXED,0.00-0.10,250,50,override_rate,0.0,0.1,0.0,0.05122666666666663,-0.05122666666666663,-0.0213333333333333,0.05683478223460814,-0.06751999999999996,-0.03671933333333329,1.999960000799984e-05,9.99980000399992e-05
E4_MIXED,0.05-0.10,500,50,cumulative_regret,0.05,0.1,3.685451828880416,6.841188015775754,-3.155736186895338,-2.9774391237588,0.7579029132148334,-3.3732770338998415,-2.943043957697942,1.999960000799984e-05,9.99980000399992e-05
E4_MIXED,0.15-0.10,500,50,cumulative_regret,0.15,0.1,9.765902634124174,6.841188015775754,2.9247146183484203,2.865152338223401,1.3176242064068953,2.5659653726044267,3.2948471794650396,1.999960000799984e-05,9.99980000399992e-05
E4_MIXED,0.20-0.10,500,50,cumulative_regret,0.2,0.1,11.722307846117968,6.841188015775754,4.881119830342215,4.888803409338938,2.095433552116612,4.317038571189157,5.4759521231804795,1.999960000799984e-05,9.99980000399992e-05
E4_MIXED,0.30-0.10,500,50,cumulative_regret,0.3,0.1,13.98947583288312,6.841188015775754,7.148287817107367,7.3415839438090815,3.469798393718078,6.213635920305069,8.064591296791534,1.999960000799984e-05,9.99980000399992e-05
E4_MIXED,0.00-0.10,500,50,cumulative_regret,0.0,0.1,0.0,6.841188015775754,-6.841188015775754,-6.753187929816406,1.3248772902679247,-7.212142172458321,-6.49304147892722,1.999960000799984e-05,9.99980000399992e-05
E4_MIXED,0.05-0.10,500,50,mean_reward,0.05,0.1,0.5038800000000001,0.5045733333333334,-0.0006933333333333358,0.0,0.0018465387121366988,-0.0012000000000000023,-0.00021333333333334523,0.009939801203975921,0.043399132017359655
E4_MIXED,0.15-0.10,500,50,mean_reward,0.15,0.1,0.5044533333333333,0.5045733333333334,-0.00012000000000001232,0.0,0.002389280672403133,-0.0007733333333333459,0.0005333333333333203,0.7529449411011779,0.7529449411011779
E4_MIXED,0.20-0.10,500,50,mean_reward,0.2,0.1,0.5054533333333333,0.5045733333333334,0.0008799999999999764,0.0,0.004251589005336091,-0.0002933333333333555,0.0020933333333333103,0.15901681966360673,0.31803363932721346
E4_MIXED,0.30-0.10,500,50,mean_reward,0.3,0.1,0.5063066666666667,0.5045733333333334,0.001733333333333309,0.001333333333333353,0.005883217223421106,0.0002133333333333228,0.0034003333333332926,0.04325913481730365,0.12977740445191097
E4_MIXED,0.00-0.10,500,50,mean_reward,0.0,0.1,0.5037866666666667,0.5045733333333334,-0.000786666666666681,0.0,0.0020278782629716864,-0.0013733333333333445,-0.00029300000000001016,0.008679826403471931,0.043399132017359655
E4_MIXED,0.05-0.10,500,50,optimal_arm_rate,0.05,0.1,0.7729600000000001,0.5914666666666667,0.18149333333333334,0.184,0.027007199846289402,0.17387900000000003,0.18880033333333332,1.999960000799984e-05,9.99980000399992e-05
E4_MIXED,0.15-0.10,500,50,optimal_arm_rate,0.15,0.1,0.4453733333333333,0.5914666666666667,-0.14609333333333333,-0.15100000000000008,0.041684052971236424,-0.15744033333333335,-0.1349066666666667,1.999960000799984e-05,9.99980000399992e-05
E4_MIXED,0.20-0.10,500,50,optimal_arm_rate,0.2,0.1,0.3485733333333333,0.5914666666666667,-0.24289333333333335,-0.2526666666666667,0.06743510998698612,-0.26094933333333337,-0.22410300000000002,1.999960000799984e-05,9.99980000399992e-05
E4_MIXED,0.30-0.10,500,50,optimal_arm_rate,0.3,0.1,0.2737733333333333,0.5914666666666667,-0.3176933333333334,-0.3293333333333334,0.10806668051551194,-0.3463240000000001,-0.28876,1.999960000799984e-05,9.99980000399992e-05
E4_MIXED,0.00-0.10,500,50,optimal_arm_rate,0.0,0.1,1.0,0.5914666666666667,0.4085333333333333,0.409,0.04075789922464538,0.3977176666666667,0.42030700000000004,1.999960000799984e-05,9.99980000399992e-05
E4_MIXED,0.05-0.10,500,50,at_least_one_alternative_rate,0.05,0.1,0.34513333333333335,0.5979466666666666,-0.25281333333333333,-0.2523333333333334,0.012273740935561904,-0.2562273333333333,-0.24955933333333338,1.999960000799984e-05,9.99980000399992e-05
E4_MIXED,0.15-0.10,500,50,at_least_one_alternative_rate,0.15,0.1,0.7700400000000001,0.5979466666666666,0.17209333333333332,0.17266666666666675,0.009896525879812365,0.169413,0.17472,1.999960000799984e-05,9.99980000399992e-05
E4_MIXED,0.20-0.10,500,50,at_least_one_alternative_rate,0.2,0.1,0.87676,0.5979466666666666,0.2788133333333333,0.279,0.0126979849134293,0.2753333333333333,0.28206699999999996,1.999960000799984e-05,9.99980000399992e-05
E4_MIXED,0.30-0.10,500,50,at_least_one_alternative_rate,0.3,0.1,0.9715200000000002,0.5979466666666666,0.3735733333333333,0.37333333333333335,0.01350216913790415,0.36981300000000006,0.37710666666666665,1.999960000799984e-05,9.99980000399992e-05
E4_MIXED,0.00-0.10,500,50,at_least_one_alternative_rate,0.0,0.1,0.0,0.5979466666666666,-0.5979466666666666,-0.596,0.013930074806941422,-0.601694,-0.5943996666666667,1.999960000799984e-05,9.99980000399992e-05
E4_MIXED,0.05-0.10,500,50,override_rate,0.05,0.1,0.010666666666666626,0.054026666666666626,-0.043359999999999996,-0.01799999999999995,0.056061022793416744,-0.059617666666666666,-0.029183666666666667,1.999960000799984e-05,9.99980000399992e-05
E4_MIXED,0.15-0.10,500,50,override_rate,0.15,0.1,0.11415999999999997,0.054026666666666626,0.060133333333333344,0.035666666666666694,0.08205910153739632,0.03839766666666666,0.08332399999999998,1.999960000799984e-05,9.99980000399992e-05
E4_MIXED,0.20-0.10,500,50,override_rate,0.2,0.1,0.1781466666666666,0.054026666666666626,0.12412000000000002,0.11333333333333334,0.11526553707106553,0.09214566666666668,0.15600566666666663,1.999960000799984e-05,9.99980000399992e-05
E4_MIXED,0.30-0.10,500,50,override_rate,0.3,0.1,0.4059199999999999,0.054026666666666626,0.3518933333333334,0.35633333333333334,0.24165353884118293,0.2873583333333333,0.4161386666666667,1.999960000799984e-05,9.99980000399992e-05
E4_MIXED,0.00-0.10,500,50,override_rate,0.0,0.1,0.0,0.054026666666666626,-0.054026666666666626,-0.043666666666666604,0.05694807437133564,-0.07042966666666661,-0.039545999999999956,1.999960000799984e-05,9.99980000399992e-05
