arm,eigen_index,eigenvalue
generic,1,1.0000000000000004
generic,2,1.0020045036900025
generic,3,1.0044163172373766
generic,4,1.0102915000244
generic,5,1.0210166456203182
generic,6,1.047960212508696
generic,7,1.0627060828077082
generic,8,1.1171877262340886
generic,9,1.1427588989096176
generic,10,2.8191653541545385
generic,11,5.614853826512897
probing,1,1.0
probing,2,1.0032915107747962
probing,3,1.0099809163173659
probing,4,1.0298412763619893
probing,5,1.0438973021492115
probing,6,1.064691378838945
probing,7,1.0719885711298547
probing,8,1.2376830973442474
probing,9,1.3713863979589296
probing,10,1.5106449571450098
probing,11,7.51133688097841
focus,1,0.9999999999999999
focus,2,1.0073353222767851
focus,3,1.0143546919693458
focus,4,1.019770149585131
focus,5,1.0496983606429395
focus,6,1.0841090125604118
focus,7,1.0980857652589389
focus,8,1.160776327400657
focus,9,1.2102089631866417
focus,10,1.3154777272375608
focus,11,6.874630292233935
telling,1,1.0000000000000004
telling,2,1.0001985968781408
telling,3,1.0012833193447475
telling,4,1.002051800222051
telling,5,1.0051130116959022
telling,6,1.0060191950081547
telling,7,1.0101772677993952
telling,8,1.0217818848386773
telling,9,1.040653056528184
telling,10,1.0695823022680926
telling,11,2.0008311778045345
