case_id,scenario_group,problem,history,p_generic,p_probing,p_focus,p_telling,argmax_move,top1_probability,second_move,top2_probability,top1_top2_gap,shannon_entropy,eligible_arms,eligible_arm_count,alternative_available
1,START_UNCERTAINTY,What is 15% of 80?,"[{""user"":""student"",""text"":""I don't know where to start.""}]",0.16867075860500336,0.549224853515625,0.1605299413204193,0.1215745136141777,probing,0.549224853515625,generic,0.16867075860500336,0.38055409491062164,1.1791614617236577,"[""baseline""]",1,False
2,START_UNCERTAINTY,Solve 5x + 7 = 32.,"[{""user"":""student"",""text"":""I'm confused about what I should do first.""}]",0.10584602504968643,0.5905360579490662,0.15867063403129578,0.144947350025177,probing,0.5905360579490662,focus,0.15867063403129578,0.4318654239177704,1.120805454157553,"[""baseline""]",1,False
3,START_UNCERTAINTY,A rectangle has length 9 cm and width 4 cm. Find its area.,"[{""user"":""student"",""text"":""I don't remember how to find area.""}]",0.08396761119365692,0.5690733790397644,0.17723245918750763,0.16972658038139343,probing,0.5690733790397644,focus,0.17723245918750763,0.3918409198522568,1.1365132419108186,"[""baseline""]",1,False
4,START_UNCERTAINTY,What is 3/4 of 20?,"[{""user"":""student"",""text"":""I'm not sure what \""of\"" means here.""}]",0.14691339433193207,0.5388539433479309,0.16745300590991974,0.14677965641021729,probing,0.5388539433479309,focus,0.16745300590991974,0.37140093743801117,1.1958375976189801,"[""baseline""]",1,False
5,START_UNCERTAINTY,A bag has 5 red and 7 blue marbles. How many marbles are there altogether?,"[{""user"":""student"",""text"":""I don't know.""}]",0.08911709487438202,0.5901503562927246,0.17909172177314758,0.1416408270597458,probing,0.5901503562927246,focus,0.17909172177314758,0.411058634519577,1.1115435844729948,"[""baseline""]",1,False
6,START_UNCERTAINTY,Find the perimeter of a square with side length 6 cm.,"[{""user"":""student"",""text"":""Can you help me start?""}]",0.273678183555603,0.4923572242259979,0.139541894197464,0.09442269057035446,probing,0.4923572242259979,generic,0.273678183555603,0.2186790406703949,1.201140476000619,"[""baseline""]",1,False
7,REASONING_AVAILABLE,Solve 3x + 5 = 20.,"[{""user"":""student"",""text"":""I think x = 3 because 3 times 3 is 9.""}]",0.07308978587388992,0.5586507320404053,0.1778198629617691,0.19043968617916107,probing,0.5586507320404053,telling,0.19043968617916107,0.3682110458612442,1.1393924567469704,"[""baseline""]",1,False
8,REASONING_AVAILABLE,What is 25% of 60?,"[{""user"":""student"",""text"":""I think I should divide 60 by 4 because 25% is one fourth.""}]",0.07677563279867172,0.5978482961654663,0.17678995430469513,0.1485861837863922,probing,0.5978482961654663,focus,0.17678995430469513,0.4210583418607712,1.0942503200080222,"[""baseline""]",1,False
9,REASONING_AVAILABLE,A school library has 6 shelves with 24 books on each shelf. 18 books are removed and the rest are shared equally among 9 students. How many books does each student get?,"[{""user"":""student"",""text"":""I think I should first find how many books are on all 6 shelves.""}]",0.09295029938220978,0.6276947259902954,0.15368841588497162,0.12566663324832916,probing,0.6276947259902954,focus,0.15368841588497162,0.4740063101053238,1.0616193794540822,"[""baseline""]",1,False
10,REASONING_AVAILABLE,Find 2/3 of 18.,"[{""user"":""student"",""text"":""I think I should divide 18 by 3 first and then multiply by 2.""}]",0.08180072158575058,0.593141496181488,0.16548486053943634,0.15957291424274445,probing,0.593141496181488,focus,0.16548486053943634,0.4276566356420517,1.1051401693937966,"[""baseline""]",1,False
11,REASONING_AVAILABLE,Solve 4x = 28.,"[{""user"":""student"",""text"":""Since 4 times x is 28, I think I need to undo multiplication by 4.""}]",0.15255820751190186,0.5105502605438232,0.14935338497161865,0.18753817677497864,probing,0.5105502605438232,telling,0.18753817677497864,0.3230120837688446,1.227949823263951,"[""baseline""]",1,False
12,REASONING_AVAILABLE,A shirt costs $40 and is discounted by 20%. Find the discount amount.,"[{""user"":""student"",""text"":""I think 20% means I need to find one fifth of 40.""}]",0.10288342833518982,0.5547791719436646,0.15808792412281036,0.18424952030181885,probing,0.5547791719436646,telling,0.18424952030181885,0.3705296516418457,1.1641019829952972,"[""baseline""]",1,False
13,CLEAR_ERROR,A rectangle is 8 cm by 5 cm. Find its area.,"[{""user"":""student"",""text"":""8 + 5 = 13, so the area is 13 square centimeters.""}]",0.07691045850515366,0.5454317331314087,0.19132183492183685,0.186335951089859,probing,0.5454317331314087,focus,0.19132183492183685,0.35410989820957184,1.1574027005947078,"[""baseline""]",1,False
14,CLEAR_ERROR,Solve 2x + 6 = 18.,"[{""user"":""student"",""text"":""I divided 18 by 2 first, so x = 9.""}]",0.059843096882104874,0.5666385889053345,0.20212088525295258,0.171397402882576,probing,0.5666385889053345,focus,0.20212088525295258,0.3645177036523819,1.115864253234029,"[""baseline""]",1,False
15,CLEAR_ERROR,Find 30% of 50.,"[{""user"":""student"",""text"":""30% of 50 is 80 because I added 30 and 50.""}]",0.11379518359899521,0.5294691920280457,0.16528207063674927,0.1914534717798233,probing,0.5294691920280457,telling,0.1914534717798233,0.33801572024822235,1.1980146505857188,"[""baseline""]",1,False
16,CLEAR_ERROR,A triangle has base 10 cm and height 4 cm. Find its area.,"[{""user"":""student"",""text"":""I multiplied 10 by 4 and got 40 square centimeters.""}]",0.054112758487463,0.5926243662834167,0.19249892234802246,0.16076399385929108,probing,0.5926243662834167,focus,0.19249892234802246,0.4001254439353943,1.0789086955708616,"[""baseline""]",1,False
17,CLEAR_ERROR,Calculate 144 - 18.,"[{""user"":""student"",""text"":""The answer is 125.""}]",0.13477307558059692,0.569703221321106,0.1524621695280075,0.1430615335702896,probing,0.569703221321106,focus,0.1524621695280075,0.41724105179309845,1.1555819638314782,"[""baseline""]",1,False
18,CLEAR_ERROR,What is 126 divided by 9?,"[{""user"":""student"",""text"":""I think it is 12.""}]",0.10341527312994003,0.5869379043579102,0.1724117398262024,0.1372351497411728,probing,0.5869379043579102,focus,0.1724117398262024,0.41452616453170776,1.1230258719495256,"[""baseline""]",1,False
19,REPEATED_DIFFICULTY,Solve 4x = 28.,"[{""user"":""student"",""text"":""I divided 4 by 28 and got about 0.14.""},{""user"":""teacher"",""text"":""What operation would undo multiplication by 4?""},{""user"":""student"",""text"":""I'm not sure.""},{""user"":""teacher"",""text"":""Think about how you could isolate x in 4x = 28.""},{""user"":""student"",""text"":""I still don't understand. Can you show me?""}]",0.23633040487766266,0.47097334265708923,0.12888211011886597,0.16381417214870453,probing,0.47097334265708923,generic,0.23633040487766266,0.23464293777942657,1.2559381167255714,"[""baseline""]",1,False
20,REPEATED_DIFFICULTY,Find 20% of 70.,"[{""user"":""student"",""text"":""I added 20 and 70.""},{""user"":""teacher"",""text"":""Think about what percent means.""},{""user"":""student"",""text"":""I still don't get it. Please show me how.""}]",0.07943890988826752,0.5500449538230896,0.18311630189418793,0.18739986419677734,probing,0.5500449538230896,telling,0.18739986419677734,0.36264508962631226,1.1546600063850507,"[""baseline""]",1,False
21,REPEATED_DIFFICULTY,Solve x/5 = 6.,"[{""user"":""student"",""text"":""I divided 6 by 5.""},{""user"":""teacher"",""text"":""Which operation reverses division by 5?""},{""user"":""student"",""text"":""I don't know.""},{""user"":""teacher"",""text"":""What could you do to both sides?""},{""user"":""student"",""text"":""Can you just show me the next step?""}]",0.10626410692930222,0.5783936381340027,0.16616757214069366,0.14917460083961487,probing,0.5783936381340027,focus,0.16616757214069366,0.412226065993309,1.1369525953793682,"[""baseline""]",1,False
22,REPEATED_DIFFICULTY,Find the area of a rectangle with sides 7 cm and 3 cm.,"[{""user"":""student"",""text"":""I added them and got 10.""},{""user"":""teacher"",""text"":""Area uses the two side lengths in a particular operation.""},{""user"":""student"",""text"":""I don't know which one.""},{""user"":""teacher"",""text"":""Think about rows of 7 repeated 3 times.""},{""user"":""student"",""text"":""I still don't understand.""}]",0.11542324721813202,0.4898611009120941,0.13949798047542572,0.25521767139434814,probing,0.4898611009120941,telling,0.25521767139434814,0.23464342951774597,1.22210225211522,"[""baseline""]",1,False
23,REPEATED_DIFFICULTY,What is 3/5 of 25?,"[{""user"":""student"",""text"":""I did 25 divided by 3.""},{""user"":""teacher"",""text"":""Look again at the denominator.""},{""user"":""student"",""text"":""I'm confused.""},{""user"":""teacher"",""text"":""What does the 5 tell you?""},{""user"":""student"",""text"":""Please show me.""}]",0.058143578469753265,0.6190380454063416,0.16498346626758575,0.15783491730690002,probing,0.6190380454063416,focus,0.16498346626758575,0.4540545791387558,1.0509737954340705,"[""baseline""]",1,False
24,REPEATED_DIFFICULTY,A car travels 180 km in 3 hours at a constant rate. Find its speed.,"[{""user"":""student"",""text"":""I multiplied 180 by 3.""},{""user"":""teacher"",""text"":""Think about distance per one hour.""},{""user"":""student"",""text"":""I don't know.""},{""user"":""teacher"",""text"":""What operation could split 180 equally across the 3 hours?""},{""user"":""student"",""text"":""Just tell me what to do.""}]",0.06796914339065552,0.5667038559913635,0.18870742619037628,0.17661957442760468,probing,0.5667038559913635,focus,0.18870742619037628,0.37799642980098724,1.1254862180031462,"[""baseline""]",1,False
