block_added,base_context,added_context,metric,delta_added_minus_base,fold_delta_mean,fold_delta_SD,fold_delta_SE,improvement_direction
K,S,S+K,MAE,-0.002319429022783037,-0.002319429022782998,0.00790476414303993,0.003535117993988031,negative
K,S,S+K,RMSE,-0.004360324251225262,-0.00436032425122525,0.005653757101882425,0.0025284370416162614,negative
K,S,S+K,R2,0.04645091024812259,0.046450910248122576,0.05581591345523873,0.02496163534243179,positive
K,S+L,S+K+L,MAE,-0.0023932254218752003,-0.0023932254218751977,0.007776132333742688,0.0034775921000565462,negative
K,S+L,S+K+L,RMSE,-0.004429965269730385,-0.00442996526973039,0.00610222321304911,0.002728997183650998,negative
K,S+L,S+K+L,R2,0.04683756545582329,0.04683756545582329,0.06136464498803562,0.02744310352167788,positive
K,S+H,S+K+H,MAE,-0.002356221389787555,-0.0023562213897875355,0.007085468767287568,0.003168717963221328,negative
K,S+H,S+K+H,RMSE,-0.004083290823713309,-0.004083290823713309,0.004986604862933084,0.0022300774900898793,negative
K,S+H,S+K+H,R2,0.043897650398495025,0.043897650398495004,0.046356124608774446,0.0207310891597341,positive
K,S+Q,S+K+Q,MAE,-0.002932745119769653,-0.002932745119769628,0.007190973929970265,0.0032159013063684646,negative
K,S+Q,S+K+Q,RMSE,-0.0042818751876331496,-0.004281875187633177,0.0057301582052287185,0.002562604653743921,negative
K,S+Q,S+K+Q,R2,0.044944278837747376,0.04494427883774739,0.06089298427030351,0.027232170436244815,positive
K,S+L+H+Q,S+K+L+H+Q,MAE,-0.0030373702315248663,-0.003037370231524869,0.006835850141543036,0.0030570851200983572,negative
K,S+L+H+Q,S+K+L+H+Q,RMSE,-0.004470151052937549,-0.004470151052937571,0.005967266366122597,0.002668642646899655,negative
K,S+L+H+Q,S+K+L+H+Q,R2,0.047442706781856914,0.047442706781856935,0.06191423696950968,0.027688888527770843,positive
L,S,S+L,MAE,-0.0008877920235128567,-0.0008877920235128345,0.0018795389608244387,0.0008405553765525518,negative
L,S,S+L,RMSE,-0.000528469995471903,-0.0005284699954718808,0.001731562088012606,0.0007743781072115321,negative
L,S,S+L,R2,0.009982181996268824,0.009982181996268834,0.019623294206256355,0.008775803957533397,positive
L,S+K,S+K+L,MAE,-0.0009615884226050198,-0.0009615884226050336,0.00209682690209242,0.0009377294980257893,negative
L,S+K,S+K+L,RMSE,-0.0005981110139770263,-0.0005981110139770207,0.0014057663904797526,0.000628677841919448,negative
L,S+K,S+K+L,R2,0.010368837203969528,0.01036883720396955,0.0162032505304106,0.007246313928491525,positive
L,S+K+H,S+K+L+H,MAE,-0.0010630773600172894,-0.0010630773600172837,0.002023369239576895,0.0009048782326551989,negative
L,S+K+H,S+K+L+H,RMSE,-0.00043904694775820374,-0.0004390469477581982,0.0012263649484202412,0.0005484470779781365,negative
L,S+K+H,S+K+L+H,R2,0.008111155766776679,0.008111155766776701,0.01394802640321425,0.006237747037909791,positive
L,S+K+H+Q,S+K+L+H+Q,MAE,-0.0014035170663367624,-0.0014035170663367653,0.0023915779761653146,0.001069546185639403,negative
L,S+K+H+Q,S+K+L+H+Q,RMSE,-0.001081377705951847,-0.0010813777059518804,0.001299475332446508,0.000581143035686906,negative
L,S+K+H+Q,S+K+L+H+Q,R2,0.01697567310207826,0.01697567310207826,0.01937893639062491,0.008666523820216343,positive
H,S,S+H,MAE,0.0023411639574142107,0.0023411639574141994,0.0030052541876745328,0.001343990530661233,negative
H,S,S+H,RMSE,0.0023256349117391772,0.002325634911739205,0.003433692788666945,0.0015355940978620216,negative
H,S,S+H,R2,-0.02929155526771471,-0.029291555267714698,0.05392026787209,0.02411387686539823,positive
H,S+K,S+K+H,MAE,0.002304371590409693,0.0023043715904096625,0.003223479883429192,0.001441584028690154,negative
H,S+K,S+K+H,RMSE,0.0026026683392511296,0.002602668339251146,0.004060430915762297,0.0018158799091172436,negative
H,S+K,S+K+H,R2,-0.03184481511734227,-0.03184481511734227,0.06270679083460974,0.02804332939140963,positive
H,S+K+L,S+K+L+H,MAE,0.0022028826529974233,0.002202882652997412,0.0027883992357769093,0.0012470100479211265,negative
H,S+K+L,S+K+L+H,RMSE,0.002761732405469952,0.0027617324054699686,0.0038972743093435773,0.0017429140565311564,negative
H,S+K+L,S+K+L+H,R2,-0.03410249655453512,-0.03410249655453512,0.06002967679154092,0.026846087594645393,positive
H,S+K+L+Q,S+K+L+H+Q,MAE,0.0014222607274557708,0.0014222607274557487,0.0023843962187325026,0.0010663344060758667,negative
H,S+K+L+Q,S+K+L+H+Q,RMSE,0.001628859514118508,0.001628859514118497,0.0030054930538543313,0.0013440973548643441,negative
H,S+K+L+Q,S+K+L+H+Q,R2,-0.02039180622051845,-0.02039180622051844,0.04774675733908792,0.02135299902307751,positive
Q,S,S+Q,MAE,0.006041239148641742,0.006041239148641736,0.004565651389557776,0.0020418213737235123,negative
Q,S,S+Q,RMSE,0.0033625758334227263,0.0033625758334227818,0.0039347121665754305,0.0017596567752716276,negative
Q,S,S+Q,R2,-0.04933243867034526,-0.04933243867034527,0.06464272760354511,0.02890910663450579,positive
Q,S+K,S+K+Q,MAE,0.005427923051655126,0.005427923051655107,0.003831267124123635,0.0017133947459001145,negative
Q,S+K,S+K+Q,RMSE,0.0034410248970148383,0.0034410248970148547,0.004141250857936972,0.001852023686045279,negative
Q,S+K,S+K+Q,R2,-0.05083907008072047,-0.05083907008072046,0.06587209010244824,0.02945889425781307,positive
Q,S+K+H,S+K+H+Q,MAE,0.004516035752524905,0.004516035752524896,0.004076527956269203,0.0018230787244792454,negative
Q,S+K+H,S+K+H+Q,RMSE,0.0022931279940592297,0.002293127994059241,0.003530407420980381,0.0015788461963163697,negative
Q,S+K+H,S+K+H+Q,R2,-0.03688633779234529,-0.03688633779234527,0.05577598986680756,0.024943780970904227,positive
Q,S+K+L+H,S+K+L+H+Q,MAE,0.004175596046205432,0.0041755960462054155,0.003993124408788641,0.0017857795241330119,negative
Q,S+K+L+H,S+K+L+H+Q,RMSE,0.0016507972358655865,0.0016507972358655587,0.0032091872485820964,0.0014351921680710166,negative
Q,S+K+L+H,S+K+L+H+Q,R2,-0.02802182045704371,-0.02802182045704371,0.048703694217597196,0.02178095420518215,positive
