candidate_order,context,blocks,context_dimension,ordered_features,N,attempt_count,fold_count,MAE_mean,MAE_SD,MAE_SE,RMSE_mean,RMSE_SD,RMSE_SE,R2_mean,R2_SD,R2_SE,OOF_MAE,OOF_RMSE,OOF_R2,ridge_grid,selected_alphas
0,S,S,4,"[""selector_p_generic"",""selector_p_probing"",""selector_p_focus"",""selector_p_telling""]",84,14,5,0.16490832093301827,0.06249226880749011,0.02794739222434752,0.20959047733336078,0.06827267800105208,0.03053246980326138,-0.2517050416959512,0.10558143959703319,0.04721745522025084,0.1630063981694982,0.21642896334828682,-0.09370831845423222,"[0.01, 0.1, 1.0, 10.0, 100.0]","[100.0,100.0,100.0,100.0,100.0]"
1,S+K,S+K,7,"[""selector_p_generic"",""selector_p_probing"",""selector_p_focus"",""selector_p_telling"",""mastery_before"",""previous_mastery_delta"",""previous_mastery_delta_missing""]",84,14,5,0.16258889191023523,0.05613642925712851,0.02510497436660947,0.20523015308213552,0.06381989399621571,0.028541124258473806,-0.2052541314478286,0.05969330590314382,0.02669565796022381,0.1607802353252495,0.21118956830783667,-0.04139546384070103,"[0.01, 0.1, 1.0, 10.0, 100.0]","[100.0,100.0,100.0,100.0,100.0]"
2,S+L,S+L,8,"[""selector_p_generic"",""selector_p_probing"",""selector_p_focus"",""selector_p_telling"",""previous_reasoning_probability"",""previous_uncertainty_probability"",""previous_clarification_probability"",""previous_learner_signals_missing""]",84,14,5,0.16402052890950541,0.06414720896570962,0.028687503962842135,0.20906200733788888,0.06989942908920178,0.03125997500637628,-0.24172285969968238,0.11863803767302274,0.05305654339081196,0.16206857648983844,0.21629519128835004,-0.092356721172564,"[0.01, 0.1, 1.0, 10.0, 100.0]","[100.0,100.0,100.0,100.0,100.0]"
3,S+H,S+H,10,"[""selector_p_generic"",""selector_p_probing"",""selector_p_focus"",""selector_p_telling"",""previous_move_generic"",""previous_move_probing"",""previous_move_focus"",""previous_move_telling"",""previous_move_missing"",""prior_tutor_turn_count""]",84,14,5,0.16724948489043248,0.06254174078869393,0.027969516766938186,0.21191611224509996,0.0687468454050829,0.030744523912886883,-0.2809965969636659,0.13543984804207376,0.060570541416863743,0.1653282382152274,0.21882401839135446,-0.1180487352419195,"[0.01, 0.1, 1.0, 10.0, 100.0]","[100.0,100.0,100.0,100.0,100.0]"
4,S+Q,S+Q,9,"[""selector_p_generic"",""selector_p_probing"",""selector_p_focus"",""selector_p_telling"",""previous_mistake_identification"",""previous_mistake_location"",""previous_providing_guidance"",""previous_actionability"",""previous_mrb1_missing""]",84,14,5,0.17094956008166,0.05827227710252446,0.026060154560989833,0.2129530531667835,0.06694969121170154,0.02994081212439698,-0.30103748036629646,0.139149203623869,0.06222941566358624,0.16920119789269797,0.21944324193004747,-0.12438534909729393,"[0.01, 0.1, 1.0, 10.0, 100.0]","[100.0,100.0,100.0,100.0,100.0]"
5,S+K+L,S+K+L,11,"[""selector_p_generic"",""selector_p_probing"",""selector_p_focus"",""selector_p_telling"",""mastery_before"",""previous_mastery_delta"",""previous_mastery_delta_missing"",""previous_reasoning_probability"",""previous_uncertainty_probability"",""previous_clarification_probability"",""previous_learner_signals_missing""]",84,14,5,0.16162730348763021,0.05799131951909556,0.025934506509921615,0.2046320420681585,0.06514413129869703,0.029133341183811643,-0.1948852942438591,0.06654975373088681,0.02976195464562663,0.15976046726524806,0.21089589819128077,-0.03850124803560151,"[0.01, 0.1, 1.0, 10.0, 100.0]","[100.0,100.0,100.0,100.0,100.0]"
6,S+K+H,S+K+H,13,"[""selector_p_generic"",""selector_p_probing"",""selector_p_focus"",""selector_p_telling"",""mastery_before"",""previous_mastery_delta"",""previous_mastery_delta_missing"",""previous_move_generic"",""previous_move_probing"",""previous_move_focus"",""previous_move_telling"",""previous_move_missing"",""prior_tutor_turn_count""]",84,14,5,0.16489326350064493,0.05603125022715051,0.025057936874441814,0.20783282142138665,0.06444405745186901,0.0288202586416562,-0.2370989465651709,0.09766025185518233,0.04367499236958752,0.16311941023668972,0.21390652716907477,-0.0683629792342515,"[0.01, 0.1, 1.0, 10.0, 100.0]","[100.0,100.0,100.0,100.0,100.0]"
7,S+K+Q,S+K+Q,12,"[""selector_p_generic"",""selector_p_probing"",""selector_p_focus"",""selector_p_telling"",""mastery_before"",""previous_mastery_delta"",""previous_mastery_delta_missing"",""previous_mistake_identification"",""previous_mistake_location"",""previous_providing_guidance"",""previous_actionability"",""previous_mrb1_missing""]",84,14,5,0.16801681496189036,0.05246527530973779,0.023463184410163006,0.20867117797915036,0.06209615624312096,0.027770245300213284,-0.2560932015285491,0.10598071544705834,0.04739601680873689,0.16634877907786053,0.21422737532044386,-0.07157035554770563,"[0.01, 0.1, 1.0, 10.0, 100.0]","[100.0,100.0,100.0,100.0,100.0]"
8,S+K+L+H,S+K+L+H,17,"[""selector_p_generic"",""selector_p_probing"",""selector_p_focus"",""selector_p_telling"",""mastery_before"",""previous_mastery_delta"",""previous_mastery_delta_missing"",""previous_reasoning_probability"",""previous_uncertainty_probability"",""previous_clarification_probability"",""previous_learner_signals_missing"",""previous_move_generic"",""previous_move_probing"",""previous_move_focus"",""previous_move_telling"",""previous_move_missing"",""prior_tutor_turn_count""]",84,14,5,0.16383018614062764,0.057929383502601385,0.025906807881294312,0.20739377447362844,0.06556212701397972,0.02932027455054679,-0.2289877907983942,0.09751190542230025,0.043608649827958736,0.16198929350754096,0.21371401786799865,-0.06644085684842138,"[0.01, 0.1, 1.0, 10.0, 100.0]","[100.0,100.0,100.0,100.0,100.0]"
9,S+K+L+H+Q,S+K+L+H+Q,22,"[""selector_p_generic"",""selector_p_probing"",""selector_p_focus"",""selector_p_telling"",""mastery_before"",""previous_mastery_delta"",""previous_mastery_delta_missing"",""previous_reasoning_probability"",""previous_uncertainty_probability"",""previous_clarification_probability"",""previous_learner_signals_missing"",""previous_move_generic"",""previous_move_probing"",""previous_move_focus"",""previous_move_telling"",""previous_move_missing"",""prior_tutor_turn_count"",""previous_mistake_identification"",""previous_mistake_location"",""previous_providing_guidance"",""previous_actionability"",""previous_mrb1_missing""]",84,14,5,0.16800578218683307,0.054535686929068905,0.024389100634608963,0.20904457170949403,0.06360475266812383,0.028444910131597202,-0.2570096112554379,0.11981278149578714,0.053581904799581796,0.16628133677122076,0.21493514861826943,-0.07866264940307133,"[0.01, 0.1, 1.0, 10.0, 100.0]","[100.0,100.0,100.0,100.0,100.0]"
10,K+L+H+Q,K+L+H+Q,18,"[""mastery_before"",""previous_mastery_delta"",""previous_mastery_delta_missing"",""previous_reasoning_probability"",""previous_uncertainty_probability"",""previous_clarification_probability"",""previous_learner_signals_missing"",""previous_move_generic"",""previous_move_probing"",""previous_move_focus"",""previous_move_telling"",""previous_move_missing"",""prior_tutor_turn_count"",""previous_mistake_identification"",""previous_mistake_location"",""previous_providing_guidance"",""previous_actionability"",""previous_mrb1_missing""]",84,14,5,0.16758062434021054,0.05574893107235895,0.02493167991014897,0.2089429175153167,0.06326405905666062,0.02829254731665087,-0.2564893143238904,0.12331564636209516,0.05514843359099388,0.16583091153978782,0.21474103440315465,-0.07671518567167168,"[0.01, 0.1, 1.0, 10.0, 100.0]","[100.0,100.0,100.0,100.0,100.0]"
11,S+L+H+Q,S+L+H+Q,19,"[""selector_p_generic"",""selector_p_probing"",""selector_p_focus"",""selector_p_telling"",""previous_reasoning_probability"",""previous_uncertainty_probability"",""previous_clarification_probability"",""previous_learner_signals_missing"",""previous_move_generic"",""previous_move_probing"",""previous_move_focus"",""previous_move_telling"",""previous_move_missing"",""prior_tutor_turn_count"",""previous_mistake_identification"",""previous_mistake_location"",""previous_providing_guidance"",""previous_actionability"",""previous_mrb1_missing""]",84,14,5,0.17104315241835794,0.06053457750670493,0.027071886058844388,0.21351472276243158,0.06877959681172822,0.03075917078721042,-0.30445231803729483,0.1638631966278319,0.07328184933404928,0.16921303959189268,0.22042107028153338,-0.13442808655818506,"[0.01, 0.1, 1.0, 10.0, 100.0]","[100.0,100.0,100.0,100.0,100.0]"
12,S+K+L+Q,S+K+L+Q,16,"[""selector_p_generic"",""selector_p_probing"",""selector_p_focus"",""selector_p_telling"",""mastery_before"",""previous_mastery_delta"",""previous_mastery_delta_missing"",""previous_reasoning_probability"",""previous_uncertainty_probability"",""previous_clarification_probability"",""previous_learner_signals_missing"",""previous_mistake_identification"",""previous_mistake_location"",""previous_providing_guidance"",""previous_actionability"",""previous_mrb1_missing""]",84,14,5,0.1665835214593773,0.05462744499761654,0.024430136090360283,0.20741571219537552,0.06331993590614667,0.028317536203414737,-0.23661780503491947,0.09509990790814021,0.042529971747314266,0.16483118243850822,0.21324970070655658,-0.0618119710661067,"[0.01, 0.1, 1.0, 10.0, 100.0]","[100.0,100.0,100.0,100.0,100.0]"
13,S+K+H+Q,S+K+H+Q,18,"[""selector_p_generic"",""selector_p_probing"",""selector_p_focus"",""selector_p_telling"",""mastery_before"",""previous_mastery_delta"",""previous_mastery_delta_missing"",""previous_move_generic"",""previous_move_probing"",""previous_move_focus"",""previous_move_telling"",""previous_move_missing"",""prior_tutor_turn_count"",""previous_mistake_identification"",""previous_mistake_location"",""previous_providing_guidance"",""previous_actionability"",""previous_mrb1_missing""]",84,14,5,0.16940929925316983,0.05244968616613596,0.023456212733202066,0.21012594941544588,0.06255370673958824,0.027974868102861206,-0.2739852843575162,0.13104046053444515,0.058603075511579554,0.167766896031779,0.21578422427870111,-0.08720173868094938,"[0.01, 0.1, 1.0, 10.0, 100.0]","[100.0,100.0,100.0,100.0,100.0]"
