reward,mastery_band,N,mean,median,absolute_mean,Q1,Q3
RAW_DELTA,"[0,.2)",1,0.5565306848534494,0.5565306848534494,0.5565306848534494,0.5565306848534494,0.5565306848534494
RAW_DELTA,"[.2,.4)",2,0.11705073888532885,0.11705073888532885,0.11705073888532885,0.11162265421429671,0.122478823556361
RAW_DELTA,"[.4,.6)",14,0.06390743025439972,0.0928664548575191,0.10102815339152109,0.07229519858975911,0.10888341980041522
RAW_DELTA,"[.6,.8)",32,0.009152239402970372,0.029991370247129667,0.06526334674426666,-0.042220630546888765,0.06201798584115675
RAW_DELTA,"[.8,1]",35,0.0026775484312941966,0.012941259402848737,0.031086753766968973,-0.006144808829980197,0.025656666809828255
HEADROOM_NORMALIZED,"[0,.2)",1,0.5627442380650807,0.5627442380650807,0.5627442380650807,0.5627442380650807,0.5627442380650807
HEADROOM_NORMALIZED,"[.2,.4)",2,0.16055526012173918,0.16055526012173918,0.16055526012173918,0.14741946565251485,0.1736910545909635
HEADROOM_NORMALIZED,"[.4,.6)",14,0.14479572718574138,0.19263455905355023,0.20992856412839722,0.14685263805821952,0.22630516256563013
HEADROOM_NORMALIZED,"[.6,.8)",32,0.08740927246517358,0.11399537004849103,0.1694372556473104,-0.06160040487068798,0.20932147084184655
HEADROOM_NORMALIZED,"[.8,1]",35,0.19078691925886135,0.18821451167281608,0.22261006927249555,-0.0062876182033367815,0.3144505804237401
