attempt_number,attempt_id,skill,assessment_item_index,question_id,is_correct,event_id,source_action_event_id,mastery_before,mastery_after,delta_mastery,persistence_status
1,5413cab2-22c8-4536-a66b-66619d887e84:1,Equation Solving Two or Fewer Steps,1,q1_variable_expression,True,5413cab2-22c8-4536-a66b-66619d887e84:1:turn_1:equation_solving_two_or_fewer_steps,,0.8053713847086786,0.897314129830266,0.0919427451215874,persisted
1,5413cab2-22c8-4536-a66b-66619d887e84:1,Equation Solving Two or Fewer Steps,2,q2_distributive_property,True,5413cab2-22c8-4536-a66b-66619d887e84:1:turn_3:equation_solving_two_or_fewer_steps,,0.897314129830266,0.9453950632483058,0.04808093341803976,persisted
1,5413cab2-22c8-4536-a66b-66619d887e84:1,Equation Solving Two or Fewer Steps,3,q3_contextual_interpretation,True,5413cab2-22c8-4536-a66b-66619d887e84:1:turn_5:equation_solving_two_or_fewer_steps,,0.9453950632483058,0.9740457914204136,0.028650728172107787,persisted
2,8a72eaca-f99f-4226-92d4-f73cc0492a2e:1,Equation Solving Two or Fewer Steps,1,quadratic_setup_001,True,8a72eaca-f99f-4226-92d4-f73cc0492a2e:1:turn_1:equation_solving_two_or_fewer_steps,,0.9658724130303242,0.9840351729568091,0.01816275992648486,persisted
2,8a72eaca-f99f-4226-92d4-f73cc0492a2e:1,Equation Solving Two or Fewer Steps,2,interpret_solution_002,True,8a72eaca-f99f-4226-92d4-f73cc0492a2e:1:turn_3:equation_solving_two_or_fewer_steps,,0.9840351729568091,0.9928468819731192,0.00881170901631012,persisted
2,8a72eaca-f99f-4226-92d4-f73cc0492a2e:1,Equation Solving Two or Fewer Steps,3,calculate_length_003,True,8a72eaca-f99f-4226-92d4-f73cc0492a2e:1:turn_5:equation_solving_two_or_fewer_steps,,0.9928468819731192,0.9964674228385431,0.003620540865423849,persisted
3,ecaa67e8-e212-4866-877f-9e2dd4cced40:1,Complementary and Supplementary Angles,1,supplementary_definition,True,ecaa67e8-e212-4866-877f-9e2dd4cced40:1:turn_1:complementary_and_supplementary_angles,,0.7463364165176235,0.9430327376750172,0.19669632115739366,persisted
3,ecaa67e8-e212-4866-877f-9e2dd4cced40:1,Complementary and Supplementary Angles,2,algebraic_translation,True,ecaa67e8-e212-4866-877f-9e2dd4cced40:1:turn_3:complementary_and_supplementary_angles,,0.9430327376750172,0.988702345097858,0.045669607422840874,persisted
3,ecaa67e8-e212-4866-877f-9e2dd4cced40:1,Complementary and Supplementary Angles,3,equation_setup_variation,True,ecaa67e8-e212-4866-877f-9e2dd4cced40:1:turn_5:complementary_and_supplementary_angles,,0.988702345097858,0.9981089083601189,0.009406563262260859,persisted
4,f3133173-8f14-44d9-b485-97a42dc45030:1,Conversion of Fraction Decimals Percents,1,fraction_to_decimal_setup,True,f3133173-8f14-44d9-b485-97a42dc45030:1:turn_1:conversion_of_fraction_decimals_percents,,0.7238061145670114,0.8288775813594542,0.10507146679244284,persisted
4,f3133173-8f14-44d9-b485-97a42dc45030:1,Conversion of Fraction Decimals Percents,2,decimal_to_percent,True,f3133173-8f14-44d9-b485-97a42dc45030:1:turn_3:conversion_of_fraction_decimals_percents,,0.8288775813594542,0.9008908786959667,0.07201329733651252,persisted
4,f3133173-8f14-44d9-b485-97a42dc45030:1,Conversion of Fraction Decimals Percents,3,apply_fraction_to_total,True,f3133173-8f14-44d9-b485-97a42dc45030:1:turn_5:conversion_of_fraction_decimals_percents,,0.9008908786959667,0.9444547628424902,0.04356388414652346,persisted
5,a6d964ef-ca38-47e1-a1f5-6009be1aa0b5:1,Multiplication Whole Numbers,1,q1_total_items,True,a6d964ef-ca38-47e1-a1f5-6009be1aa0b5:1:turn_1:multiplication_whole_numbers,,0.6717844031191802,0.900159874181612,0.22837547106243183,persisted
5,a6d964ef-ca38-47e1-a1f5-6009be1aa0b5:1,Multiplication Whole Numbers,2,q2_operation_reasoning,True,a6d964ef-ca38-47e1-a1f5-6009be1aa0b5:1:turn_3:multiplication_whole_numbers,,0.900159874181612,0.9752520620900995,0.07509218790848748,persisted
5,a6d964ef-ca38-47e1-a1f5-6009be1aa0b5:1,Multiplication Whole Numbers,3,q3_similar_scenario,True,a6d964ef-ca38-47e1-a1f5-6009be1aa0b5:1:turn_5:multiplication_whole_numbers,,0.9752520620900995,0.9951527447346044,0.01990068264450484,persisted
6,dffa3aac-68c5-4b98-b5cc-3bddd6e5f956:1,Simplifying Expressions positive exponents,1,exp_rule_direct,True,dffa3aac-68c5-4b98-b5cc-3bddd6e5f956:1:turn_1:simplifying_expressions_positive_exponents,,0.9959454171637467,0.9999229892600362,0.003977572096289461,persisted
6,dffa3aac-68c5-4b98-b5cc-3bddd6e5f956:1,Simplifying Expressions positive exponents,2,coeff_exp_combo,True,dffa3aac-68c5-4b98-b5cc-3bddd6e5f956:1:turn_3:simplifying_expressions_positive_exponents,,0.9999229892600362,0.9999985377164736,7.554845643742425e-05,persisted
6,dffa3aac-68c5-4b98-b5cc-3bddd6e5f956:1,Simplifying Expressions positive exponents,3,conceptual_explanation,True,dffa3aac-68c5-4b98-b5cc-3bddd6e5f956:1:turn_5:simplifying_expressions_positive_exponents,,0.9999985377164736,0.9999999869060648,1.449189591218314e-06,persisted
