QuestionId,item_type,run,solution_step_count,bloom_level,misconception_count,information_gap,knowledge_dimension,max_expression_nesting_depth,has_abstract_symbols,units_check,real_world_context
689,visual,1,3,3,2,2,Conceptual,1,True,False,False
689,visual,2,3,3,2,2,Conceptual,1,True,False,False
689,visual,3,3,3,2,2,Conceptual,1,True,False,False
320,visual,1,3,3,2,2,Procedural,0,False,False,True
320,visual,2,3,3,2,2,Procedural,0,False,False,True
320,visual,3,3,3,2,2,Procedural,0,False,False,True
721,visual,1,4,4,2,3,Conceptual,1,False,False,False
721,visual,2,4,4,2,3,Conceptual,0,False,False,False
721,visual,3,4,4,2,3,Conceptual,1,False,False,False
23,visual,1,3,3,2,2,Procedural,1,False,True,True
23,visual,2,3,3,2,2,Procedural,1,False,True,True
23,visual,3,5,3,3,3,Procedural,1,True,True,True
277,visual,1,3,4,3,2,Conceptual,0,False,False,False
277,visual,2,3,4,2,3,Conceptual,0,False,False,False
277,visual,3,3,4,3,2,Conceptual,0,False,False,False
645,visual,1,3,3,2,2,Conceptual,0,True,False,False
645,visual,2,3,3,2,2,Conceptual,0,True,False,False
645,visual,3,1,3,2,2,Conceptual,0,True,False,False
838,visual,1,3,4,2,3,Conceptual,0,False,False,False
838,visual,2,3,4,2,3,Conceptual,0,False,False,False
838,visual,3,3,4,2,3,Conceptual,1,False,False,False
567,visual,1,2,3,2,3,Conceptual,0,False,True,True
567,visual,2,3,4,3,3,Conceptual,0,False,False,True
567,visual,3,1,3,2,3,Procedural,0,False,False,True
579,visual,1,4,4,3,2,Conceptual,0,True,False,True
579,visual,2,4,4,3,2,Conceptual,0,True,False,True
579,visual,3,4,4,3,2,Conceptual,1,True,False,True
295,visual,1,4,3,3,2,Procedural,1,True,False,True
295,visual,2,1,3,2,2,Procedural,1,False,False,False
295,visual,3,2,3,2,2,Procedural,1,True,False,False
673,non_visual,1,3,3,2,2,Conceptual,0,True,False,False
673,non_visual,2,2,3,2,2,Conceptual,0,True,False,False
673,non_visual,3,2,3,2,2,Conceptual,0,True,False,False
18,non_visual,1,3,3,2,2,Procedural,1,True,False,False
18,non_visual,2,3,3,3,2,Procedural,1,True,False,False
18,non_visual,3,3,3,3,2,Procedural,1,True,False,False
310,non_visual,1,2,3,2,2,Procedural,2,True,False,False
310,non_visual,2,2,3,2,2,Procedural,2,True,False,False
310,non_visual,3,2,3,2,2,Procedural,2,True,False,False
740,non_visual,1,3,3,2,2,Procedural,1,True,False,False
740,non_visual,2,2,3,2,2,Procedural,1,True,False,False
740,non_visual,3,3,3,2,2,Procedural,1,True,False,False
440,non_visual,1,1,1,2,2,Factual,0,False,False,False
440,non_visual,2,1,1,2,2,Factual,0,False,False,False
440,non_visual,3,1,1,2,2,Factual,0,False,False,False
656,non_visual,1,3,3,2,1,Procedural,1,True,False,False
656,non_visual,2,3,3,2,1,Procedural,0,False,False,False
656,non_visual,3,3,3,2,1,Procedural,1,True,False,False
718,non_visual,1,3,4,2,3,Conceptual,0,True,False,False
718,non_visual,2,3,4,2,3,Conceptual,0,True,False,False
718,non_visual,3,3,4,2,3,Conceptual,0,True,False,False
599,non_visual,1,1,3,2,2,Procedural,1,True,False,False
599,non_visual,2,1,3,2,2,Procedural,0,True,False,False
599,non_visual,3,1,3,2,2,Procedural,0,True,False,False
25,non_visual,1,3,4,4,2,Procedural,0,False,False,True
25,non_visual,2,3,4,2,2,Procedural,1,False,False,True
25,non_visual,3,3,4,2,2,Conceptual,1,False,False,True
91,non_visual,1,2,3,2,2,Procedural,0,True,False,False
91,non_visual,2,2,3,2,2,Procedural,1,True,False,False
91,non_visual,3,2,3,2,2,Procedural,1,True,False,False
