end_time,gpu,job,return_code,duration_seconds
2026-07-24T02:31:21-04:00,GPU1,101_b2scr_qwen3-4b_r8_lr1e-4.job,0,777
2026-07-24T02:32:16-04:00,GPU0,100_b2scr_qwen3-4b_r8_lr5e-5.job,0,833
2026-07-24T02:45:59-04:00,GPU1,102_b2scr_qwen3-4b_r8_lr2e-4.job,0,878
2026-07-24T02:46:44-04:00,GPU0,103_b2scr_qwen3-4b_r16_lr5e-5.job,0,868
2026-07-24T02:58:48-04:00,GPU1,104_b2scr_qwen3-4b_r16_lr1e-4.job,0,769
2026-07-24T03:00:09-04:00,GPU0,105_b2scr_qwen3-4b_r16_lr2e-4.job,0,804
2026-07-24T03:11:26-04:00,GPU1,106_b2scr_qwen3-4b_r32_lr5e-5.job,0,757
2026-07-24T03:13:57-04:00,GPU0,107_b2scr_qwen3-4b_r32_lr1e-4.job,0,828
2026-07-24T03:27:39-04:00,GPU1,108_b2scr_qwen3-4b_r32_lr2e-4.job,0,973
2026-07-24T03:32:46-04:00,GPU0,109_b2scr_llama31-8b_r8_lr5e-5.job,0,1129
2026-07-24T03:44:01-04:00,GPU1,110_b2scr_llama31-8b_r8_lr1e-4.job,0,982
2026-07-24T03:49:02-04:00,GPU0,111_b2scr_llama31-8b_r8_lr2e-4.job,0,976
2026-07-24T04:01:08-04:00,GPU1,112_b2scr_llama31-8b_r16_lr5e-5.job,0,1027
2026-07-24T04:07:31-04:00,GPU0,113_b2scr_llama31-8b_r16_lr1e-4.job,0,1109
2026-07-24T04:15:48-04:00,GPU1,114_b2scr_llama31-8b_r16_lr2e-4.job,0,880
2026-07-24T04:24:00-04:00,GPU0,115_b2scr_llama31-8b_r32_lr5e-5.job,0,989
2026-07-24T04:35:20-04:00,GPU1,116_b2scr_llama31-8b_r32_lr1e-4.job,0,1172
2026-07-24T04:43:54-04:00,GPU0,117_b2scr_llama31-8b_r32_lr2e-4.job,0,1193
2026-07-24T04:57:16-04:00,GPU1,118_b2dsrc_gpt55.job,0,1316
2026-07-24T05:02:22-04:00,GPU0,119_b2dsrc_qwen25vl7b.job,0,1108
2026-07-24T05:16:34-04:00,GPU1,120_b2dsrc_qwen3vl4b.job,0,1158
2026-07-24T05:18:47-04:00,GPU0,121_b2dsrc_qwen25vl3b.job,0,985
2026-07-24T05:36:17-04:00,GPU1,122_b2dsrc_internvl25.job,0,1183
2026-07-24T05:39:33-04:00,GPU0,123_b2dsrc_paligemma2.job,0,1246
2026-07-24T06:48:20-04:00,GPU1,124_b6scr_qwen25vl-7b_r8_lr5e-5.job,0,4322
2026-07-24T06:48:48-04:00,GPU0,125_b6scr_qwen25vl-7b_r8_lr1e-4.job,0,4155
2026-07-24T07:51:22-04:00,GPU1,126_b6scr_qwen25vl-7b_r8_lr2e-4.job,0,3782
2026-07-24T08:00:27-04:00,GPU0,127_b6scr_qwen25vl-7b_r16_lr5e-5.job,0,4299
2026-07-24T09:00:22-04:00,GPU1,128_b6scr_qwen25vl-7b_r16_lr1e-4.job,0,4140
2026-07-24T09:12:22-04:00,GPU0,129_b6scr_qwen25vl-7b_r16_lr2e-4.job,0,4314
2026-07-24T10:10:38-04:00,GPU1,130_b6scr_qwen25vl-7b_r32_lr5e-5.job,0,4216
2026-07-24T10:17:01-04:00,GPU0,131_b6scr_qwen25vl-7b_r32_lr1e-4.job,0,3879
2026-07-24T11:10:29-04:00,GPU1,132_b6scr_qwen25vl-7b_r32_lr2e-4.job,0,3591
2026-07-24T11:11:01-04:00,GPU0,133_b6scr_internvl3-8b_r8_lr5e-5.job,0,3240
2026-07-24T12:02:52-04:00,GPU0,135_b6scr_internvl3-8b_r8_lr2e-4.job,0,3111
2026-07-24T12:04:53-04:00,GPU1,134_b6scr_internvl3-8b_r8_lr1e-4.job,0,3264
2026-07-24T12:53:28-04:00,GPU0,136_b6scr_internvl3-8b_r16_lr5e-5.job,0,3036
2026-07-24T12:55:57-04:00,GPU1,137_b6scr_internvl3-8b_r16_lr1e-4.job,0,3064
2026-07-24T13:40:00-04:00,GPU0,138_b6scr_internvl3-8b_r16_lr2e-4.job,0,2792
2026-07-24T13:50:17-04:00,GPU1,139_b6scr_internvl3-8b_r32_lr5e-5.job,0,3260
2026-07-24T14:28:58-04:00,GPU1,141_b6scr_internvl3-8b_r32_lr2e-4.job,0,2321
2026-07-24T14:32:17-04:00,GPU0,140_b6scr_internvl3-8b_r32_lr1e-4.job,0,3137
2026-07-24T14:42:23-04:00,GPU0,200_c_b2_qwen3-4b_r8_lr0.0002_mse_f34.job,0,546
2026-07-24T14:42:37-04:00,GPU1,201_c_b2_qwen3-4b_r16_lr0.0002_mse_f34.job,0,519
2026-07-24T14:51:33-04:00,GPU1,203_c_b2_llama31-8b_r32_lr0.0002_mse_f34.job,0,536
2026-07-24T15:00:13-04:00,GPU0,202_c_b2_qwen3-4b_r8_lr0.0002_huber_f01234.job,0,1070
2026-07-24T15:02:43-04:00,GPU1,204_c_b2_llama31-8b_r16_lr0.0001_mse_f34.job,0,670
2026-07-24T15:12:32-04:00,GPU0,205_c_b2_llama31-8b_r8_lr0.0001_mse_f34.job,0,739
2026-07-24T15:31:55-04:00,GPU1,206_c_b2_llama31-8b_r32_lr0.0002_huber_f01234.job,0,1752
2026-07-24T15:45:21-04:00,GPU0,207_c_b6_qwen25vl-7b_r8_lr0.0001_mse_f34.job,0,1969
2026-07-24T16:21:57-04:00,GPU1,208_c_b6_qwen25vl-7b_r16_lr0.0001_mse_f34.job,0,3002
2026-07-24T16:29:53-04:00,GPU0,209_c_b6_qwen25vl-7b_r8_lr5e-05_mse_f34.job,0,2672
2026-07-24T16:56:14-04:00,GPU0,211_c_b6_internvl3-8b_r8_lr0.0001_mse_f34.job,0,1581
2026-07-24T17:25:35-04:00,GPU0,212_c_b6_internvl3-8b_r32_lr5e-05_mse_f34.job,0,1761
2026-07-24T17:54:24-04:00,GPU0,213_c_b6_internvl3-8b_r8_lr5e-05_mse_f34.job,0,1729
2026-07-24T18:08:27-04:00,GPU1,210_c_b6_qwen25vl-7b_r8_lr0.0001_huber_f01234.job,0,6390
2026-07-24T18:15:12-04:00,GPU1,300_d_b2_qwen25-3b_Q_s17.job,0,165
2026-07-24T18:17:28-04:00,GPU1,301_d_b2_qwen25-3b_Q_s42.job,0,136
2026-07-24T18:19:45-04:00,GPU1,302_d_b2_qwen25-3b_Q_s2026.job,0,137
2026-07-24T18:22:20-04:00,GPU1,303_d_b2_qwen25-3b_QD_s17.job,0,155
2026-07-24T18:24:55-04:00,GPU1,304_d_b2_qwen25-3b_QD_s42.job,0,155
2026-07-24T18:27:25-04:00,GPU1,305_d_b2_qwen25-3b_QD_s2026.job,0,150
2026-07-24T18:29:45-04:00,GPU1,306_d_b2_llama32-3b_Q_s17.job,0,140
2026-07-24T18:31:32-04:00,GPU1,307_d_b2_llama32-3b_Q_s42.job,0,107
2026-07-24T18:33:17-04:00,GPU1,308_d_b2_llama32-3b_Q_s2026.job,0,105
2026-07-24T18:35:32-04:00,GPU1,309_d_b2_llama32-3b_QD_s17.job,0,135
2026-07-24T18:37:46-04:00,GPU1,310_d_b2_llama32-3b_QD_s42.job,0,134
2026-07-24T18:40:01-04:00,GPU1,311_d_b2_llama32-3b_QD_s2026.job,0,135
2026-07-24T18:42:49-04:00,GPU1,312_d_b2_qwen3-4b_Q_s17.job,0,168
2026-07-24T18:45:23-04:00,GPU1,313_d_b2_qwen3-4b_Q_s42.job,0,154
2026-07-24T18:47:59-04:00,GPU1,314_d_b2_qwen3-4b_Q_s2026.job,0,156
2026-07-24T18:51:36-04:00,GPU1,315_d_b2_qwen3-4b_QD_s17.job,0,217
2026-07-24T18:55:13-04:00,GPU1,316_d_b2_qwen3-4b_QD_s42.job,0,217
2026-07-24T18:58:51-04:00,GPU1,317_d_b2_qwen3-4b_QD_s2026.job,0,218
2026-07-24T19:01:59-04:00,GPU1,318_d_b2_qwen25-7b_Q_s17.job,0,188
2026-07-24T19:04:16-04:00,GPU1,319_d_b2_qwen25-7b_Q_s42.job,0,137
2026-07-24T19:06:25-04:00,GPU1,320_d_b2_qwen25-7b_Q_s2026.job,0,129
2026-07-24T19:10:11-04:00,GPU1,321_d_b2_qwen25-7b_QD_s17.job,0,226
2026-07-24T19:13:57-04:00,GPU1,322_d_b2_qwen25-7b_QD_s42.job,0,226
2026-07-24T19:14:10-04:00,GPU0,214_c_b6_internvl3-8b_r8_lr0.0001_huber_f01234.job,0,4785
2026-07-24T19:17:39-04:00,GPU0,324_d_b2_qwen3-8b_Q_s17.job,0,209
2026-07-24T19:17:43-04:00,GPU1,323_d_b2_qwen25-7b_QD_s2026.job,0,225
2026-07-24T19:20:31-04:00,GPU1,326_d_b2_qwen3-8b_Q_s2026.job,0,168
2026-07-24T19:20:31-04:00,GPU0,325_d_b2_qwen3-8b_Q_s42.job,0,172
2026-07-24T19:25:34-04:00,GPU0,328_d_b2_qwen3-8b_QD_s42.job,0,303
2026-07-24T19:25:36-04:00,GPU1,327_d_b2_qwen3-8b_QD_s17.job,0,305
2026-07-24T19:28:40-04:00,GPU1,330_d_b2_llama31-8b_Q_s17.job,0,184
2026-07-24T19:30:34-04:00,GPU0,329_d_b2_qwen3-8b_QD_s2026.job,0,300
2026-07-24T19:30:52-04:00,GPU1,331_d_b2_llama31-8b_Q_s42.job,0,132
2026-07-24T19:32:42-04:00,GPU0,332_d_b2_llama31-8b_Q_s2026.job,0,127
2026-07-24T19:34:30-04:00,GPU1,333_d_b2_llama31-8b_QD_s17.job,0,218
2026-07-24T19:36:23-04:00,GPU0,334_d_b2_llama31-8b_QD_s42.job,0,221
2026-07-24T19:38:11-04:00,GPU1,335_d_b2_llama31-8b_QD_s2026.job,0,221
2026-07-24T19:48:43-04:00,GPU0,336_d_b6_paligemma2-3b_I_s17.job,0,740
2026-07-24T19:50:51-04:00,GPU1,337_d_b6_paligemma2-3b_I_s42.job,0,760
2026-07-24T20:01:19-04:00,GPU0,338_d_b6_paligemma2-3b_I_s2026.job,0,756
2026-07-24T20:03:08-04:00,GPU1,339_d_b6_paligemma2-3b_IQ_s17.job,0,737
2026-07-24T20:13:49-04:00,GPU0,340_d_b6_paligemma2-3b_IQ_s42.job,0,750
2026-07-24T20:15:16-04:00,GPU1,341_d_b6_paligemma2-3b_IQ_s2026.job,0,728
2026-07-24T20:26:36-04:00,GPU0,342_d_b6_paligemma2-3b_IQD_s17.job,0,767
2026-07-24T20:27:34-04:00,GPU1,343_d_b6_paligemma2-3b_IQD_s42.job,0,738
2026-07-24T20:38:36-04:00,GPU0,344_d_b6_paligemma2-3b_IQD_s2026.job,0,720
2026-07-24T20:51:03-04:00,GPU1,345_d_b6_qwen25vl-3b_I_s17.job,0,1409
2026-07-24T21:02:02-04:00,GPU0,346_d_b6_qwen25vl-3b_I_s42.job,0,1406
2026-07-24T21:14:58-04:00,GPU1,347_d_b6_qwen25vl-3b_I_s2026.job,0,1434
2026-07-24T21:25:59-04:00,GPU0,348_d_b6_qwen25vl-3b_IQ_s17.job,0,1437
2026-07-24T21:38:17-04:00,GPU1,349_d_b6_qwen25vl-3b_IQ_s42.job,0,1398
2026-07-24T21:50:11-04:00,GPU0,350_d_b6_qwen25vl-3b_IQ_s2026.job,0,1452
2026-07-24T22:01:46-04:00,GPU1,351_d_b6_qwen25vl-3b_IQD_s17.job,0,1409
2026-07-24T22:13:54-04:00,GPU0,352_d_b6_qwen25vl-3b_IQD_s42.job,0,1422
2026-07-24T22:25:50-04:00,GPU1,353_d_b6_qwen25vl-3b_IQD_s2026.job,0,1444
2026-07-24T22:32:13-04:00,GPU0,354_d_b6_qwen3vl-4b_I_s17.job,0,1099
2026-07-24T22:43:37-04:00,GPU1,355_d_b6_qwen3vl-4b_I_s42.job,0,1067
2026-07-24T22:50:28-04:00,GPU0,356_d_b6_qwen3vl-4b_I_s2026.job,0,1095
2026-07-24T23:01:33-04:00,GPU1,357_d_b6_qwen3vl-4b_IQ_s17.job,0,1076
2026-07-24T23:08:34-04:00,GPU0,358_d_b6_qwen3vl-4b_IQ_s42.job,0,1086
2026-07-24T23:19:14-04:00,GPU1,359_d_b6_qwen3vl-4b_IQ_s2026.job,0,1061
2026-07-24T23:26:44-04:00,GPU0,360_d_b6_qwen3vl-4b_IQD_s17.job,0,1090
2026-07-24T23:37:44-04:00,GPU1,361_d_b6_qwen3vl-4b_IQD_s42.job,0,1110
2026-07-24T23:44:20-04:00,GPU0,362_d_b6_qwen3vl-4b_IQD_s2026.job,0,1056
2026-07-25T00:01:08-04:00,GPU1,363_d_b6_qwen25vl-7b_I_s17.job,0,1404
2026-07-25T00:05:44-04:00,GPU0,364_d_b6_qwen25vl-7b_I_s42.job,0,1284
2026-07-25T00:23:08-04:00,GPU1,365_d_b6_qwen25vl-7b_I_s2026.job,0,1320
2026-07-25T00:27:29-04:00,GPU0,366_d_b6_qwen25vl-7b_IQ_s17.job,0,1305
2026-07-25T00:45:17-04:00,GPU1,367_d_b6_qwen25vl-7b_IQ_s42.job,0,1329
2026-07-25T00:49:08-04:00,GPU0,368_d_b6_qwen25vl-7b_IQ_s2026.job,0,1299
2026-07-25T01:07:19-04:00,GPU1,369_d_b6_qwen25vl-7b_IQD_s17.job,0,1320
2026-07-25T01:11:25-04:00,GPU0,370_d_b6_qwen25vl-7b_IQD_s42.job,0,1337
2026-07-25T01:29:14-04:00,GPU1,371_d_b6_qwen25vl-7b_IQD_s2026.job,0,1315
2026-07-25T01:30:58-04:00,GPU0,372_d_b6_qwen3vl-8b_I_s17.job,0,1173
2026-07-25T01:48:21-04:00,GPU1,373_d_b6_qwen3vl-8b_I_s42.job,0,1147
2026-07-25T01:48:40-04:00,GPU0,374_d_b6_qwen3vl-8b_I_s2026.job,0,1062
2026-07-25T02:06:58-04:00,GPU1,375_d_b6_qwen3vl-8b_IQ_s17.job,0,1117
2026-07-25T02:07:06-04:00,GPU0,376_d_b6_qwen3vl-8b_IQ_s42.job,0,1106
2026-07-25T02:25:14-04:00,GPU1,377_d_b6_qwen3vl-8b_IQ_s2026.job,0,1096
2026-07-25T02:25:48-04:00,GPU0,378_d_b6_qwen3vl-8b_IQD_s17.job,0,1122
2026-07-25T02:44:06-04:00,GPU1,379_d_b6_qwen3vl-8b_IQD_s42.job,0,1132
2026-07-25T02:44:24-04:00,GPU0,380_d_b6_qwen3vl-8b_IQD_s2026.job,0,1116
2026-07-25T02:55:07-04:00,GPU1,500_d_b6_internvl3-2b_I_s17.job,0,661
2026-07-25T02:55:18-04:00,GPU0,501_d_b6_internvl3-2b_I_s42.job,0,654
2026-07-25T03:05:43-04:00,GPU1,502_d_b6_internvl3-2b_I_s2026.job,0,636
2026-07-25T03:06:03-04:00,GPU0,503_d_b6_internvl3-2b_IQ_s17.job,0,645
2026-07-25T03:16:27-04:00,GPU1,504_d_b6_internvl3-2b_IQ_s42.job,0,643
2026-07-25T03:16:35-04:00,GPU0,505_d_b6_internvl3-2b_IQ_s2026.job,0,632
2026-07-25T03:27:25-04:00,GPU0,507_d_b6_internvl3-2b_IQD_s42.job,0,650
2026-07-25T03:27:29-04:00,GPU1,506_d_b6_internvl3-2b_IQD_s17.job,0,661
2026-07-25T03:38:20-04:00,GPU0,508_d_b6_internvl3-2b_IQD_s2026.job,0,655
2026-07-25T03:39:38-04:00,GPU1,509_d_b6_internvl25-4b_I_s17.job,0,729
2026-07-25T03:50:17-04:00,GPU0,510_d_b6_internvl25-4b_I_s42.job,0,717
2026-07-25T03:51:14-04:00,GPU1,511_d_b6_internvl25-4b_I_s2026.job,0,696
2026-07-25T04:08:30-04:00,GPU1,491_stab_internvl3-2b_lr1e-4_f0.job,0,1036
2026-07-25T04:09:25-04:00,GPU0,490_stab_internvl3-2b_lr5e-5_f0.job,0,1147
2026-07-25T04:20:46-04:00,GPU1,512_d_b6_internvl25-4b_IQ_s17.job,0,736
2026-07-25T04:20:57-04:00,GPU0,513_d_b6_internvl25-4b_IQ_s42.job,0,692
2026-07-25T04:33:06-04:00,GPU0,515_d_b6_internvl25-4b_IQD_s17.job,0,729
2026-07-25T04:33:11-04:00,GPU1,514_d_b6_internvl25-4b_IQ_s2026.job,0,745
2026-07-25T04:45:14-04:00,GPU0,516_d_b6_internvl25-4b_IQD_s42.job,0,728
2026-07-25T04:45:26-04:00,GPU1,517_d_b6_internvl25-4b_IQD_s2026.job,0,735
2026-07-25T04:58:45-04:00,GPU1,519_d_b6_internvl35-4b_I_s42.job,0,799
2026-07-25T04:58:53-04:00,GPU0,518_d_b6_internvl35-4b_I_s17.job,0,819
2026-07-25T05:11:54-04:00,GPU0,521_d_b6_internvl35-4b_IQ_s17.job,0,781
2026-07-25T05:11:58-04:00,GPU1,520_d_b6_internvl35-4b_I_s2026.job,0,792
2026-07-25T05:25:04-04:00,GPU1,523_d_b6_internvl35-4b_IQ_s2026.job,0,786
2026-07-25T05:25:09-04:00,GPU0,522_d_b6_internvl35-4b_IQ_s42.job,0,795
2026-07-25T05:38:13-04:00,GPU0,525_d_b6_internvl35-4b_IQD_s42.job,0,784
2026-07-25T05:38:23-04:00,GPU1,524_d_b6_internvl35-4b_IQD_s17.job,0,799
2026-07-25T05:50:19-04:00,GPU1,527_d_b6_internvl3-8b_I_s17.job,0,715
2026-07-25T05:50:38-04:00,GPU0,526_d_b6_internvl35-4b_IQD_s2026.job,0,745
2026-07-25T06:01:24-04:00,GPU1,528_d_b6_internvl3-8b_I_s42.job,0,665
2026-07-25T06:01:27-04:00,GPU0,529_d_b6_internvl3-8b_I_s2026.job,0,649
2026-07-25T06:12:31-04:00,GPU0,531_d_b6_internvl3-8b_IQ_s42.job,0,664
2026-07-25T06:12:33-04:00,GPU1,530_d_b6_internvl3-8b_IQ_s17.job,0,669
2026-07-25T06:23:45-04:00,GPU0,532_d_b6_internvl3-8b_IQ_s2026.job,0,674
2026-07-25T06:23:45-04:00,GPU1,533_d_b6_internvl3-8b_IQD_s17.job,0,672
2026-07-25T06:34:38-04:00,GPU0,534_d_b6_internvl3-8b_IQD_s42.job,0,653
2026-07-25T06:34:41-04:00,GPU1,535_d_b6_internvl3-8b_IQD_s2026.job,0,656
2026-07-25T06:48:27-04:00,GPU1,537_d_b6_internvl35-8b_I_s42.job,0,826
2026-07-25T06:48:29-04:00,GPU0,536_d_b6_internvl35-8b_I_s17.job,0,831
2026-07-25T07:01:24-04:00,GPU0,539_d_b6_internvl35-8b_IQ_s17.job,0,775
2026-07-25T07:01:33-04:00,GPU1,538_d_b6_internvl35-8b_I_s2026.job,0,786
2026-07-25T07:14:07-04:00,GPU1,541_d_b6_internvl35-8b_IQ_s2026.job,0,754
2026-07-25T07:14:11-04:00,GPU0,540_d_b6_internvl35-8b_IQ_s42.job,0,767
2026-07-25T07:26:55-04:00,GPU1,542_d_b6_internvl35-8b_IQD_s17.job,0,767
2026-07-25T07:27:02-04:00,GPU0,543_d_b6_internvl35-8b_IQD_s42.job,0,771
2026-07-25T07:39:56-04:00,GPU1,544_d_b6_internvl35-8b_IQD_s2026.job,0,781
2026-07-25T07:46:21-04:00,GPU0,600_stab_internvl25-4b_lr5e-5_f0.job,0,1159
2026-07-25T08:00:09-04:00,GPU1,601_stab_internvl35-4b_lr5e-5_f0.job,0,1213
2026-07-25T08:07:12-04:00,GPU0,610_dA_internvl3-2b_I_ep10_s17.job,0,1251
2026-07-25T08:20:53-04:00,GPU1,611_dA_internvl3-2b_I_ep10_s42.job,0,1244
2026-07-25T08:27:25-04:00,GPU0,612_dA_internvl3-2b_I_ep10_s2026.job,0,1213
2026-07-25T08:41:32-04:00,GPU1,613_dA_internvl3-2b_IQ_ep10_s17.job,0,1239
2026-07-25T08:48:15-04:00,GPU0,614_dA_internvl3-2b_IQ_ep10_s42.job,0,1250
2026-07-25T09:02:18-04:00,GPU1,615_dA_internvl3-2b_IQ_ep10_s2026.job,0,1246
2026-07-25T09:09:35-04:00,GPU0,616_dA_internvl3-2b_IQD_ep10_s17.job,0,1280
2026-07-25T09:23:16-04:00,GPU1,617_dA_internvl3-2b_IQD_ep10_s42.job,0,1258
2026-07-25T09:30:18-04:00,GPU0,618_dA_internvl3-2b_IQD_ep10_s2026.job,0,1243
2026-07-25T09:46:19-04:00,GPU1,619_dA_internvl25-4b_I_ep10_s17.job,0,1383
2026-07-25T09:53:11-04:00,GPU0,620_dA_internvl25-4b_I_ep10_s42.job,0,1373
2026-07-25T10:09:46-04:00,GPU1,621_dA_internvl25-4b_I_ep10_s2026.job,0,1407
2026-07-25T10:15:48-04:00,GPU0,622_dA_internvl25-4b_IQ_ep10_s17.job,0,1357
2026-07-25T10:33:16-04:00,GPU1,623_dA_internvl25-4b_IQ_ep10_s42.job,0,1410
2026-07-25T10:38:48-04:00,GPU0,624_dA_internvl25-4b_IQ_ep10_s2026.job,0,1380
2026-07-25T10:56:47-04:00,GPU1,625_dA_internvl25-4b_IQD_ep10_s17.job,0,1411
2026-07-25T11:02:06-04:00,GPU0,626_dA_internvl25-4b_IQD_ep10_s42.job,0,1398
2026-07-25T11:20:05-04:00,GPU1,627_dA_internvl25-4b_IQD_ep10_s2026.job,0,1398
2026-07-25T11:27:07-04:00,GPU0,628_dA_internvl35-4b_I_ep10_s17.job,0,1501
2026-07-25T11:45:11-04:00,GPU1,629_dA_internvl35-4b_I_ep10_s42.job,0,1506
2026-07-25T11:51:29-04:00,GPU0,630_dA_internvl35-4b_I_ep10_s2026.job,0,1462
2026-07-25T12:10:06-04:00,GPU1,631_dA_internvl35-4b_IQ_ep10_s17.job,0,1495
2026-07-25T12:16:54-04:00,GPU0,632_dA_internvl35-4b_IQ_ep10_s42.job,0,1525
2026-07-25T12:34:58-04:00,GPU1,633_dA_internvl35-4b_IQ_ep10_s2026.job,0,1492
2026-07-25T12:41:54-04:00,GPU0,634_dA_internvl35-4b_IQD_ep10_s17.job,0,1500
2026-07-25T13:00:01-04:00,GPU1,635_dA_internvl35-4b_IQD_ep10_s42.job,0,1503
2026-07-25T13:05:17-04:00,GPU0,636_dA_internvl35-4b_IQD_ep10_s2026.job,0,1403
2026-07-26T02:12:09-04:00,GPU0,700_dB_qwen25-3b_QDvl7b_s17.job,0,182
2026-07-26T02:12:10-04:00,GPU1,701_dB_qwen25-3b_QDvl7b_s42.job,0,182
2026-07-26T02:14:02-04:00,GPU1,703_dB_llama32-3b_QDvl7b_s17.job,0,112
2026-07-26T02:14:28-04:00,GPU0,702_dB_qwen25-3b_QDvl7b_s2026.job,0,139
2026-07-26T02:15:49-04:00,GPU1,704_dB_llama32-3b_QDvl7b_s42.job,0,107
2026-07-26T02:16:08-04:00,GPU0,705_dB_llama32-3b_QDvl7b_s2026.job,0,100
2026-07-26T02:18:44-04:00,GPU1,706_dB_qwen3-4b_QDvl7b_s17.job,0,175
2026-07-26T02:18:48-04:00,GPU0,707_dB_qwen3-4b_QDvl7b_s42.job,0,160
2026-07-26T02:21:29-04:00,GPU1,708_dB_qwen3-4b_QDvl7b_s2026.job,0,165
2026-07-26T02:22:19-04:00,GPU0,709_dB_qwen25-7b_QDvl7b_s17.job,0,211
2026-07-26T02:24:36-04:00,GPU1,710_dB_qwen25-7b_QDvl7b_s42.job,0,187
2026-07-26T02:25:00-04:00,GPU0,711_dB_qwen25-7b_QDvl7b_s2026.job,0,161
2026-07-26T02:29:11-04:00,GPU0,713_dB_qwen3-8b_QDvl7b_s42.job,0,251
2026-07-26T02:29:12-04:00,GPU1,712_dB_qwen3-8b_QDvl7b_s17.job,0,274
2026-07-26T02:32:49-04:00,GPU1,715_dB_llama31-8b_QDvl7b_s17.job,0,217
2026-07-26T02:32:58-04:00,GPU0,714_dB_qwen3-8b_QDvl7b_s2026.job,0,227
2026-07-26T02:35:52-04:00,GPU1,716_dB_llama31-8b_QDvl7b_s42.job,0,183
2026-07-26T02:35:52-04:00,GPU0,717_dB_llama31-8b_QDvl7b_s2026.job,0,174
2026-07-26T02:36:51-04:00,GPU1,795_smoke_ablation_flags.job,0,59
2026-07-26T03:00:27-04:00,GPU1,801_abl_qwen25vl7b_ablVis_s42.job,0,1415
2026-07-26T03:00:50-04:00,GPU0,800_abl_qwen25vl7b_ablVis_s17.job,0,1498
2026-07-26T03:22:27-04:00,GPU0,803_abl_qwen25vl7b_ablPoolT_s17.job,0,1297
2026-07-26T03:24:25-04:00,GPU1,802_abl_qwen25vl7b_ablVis_s2026.job,0,1438
2026-07-26T03:44:43-04:00,GPU0,804_abl_qwen25vl7b_ablPoolT_s42.job,0,1336
2026-07-26T03:46:19-04:00,GPU1,805_abl_qwen25vl7b_ablPoolT_s2026.job,0,1314
2026-07-26T04:12:00-04:00,GPU0,806_abl_qwen25vl7b_ablMlp_s17.job,0,1637
2026-07-26T04:12:45-04:00,GPU1,807_abl_qwen25vl7b_ablMlp_s42.job,0,1586
2026-07-26T04:34:45-04:00,GPU1,809_abl_qwen3vl8b_ablVis_s17.job,0,1320
2026-07-26T04:38:23-04:00,GPU0,808_abl_qwen25vl7b_ablMlp_s2026.job,0,1583
2026-07-26T04:55:54-04:00,GPU1,810_abl_qwen3vl8b_ablVis_s42.job,0,1269
2026-07-26T04:59:09-04:00,GPU0,811_abl_qwen3vl8b_ablVis_s2026.job,0,1246
2026-07-26T05:14:14-04:00,GPU1,812_abl_qwen3vl8b_ablPoolT_s17.job,0,1100
2026-07-26T05:16:58-04:00,GPU0,813_abl_qwen3vl8b_ablPoolT_s42.job,0,1069
2026-07-26T05:20:36-04:00,GPU0,820_ablT_qwen3-4b_text_mlp_s17.job,0,218
2026-07-26T05:24:05-04:00,GPU0,821_ablT_qwen3-4b_text_mlp_s42.job,0,209
2026-07-26T05:27:32-04:00,GPU0,822_ablT_qwen3-4b_text_mlp_s2026.job,0,207
2026-07-26T05:30:38-04:00,GPU1,814_abl_qwen3vl8b_ablPoolT_s2026.job,0,984
2026-07-26T05:32:36-04:00,GPU0,823_ablT_qwen3-4b_text_vd_mlp_s17.job,0,304
2026-07-26T05:35:23-04:00,GPU1,824_ablT_qwen3-4b_text_vd_mlp_s42.job,0,284
2026-07-26T05:37:20-04:00,GPU0,825_ablT_qwen3-4b_text_vd_mlp_s2026.job,0,284
2026-07-26T05:39:28-04:00,GPU1,826_ablT_llama31-8b_text_mlp_s17.job,0,245
2026-07-26T05:40:24-04:00,GPU0,827_ablT_llama31-8b_text_mlp_s42.job,0,184
2026-07-26T05:42:23-04:00,GPU1,828_ablT_llama31-8b_text_mlp_s2026.job,0,175
2026-07-26T11:24:01-04:00,GPU1,831_abl_qwen3vl8b_ablMlp_s42.job,0,1275
2026-07-26T11:24:32-04:00,GPU0,830_abl_qwen3vl8b_ablMlp_s17.job,0,1307
2026-07-26T11:44:45-04:00,GPU0,833_stab_qwen3vl8b_lr5e-5_f0.job,0,1213
2026-07-26T11:45:35-04:00,GPU1,832_abl_qwen3vl8b_ablMlp_s2026.job,0,1294
2026-07-26T12:06:14-04:00,GPU0,834_stab_qwen3vl8b_lr1e-4_f0.job,0,1289
2026-07-26T12:15:26-04:00,GPU1,840_ablM_qwen25vl3b_s17.job,0,1791
2026-07-26T12:35:52-04:00,GPU0,841_ablM_qwen25vl3b_s42.job,0,1778
2026-07-26T12:45:13-04:00,GPU1,842_ablM_qwen25vl3b_s2026.job,0,1787
2026-07-26T12:57:16-04:00,GPU0,843_ablM_qwen3vl4b_s17.job,0,1284
2026-07-26T13:05:58-04:00,GPU1,844_ablM_qwen3vl4b_s42.job,0,1244
2026-07-26T13:18:14-04:00,GPU0,845_ablM_qwen3vl4b_s2026.job,0,1258
2026-07-26T13:20:26-04:00,GPU1,846_ablM_paligemma2_s17.job,0,868
2026-07-26T13:32:32-04:00,GPU0,847_ablM_paligemma2_s42.job,0,858
2026-07-26T13:34:08-04:00,GPU1,848_ablM_paligemma2_s2026.job,0,822
2026-07-26T13:46:29-04:00,GPU1,850_ablM_internvl3-8b_s42.job,0,741
2026-07-26T13:46:30-04:00,GPU0,849_ablM_internvl3-8b_s17.job,0,838
2026-07-26T13:58:41-04:00,GPU1,851_ablM_internvl3-8b_s2026.job,0,732
2026-07-26T14:01:46-04:00,GPU0,852_ablM_internvl35-8b_s17.job,0,916
2026-07-26T14:13:27-04:00,GPU1,853_ablM_internvl35-8b_s42.job,0,886
2026-07-26T14:16:51-04:00,GPU0,854_ablM_internvl35-8b_s2026.job,0,905
2026-07-26T14:37:32-04:00,GPU1,855_ablM_internvl3-2b_s17.job,0,1445
2026-07-26T14:40:47-04:00,GPU0,856_ablM_internvl3-2b_s42.job,0,1436
2026-07-26T15:01:28-04:00,GPU1,857_ablM_internvl3-2b_s2026.job,0,1436
2026-07-26T15:08:04-04:00,GPU0,858_ablM_internvl25-4b_s17.job,0,1637
2026-07-26T15:28:20-04:00,GPU1,859_ablM_internvl25-4b_s42.job,0,1612
2026-07-26T15:35:12-04:00,GPU0,860_ablM_internvl25-4b_s2026.job,0,1628
2026-07-26T15:57:35-04:00,GPU1,861_ablM_internvl35-4b_s17.job,0,1755
2026-07-26T16:04:02-04:00,GPU0,862_ablM_internvl35-4b_s42.job,0,1730
2026-07-26T16:04:37-04:00,GPU0,865_smoke_gemma3-4b.job,1,35
2026-07-26T16:08:03-04:00,GPU0,870_smoke_qwen25vl32b.job,0,206
2026-07-26T16:10:30-04:00,GPU0,871_smoke_internvl3-14b.job,0,147
2026-07-26T16:11:05-04:00,GPU0,872_smoke_pixtral12b.job,1,34
2026-07-26T16:21:56-04:00,GPU1,863_ablM_internvl35-4b_s2026.job,0,1461
2026-07-26T16:31:09-04:00,GPU0,865_smoke_gemma3-4b.job,0,64
2026-07-26T16:32:21-04:00,GPU1,872_smoke_pixtral12b.job,0,85
2026-07-26T17:19:07-04:00,GPU0,900_nvscr_qwen25vl-32b_r8_lr5e-5.job,143,2878
2026-07-26T18:28:10-04:00,GPU1,901_nvscr_qwen25vl-32b_r8_lr1e-4.job,0,6949
2026-07-26T19:16:28-04:00,GPU0,902_nvscr_qwen25vl-32b_r8_lr2e-4.job,0,7041
2026-07-26T20:25:21-04:00,GPU1,900_nvscr_qwen25vl-32b_r8_lr5e-5.job,0,7031
2026-07-26T21:21:28-04:00,GPU0,903_nvscr_qwen25vl-32b_r16_lr5e-5.job,0,7499
2026-07-26T22:31:54-04:00,GPU1,904_nvscr_qwen25vl-32b_r16_lr1e-4.job,0,7593
2026-07-26T23:16:59-04:00,GPU0,905_nvscr_qwen25vl-32b_r16_lr2e-4.job,0,6931
2026-07-27T00:37:32-04:00,GPU1,906_nvscr_qwen25vl-32b_r32_lr5e-5.job,0,7538
2026-07-27T01:25:38-04:00,GPU0,907_nvscr_qwen25vl-32b_r32_lr1e-4.job,0,7719
2026-07-27T02:05:47-04:00,GPU1,908_nvscr_qwen25vl-32b_r32_lr2e-4.job,0,5295
2026-07-27T02:32:31-04:00,GPU0,910_nvscr_internvl3-14b_r8_lr5e-5.job,0,4013
2026-07-27T03:17:37-04:00,GPU1,911_nvscr_internvl3-14b_r8_lr1e-4.job,0,4310
2026-07-27T03:37:18-04:00,GPU0,9090_c32b_r16_lr0.0001_mse_f34.job,0,3887
2026-07-27T04:30:14-04:00,GPU1,9091_c32b_r32_lr5e-05_mse_f34.job,0,4357
2026-07-27T04:59:45-04:00,GPU0,9092_c32b_r8_lr0.0001_mse_f34.job,0,4947
2026-07-27T06:12:37-04:00,GPU0,912_nvscr_internvl3-14b_r8_lr2e-4.job,0,4372
2026-07-27T07:28:59-04:00,GPU0,913_nvscr_internvl3-14b_r16_lr5e-5.job,0,4582
2026-07-27T07:48:13-04:00,GPU1,9093_c32b_r16_lr0.0001_mse_huber_f01234.job,0,11879
2026-07-27T08:42:41-04:00,GPU0,914_nvscr_internvl3-14b_r16_lr1e-4.job,0,4421
2026-07-27T09:04:25-04:00,GPU1,915_nvscr_internvl3-14b_r16_lr2e-4.job,0,4572
2026-07-27T09:16:14-04:00,GPU0,90950_f32b_IQ_s17.job,0,2013
2026-07-27T09:37:17-04:00,GPU1,90951_f32b_IQ_s42.job,0,1971
2026-07-27T09:49:10-04:00,GPU0,90952_f32b_IQ_s2026.job,0,1976
2026-07-27T10:08:47-04:00,GPU1,90953_f32b_I_s17.job,0,1890
2026-07-27T10:21:30-04:00,GPU0,90954_f32b_I_s42.job,0,1940
2026-07-27T10:40:50-04:00,GPU1,90955_f32b_I_s2026.job,0,1923
2026-07-27T11:37:13-04:00,GPU0,916_nvscr_internvl3-14b_r32_lr5e-5.job,0,4543
2026-07-27T11:49:47-04:00,GPU1,917_nvscr_internvl3-14b_r32_lr1e-4.job,0,4137
2026-07-27T12:18:33-04:00,GPU0,90960_f32b_IQ_mlp_s17.job,0,2480
2026-07-27T12:30:51-04:00,GPU1,90961_f32b_IQ_mlp_s42.job,0,2464
2026-07-27T12:59:37-04:00,GPU0,90962_f32b_IQ_mlp_s2026.job,0,2464
2026-07-27T13:32:33-04:00,GPU1,918_nvscr_internvl3-14b_r32_lr2e-4.job,0,3702
2026-07-27T14:32:26-04:00,GPU0,920_nvscr_gemma3-4b_r8_lr5e-5.job,0,5569
2026-07-27T14:59:08-04:00,GPU1,921_nvscr_gemma3-4b_r8_lr1e-4.job,0,5195
2026-07-27T15:18:54-04:00,GPU0,91450_c14b_r8_lr0.0001_mse_f34.job,0,2788
2026-07-27T15:32:37-04:00,GPU1,91451_c14b_r8_lr0.0002_mse_f34.job,0,2008
2026-07-27T17:03:52-04:00,GPU1,922_nvscr_gemma3-4b_r8_lr2e-4.job,0,5475
2026-07-27T17:14:34-04:00,GPU0,91452_c14b_r8_lr0.0001_mse_huber_f01234.job,0,6940
2026-07-27T18:35:25-04:00,GPU1,923_nvscr_gemma3-4b_r16_lr5e-5.job,0,5493
2026-07-27T18:50:36-04:00,GPU0,924_nvscr_gemma3-4b_r16_lr1e-4.job,0,5762
2026-07-27T18:53:03-04:00,GPU1,91460_f14b_IQ_s17.job,0,1058
2026-07-27T19:08:06-04:00,GPU0,91461_f14b_IQ_s42.job,0,1050
2026-07-27T19:10:07-04:00,GPU1,91462_f14b_IQ_s2026.job,0,1024
2026-07-27T19:25:05-04:00,GPU0,91463_f14b_I_s17.job,0,1019
2026-07-27T19:27:15-04:00,GPU1,91464_f14b_I_s42.job,0,1028
2026-07-27T19:42:28-04:00,GPU0,91465_f14b_I_s2026.job,0,1043
2026-07-27T21:04:13-04:00,GPU1,925_nvscr_gemma3-4b_r16_lr2e-4.job,0,5818
2026-07-27T21:07:39-04:00,GPU0,926_nvscr_gemma3-4b_r32_lr5e-5.job,0,5110
2026-07-27T22:28:49-04:00,GPU1,927_nvscr_gemma3-4b_r32_lr1e-4.job,0,5076
2026-07-27T22:40:44-04:00,GPU0,928_nvscr_gemma3-4b_r32_lr2e-4.job,0,5585
2026-07-27T23:57:31-04:00,GPU0,931_nvscr_pixtral-12b_r8_lr1e-4.job,143,4607
2026-07-27T23:57:31-04:00,GPU1,930_nvscr_pixtral-12b_r8_lr5e-5.job,143,5322
