seed,reward_mode,cumulative_regret,late_window_cumulative_regret,mean_turn_regret,mean_expected_success,mean_raw_reward,raw_reward_std,override_rate,alternative_opportunity_rate,optimal_arm_rate,reward_clip_rate,expected_success_probability_clip_rate
0,R0_BINARY_SUCCESS,65.45561712051645,14.793294429615845,0.04363707808034431,0.513853523410177,0.49,0.5004006410899234,0.088,0.5553333333333332,0.7173333333333333,0.0,0.0
0,R1_RAW_DELTA_MASTERY,61.46215388365744,11.85132203343037,0.040974769255771634,0.5165158322347497,0.002061406142563676,0.01428587823116072,0.3246666666666666,0.5553333333333332,0.6886666666666668,0.0,0.0
1,R0_BINARY_SUCCESS,65.02357929385876,11.820020616659935,0.043349052862572506,0.5108003256633816,0.504,0.5004847349718868,0.13333333333333333,0.5493333333333332,0.684,0.0,0.0
1,R1_RAW_DELTA_MASTERY,60.21177290370693,12.197264755180075,0.04014118193580462,0.5140081965901495,0.0012831470513595985,0.013578815638669344,0.3233333333333333,0.5493333333333332,0.6893333333333332,0.0,0.0
2,R0_BINARY_SUCCESS,72.99973504047404,16.279805861819963,0.048666490026982694,0.5047546926120194,0.512,0.5003565862730835,0.168,0.5466666666666667,0.656,0.0,0.0
2,R1_RAW_DELTA_MASTERY,59.424996583503955,12.484293066743692,0.03961666438900264,0.5138045182499995,0.002306796502629137,0.013229308884686673,0.3286666666666666,0.5466666666666667,0.694,0.0,0.0
3,R0_BINARY_SUCCESS,54.866378788156176,12.469437368525849,0.036577585858770786,0.5201792993887152,0.518,0.5001763216160985,0.04733333333333333,0.5646666666666667,0.756,0.0,0.0
3,R1_RAW_DELTA_MASTERY,59.9891681777234,13.497672568870101,0.03999277878514894,0.5167641064623371,0.0028439640853722636,0.012744322940171885,0.32199999999999995,0.5646666666666667,0.684,0.0,0.0
4,R0_BINARY_SUCCESS,62.18597453896405,8.993989434900252,0.041457316359309375,0.5130548215454422,0.482,0.5001763216160985,0.08133333333333331,0.5333333333333332,0.734,0.0,0.0
4,R1_RAW_DELTA_MASTERY,55.797136415358516,10.924028562592516,0.03719809094357234,0.5173140469611792,0.0019329300994361993,0.013399921508721425,0.3233333333333333,0.5333333333333332,0.7073333333333333,0.0,0.0
5,R0_BINARY_SUCCESS,75.71917799278665,17.58954301195366,0.0504794519951911,0.5073054087760388,0.486,0.5003045164881453,0.21133333333333332,0.5553333333333332,0.668,0.0,0.0
5,R1_RAW_DELTA_MASTERY,62.47344020858585,11.878076150245759,0.04164896013905724,0.5161359006321727,0.0024091576649062202,0.013415271222057247,0.34,0.5553333333333332,0.6873333333333332,0.0,0.0
6,R0_BINARY_SUCCESS,67.33832939294145,15.552182654087689,0.04489221959529429,0.509462649383212,0.504,0.5004847349718868,0.1413333333333333,0.536,0.6773333333333333,0.0,0.0
6,R1_RAW_DELTA_MASTERY,54.491411481667434,10.798519217427838,0.03632760765444496,0.5180272613240612,0.002692361226004529,0.01328569149739462,0.30866666666666664,0.536,0.7126666666666666,0.0,0.0
7,R0_BINARY_SUCCESS,73.3181793698807,14.740411057845401,0.048878786246587126,0.5083379020942633,0.504,0.5004847349718868,0.17266666666666663,0.5433333333333333,0.644,0.0,0.0
7,R1_RAW_DELTA_MASTERY,57.49417784061377,12.553548412992916,0.03832945189374252,0.518887236447108,0.002393531772048018,0.014633924589046903,0.32533333333333325,0.5433333333333333,0.694,0.0,0.0
8,R0_BINARY_SUCCESS,65.44345625593068,13.634609538227185,0.043628970837287125,0.5113064715494274,0.53,0.49959903762596813,0.142,0.5433333333333332,0.6866666666666668,0.0,0.0
8,R1_RAW_DELTA_MASTERY,59.33750484052057,12.083106229170316,0.039558336560347046,0.5153771058263676,0.003032306885998497,0.013683785057410828,0.31266666666666665,0.5433333333333332,0.6966666666666665,0.0,0.0
9,R0_BINARY_SUCCESS,73.81716372888198,13.015691134151675,0.04921144248592131,0.5062610833263494,0.476,0.49992384189533395,0.15933333333333333,0.5546666666666668,0.666,0.0,0.0
9,R1_RAW_DELTA_MASTERY,61.85190510787511,12.516206147820792,0.04123460340525007,0.5142379224070207,0.0012501677094417128,0.013429462629654089,0.324,0.5546666666666668,0.6833333333333333,0.0,0.0
10,R0_BINARY_SUCCESS,63.30056252507039,13.252653500110803,0.042200375016713594,0.5134619978746837,0.54,0.4988965780511852,0.12866666666666665,0.5593333333333332,0.6913333333333332,0.0,0.0
10,R1_RAW_DELTA_MASTERY,62.1930022928954,15.43884633952042,0.04146200152859694,0.5142003713628003,0.002069532888247594,0.013503579940759451,0.3253333333333333,0.5593333333333332,0.684,0.0,0.0
11,R0_BINARY_SUCCESS,68.01851805185709,12.446698437975353,0.045345678701238054,0.5081740369172024,0.522,0.5000160318071094,0.12333333333333332,0.544,0.6993333333333333,0.0,0.0
11,R1_RAW_DELTA_MASTERY,58.420486971557295,11.814014144189509,0.03894699131437153,0.514572724304069,0.001546899782094545,0.01358847052749022,0.3246666666666666,0.544,0.7,0.0,0.0
12,R0_BINARY_SUCCESS,72.08873757314691,11.527009994330298,0.04805915838209795,0.5047384904772991,0.516,0.5002444292323062,0.144,0.5453333333333332,0.686,0.0,0.0
12,R1_RAW_DELTA_MASTERY,60.724992970432496,12.50082974153558,0.040483328646955,0.5123143202124422,0.0015662185713126193,0.013160025374569591,0.316,0.5453333333333332,0.696,0.0,0.0
13,R0_BINARY_SUCCESS,62.81929969358817,12.2072997297755,0.04187953312905878,0.5152229686773129,0.5,0.5005007512521914,0.08333333333333333,0.5646666666666667,0.7253333333333333,0.0,0.0
13,R1_RAW_DELTA_MASTERY,63.20515254256879,11.687967507494667,0.042136768361712526,0.514965733444659,0.002182021887128173,0.013918528792039432,0.3333333333333333,0.5646666666666667,0.676,0.0,0.0
14,R0_BINARY_SUCCESS,74.83054732813301,15.01113989071691,0.04988703155208867,0.5059446467870966,0.492,0.5004366830554041,0.116,0.544,0.7,0.0,0.0
14,R1_RAW_DELTA_MASTERY,60.86018718774196,11.51087913500361,0.04057345812516131,0.515258220214024,0.001495600790553422,0.013020837356931554,0.3326666666666666,0.544,0.6873333333333332,0.0,0.0
15,R0_BINARY_SUCCESS,65.75553428877836,15.944674928554772,0.043837022859185566,0.5120294272026548,0.472,0.4997153498360075,0.10266666666666666,0.5686666666666667,0.7073333333333333,0.0,0.0
15,R1_RAW_DELTA_MASTERY,62.667716484737426,13.410333207793768,0.04177847765649162,0.5140879724053488,0.002224128969588849,0.013321325913102937,0.3406666666666666,0.5686666666666667,0.6753333333333332,0.0,0.0
16,R0_BINARY_SUCCESS,63.911851344083104,12.671898026009451,0.042607900896055415,0.511678852379444,0.532,0.49947467393232226,0.114,0.5693333333333332,0.7066666666666666,0.0,0.0
16,R1_RAW_DELTA_MASTERY,60.208972190672156,11.568470160989152,0.04013931479378144,0.514147438481718,0.0015142425158105226,0.013008807485524715,0.33133333333333326,0.5693333333333332,0.6853333333333333,0.0,0.0
17,R0_BINARY_SUCCESS,56.16929008810927,11.888502219508329,0.03744619339207284,0.5200219583864731,0.528,0.4997153498360075,0.05066666666666666,0.54,0.7579999999999999,0.0,0.0
17,R1_RAW_DELTA_MASTERY,61.3365315519888,12.060003119123175,0.0408910210346592,0.5165771307438868,0.0022105674131493403,0.013111904608325816,0.3333333333333333,0.54,0.69,0.0,0.0
18,R0_BINARY_SUCCESS,64.41538237536355,11.733216789523754,0.04294358825024237,0.5131370374953564,0.496,0.5004847349718868,0.10466666666666666,0.5533333333333332,0.7053333333333333,0.0,0.0
18,R1_RAW_DELTA_MASTERY,59.115745866152864,12.107702632958752,0.0394104972441019,0.5166701285014971,0.0029466572752042974,0.013067536613058461,0.31133333333333324,0.5533333333333332,0.7046666666666667,0.0,0.0
19,R0_BINARY_SUCCESS,56.38907719445705,10.964852433264305,0.037592718129638034,0.5183566574602793,0.49,0.5004006410899234,0.08,0.5466666666666666,0.7466666666666665,0.0,0.0
19,R1_RAW_DELTA_MASTERY,60.44485745726465,10.072794010432473,0.04029657163817643,0.515652803951741,0.0017815653184955853,0.01346846191459355,0.32999999999999996,0.5466666666666666,0.6906666666666667,0.0,0.0
20,R0_BINARY_SUCCESS,59.981987935511164,11.012294447013836,0.039987991957007446,0.5197696278979249,0.562,0.4966379955230917,0.05199999999999999,0.5653333333333332,0.7426666666666666,0.0,0.0
20,R1_RAW_DELTA_MASTERY,58.157692922487286,10.910676435599674,0.03877179528165819,0.5209858245732741,0.0029546532576214296,0.01402216663016278,0.3326666666666666,0.5653333333333332,0.7026666666666667,0.0,0.0
21,R0_BINARY_SUCCESS,75.76411977216017,15.104928564417486,0.05050941318144011,0.5047006283328264,0.486,0.5003045164881453,0.178,0.552,0.6473333333333332,0.0,0.0
21,R1_RAW_DELTA_MASTERY,60.94188495969037,11.23860806226266,0.040627923306460256,0.5145821182078062,0.002213818702151674,0.013764072307440213,0.336,0.552,0.6866666666666666,0.0,0.0
22,R0_BINARY_SUCCESS,60.28918313851315,11.418327140661692,0.040192788759008766,0.5136772810594538,0.526,0.4998236161833385,0.10333333333333335,0.5573333333333332,0.7093333333333334,0.0,0.0
22,R1_RAW_DELTA_MASTERY,64.04296783241321,14.745201149791933,0.042695311888275474,0.5111747579301871,0.0011338183517928472,0.01352752048741552,0.33333333333333337,0.5573333333333332,0.6653333333333332,0.0,0.0
23,R0_BINARY_SUCCESS,55.71314651240749,10.70568879510111,0.037142097674938326,0.5183587865034454,0.54,0.4988965780511852,0.057333333333333326,0.5573333333333333,0.7546666666666667,0.0,0.0
23,R1_RAW_DELTA_MASTERY,63.34620711529474,9.123403900037262,0.04223080474352983,0.5132700794348539,0.0025514538046405694,0.013632191514242779,0.3346666666666666,0.5573333333333333,0.678,0.0,0.0
24,R0_BINARY_SUCCESS,74.39882230623354,13.346371275254784,0.04959921487082236,0.5064600646273241,0.516,0.5002444292323062,0.11933333333333333,0.5453333333333332,0.6953333333333332,0.0,0.0
24,R1_RAW_DELTA_MASTERY,57.80580612404053,11.08680906668746,0.03853720408269368,0.5175220754154527,0.0025935605477332975,0.013427326014760993,0.312,0.5453333333333332,0.6953333333333332,0.0,0.0
25,R0_BINARY_SUCCESS,68.24141110575707,13.925960125472058,0.045494274070504714,0.5097339329704285,0.568,0.49585051726396523,0.10066666666666665,0.5493333333333332,0.7166666666666666,0.0,0.0
25,R1_RAW_DELTA_MASTERY,62.14621233513586,10.731553049948982,0.04143080822342391,0.5137973988175093,0.0014787253390713838,0.013201140937817976,0.3333333333333333,0.5493333333333332,0.6833333333333332,0.0,0.0
26,R0_BINARY_SUCCESS,78.36224439204665,13.292538324623338,0.052241496261364435,0.504375940637951,0.488,0.5003565862730835,0.14466666666666667,0.5573333333333333,0.6706666666666666,0.0,0.0
26,R1_RAW_DELTA_MASTERY,59.37588028137933,11.775537459612375,0.03958392018758622,0.5170335167117291,0.002146072390308552,0.013137115594913137,0.33533333333333326,0.5573333333333333,0.6826666666666668,0.0,0.0
27,R0_BINARY_SUCCESS,58.73171569682664,12.072462043441378,0.03915447713121776,0.515117518161113,0.504,0.5004847349718868,0.07999999999999999,0.5573333333333332,0.7339999999999999,0.0,0.0
27,R1_RAW_DELTA_MASTERY,62.74979717452894,11.904606805501984,0.041833198116352624,0.5124387971759782,0.0025417735097124365,0.01328513135638812,0.3326666666666666,0.5573333333333332,0.668,0.0,0.0
28,R0_BINARY_SUCCESS,62.87230054581076,13.269317931191301,0.04191486703054051,0.5137808012561025,0.528,0.4997153498360075,0.07933333333333333,0.5473333333333332,0.7293333333333333,0.0,0.0
28,R1_RAW_DELTA_MASTERY,57.244121645081364,11.02770543491938,0.038162747763387586,0.5175329205232554,0.002188029497917312,0.014172238545690129,0.31933333333333336,0.5473333333333332,0.694,0.0,0.0
29,R0_BINARY_SUCCESS,62.1484203572703,12.595963738622999,0.0414322802381802,0.5146833615105395,0.52,0.5001001903626928,0.098,0.55,0.7113333333333333,0.0,0.0
29,R1_RAW_DELTA_MASTERY,60.80511003739777,12.699572561470788,0.04053674002493185,0.5155789017237878,0.002010603502340804,0.014080494474866569,0.31533333333333324,0.55,0.6826666666666668,0.0,0.0
30,R0_BINARY_SUCCESS,48.59057263633222,9.244047683886953,0.03239371509088815,0.5244291051769048,0.546,0.4983781310642012,0.018666666666666665,0.55,0.794,0.0,0.0
30,R1_RAW_DELTA_MASTERY,61.890171190571586,9.917950049057731,0.04126011412704773,0.5155627061407452,0.0018844090400625248,0.013447219845391925,0.3346666666666666,0.55,0.688,0.0,0.0
31,R0_BINARY_SUCCESS,64.91022850860358,10.634554183419628,0.043273485672402384,0.5112805384082678,0.48,0.5001001903626928,0.144,0.55,0.6786666666666668,0.0,0.0
31,R1_RAW_DELTA_MASTERY,62.18503493674626,12.060747572693469,0.04145668995783085,0.5130973341228393,0.0029449437223214563,0.013622470954289203,0.334,0.55,0.6813333333333332,0.0,0.0
32,R0_BINARY_SUCCESS,71.28839804151178,13.833481778795948,0.047525598694341184,0.5072142517644935,0.49,0.5004006410899235,0.108,0.5326666666666666,0.706,0.0,0.0
32,R1_RAW_DELTA_MASTERY,62.24139045748714,11.985453981671153,0.041494260304991426,0.5132455901538433,0.0008929234225751832,0.013095016171052588,0.326,0.5326666666666666,0.6926666666666668,0.0,0.0
33,R0_BINARY_SUCCESS,46.53685687768582,11.623628530456038,0.031024571251790548,0.5196314419625273,0.496,0.5004847349718868,0.041333333333333326,0.5333333333333332,0.7933333333333332,0.0,0.0
33,R1_RAW_DELTA_MASTERY,60.09131547996807,12.72461786166623,0.04006087698664537,0.5105951362276725,0.001446513824332089,0.013529074571674493,0.3153333333333333,0.5333333333333332,0.692,0.0,0.0
34,R0_BINARY_SUCCESS,64.15721228402225,12.30454442055301,0.04277147485601483,0.5118760410181201,0.554,0.49757326929471735,0.12533333333333332,0.5506666666666667,0.696,0.0,0.0
34,R1_RAW_DELTA_MASTERY,59.868840352715175,11.35842233791558,0.039912560235143446,0.5147349556389915,0.001866091692416338,0.013974907121592658,0.3226666666666666,0.5506666666666667,0.6806666666666666,0.0,0.0
35,R0_BINARY_SUCCESS,57.09924578566538,9.115331012470625,0.038066163857110265,0.517760690683746,0.514,0.5003045164881453,0.052,0.5313333333333332,0.77,0.0,0.0
35,R1_RAW_DELTA_MASTERY,61.54404974438043,13.036363237421293,0.04102936649625361,0.5147974880446027,0.0017227055662894758,0.013269288408308828,0.31133333333333335,0.5313333333333332,0.692,0.0,0.0
36,R0_BINARY_SUCCESS,61.74206265142341,11.084907675479755,0.04116137510094894,0.5110807302926702,0.528,0.4997153498360075,0.13066666666666665,0.5226666666666666,0.7026666666666666,0.0,0.0
36,R1_RAW_DELTA_MASTERY,58.38267926147494,10.97173662239219,0.038921786174316624,0.5133203192193025,0.0016620777342675683,0.013407466484412654,0.3133333333333333,0.5226666666666666,0.696,0.0,0.0
37,R0_BINARY_SUCCESS,59.953112588153616,12.07512602649652,0.03996874172543574,0.5120553956699339,0.514,0.5003045164881453,0.124,0.526,0.714,0.0,0.0
37,R1_RAW_DELTA_MASTERY,61.22551488330495,11.674457625947735,0.040817009922203294,0.5112071274731664,0.0010941159045577543,0.013779953346358946,0.3146666666666667,0.526,0.6966666666666667,0.0,0.0
38,R0_BINARY_SUCCESS,57.733105080934145,9.885926985863694,0.03848873672062276,0.515883643362633,0.538,0.4990532118085534,0.064,0.542,0.7439999999999999,0.0,0.0
38,R1_RAW_DELTA_MASTERY,61.76420113785914,12.204135906901493,0.04117613409190609,0.5131962459913497,0.0011595545821135485,0.013645466678442714,0.3173333333333333,0.542,0.6879999999999998,0.0,0.0
39,R0_BINARY_SUCCESS,59.81501466723911,12.17865996542654,0.03987667644482607,0.5177993376301822,0.532,0.49947467393232226,0.05333333333333333,0.5706666666666667,0.75,0.0,0.0
39,R1_RAW_DELTA_MASTERY,60.902824935646805,12.883659570253062,0.040601883290431205,0.5170741307845771,0.0022903577830696957,0.013880825670786513,0.324,0.5706666666666667,0.6966666666666668,0.0,0.0
40,R0_BINARY_SUCCESS,51.18076476397156,8.922201289473966,0.03412050984264771,0.5184862984989499,0.49,0.5004006410899234,0.06933333333333333,0.5173333333333333,0.758,0.0,0.0
40,R1_RAW_DELTA_MASTERY,57.872973325119574,9.570820441861416,0.03858198221674638,0.5140248261248512,0.0022139888673436275,0.014028114747070568,0.304,0.5173333333333333,0.704,0.0,0.0
41,R0_BINARY_SUCCESS,72.7532016410898,16.51159419302804,0.0485021344273932,0.5063199377784239,0.482,0.5001763216160985,0.15466666666666665,0.5353333333333333,0.6653333333333332,0.0,0.0
41,R1_RAW_DELTA_MASTERY,55.91386366614704,10.54844178923923,0.037275909110764685,0.5175461630950522,0.0018935724681486536,0.014047266591869256,0.326,0.5353333333333333,0.7073333333333333,0.0,0.0
42,R0_BINARY_SUCCESS,59.82503668233048,11.666148083663904,0.039883357788220324,0.5131933031647468,0.536,0.49920176763471025,0.094,0.5473333333333333,0.7306666666666666,0.0,0.0
42,R1_RAW_DELTA_MASTERY,59.16521102958448,10.769441076774777,0.03944347401972299,0.5136331869332441,0.002076746965708784,0.012849757710082614,0.316,0.5473333333333333,0.6906666666666665,0.0,0.0
43,R0_BINARY_SUCCESS,74.72474070616055,15.638175181512462,0.04981649380410703,0.5065912586163495,0.484,0.5002444292323062,0.10666666666666666,0.56,0.6933333333333332,0.0,0.0
43,R1_RAW_DELTA_MASTERY,58.68612700245007,12.92144451516997,0.03912408466830006,0.5172836677521564,0.0018527881339356444,0.013083708727629326,0.33733333333333326,0.56,0.69,0.0,0.0
44,R0_BINARY_SUCCESS,53.66491282474063,10.163861790919796,0.03577660854982709,0.516934452275472,0.528,0.4997153498360075,0.048,0.5573333333333332,0.764,0.0,0.0
44,R1_RAW_DELTA_MASTERY,60.25994232520612,12.046588217142864,0.040173294883470746,0.5125377659418283,0.001492213360259233,0.013260583423852048,0.3313333333333333,0.5573333333333332,0.674,0.0,0.0
45,R0_BINARY_SUCCESS,73.74957860606004,17.342592595999804,0.049166385737373364,0.5084949471606104,0.53,0.49959903762596813,0.122,0.5693333333333332,0.676,0.0,0.0
45,R1_RAW_DELTA_MASTERY,64.11187179321504,12.612110805077336,0.04274124786214337,0.5149200850358404,0.0026720661751109607,0.013414334461604775,0.3313333333333333,0.5693333333333332,0.664,0.0,0.0
46,R0_BINARY_SUCCESS,63.45401618415087,11.812579541411342,0.042302677456100585,0.5147789526758394,0.436,0.4963837160777682,0.068,0.5586666666666668,0.74,0.0,0.0
46,R1_RAW_DELTA_MASTERY,62.34576984668091,11.73813161799295,0.041563846564453936,0.5155177835674859,0.002570387738689409,0.013939183241259855,0.3333333333333333,0.5586666666666668,0.684,0.0,0.0
47,R0_BINARY_SUCCESS,81.0424812792584,16.31471873145598,0.05402832085283893,0.5049554008585434,0.506,0.5004647139007099,0.14933333333333332,0.5626666666666666,0.6526666666666666,0.0,0.0
47,R1_RAW_DELTA_MASTERY,66.12716269325273,11.977518872869917,0.04408477512883515,0.5148989465825471,0.002116651305696834,0.012827516523445515,0.3453333333333333,0.5626666666666666,0.67,0.0,0.0
48,R0_BINARY_SUCCESS,65.65849424408071,11.153048599852207,0.043772329496053815,0.5119689644367104,0.5,0.5005007512521914,0.13933333333333334,0.5366666666666666,0.6793333333333333,0.0,0.0
48,R1_RAW_DELTA_MASTERY,56.84902391390236,9.052757827960363,0.0378993492759349,0.5178419446568293,0.0022708455641646374,0.01294282993606465,0.3273333333333333,0.5366666666666666,0.7026666666666667,0.0,0.0
49,R0_BINARY_SUCCESS,66.14864522181139,11.091916369343751,0.044099096814540925,0.5124762838870836,0.514,0.5003045164881453,0.104,0.544,0.7153333333333333,0.0,0.0
49,R1_RAW_DELTA_MASTERY,60.43012604680194,12.83357262293496,0.04028675069786796,0.5162886300037566,0.0023652558690894373,0.01346690600851284,0.30866666666666664,0.544,0.7,0.0,0.0
