environment,condition,checkpoint,n_seeds,cumulative_regret_mean,cumulative_regret_sd,cumulative_regret_median,cumulative_regret_ci_low,cumulative_regret_ci_high,mean_evaluator_fraction_mean,mean_evaluator_fraction_sd,mean_evaluator_fraction_median,mean_evaluator_fraction_ci_low,mean_evaluator_fraction_ci_high,optimal_arm_rate_mean,optimal_arm_rate_sd,optimal_arm_rate_median,optimal_arm_rate_ci_low,optimal_arm_rate_ci_high
E3_QUALITY,H_BASE,100,50,1.2776551090986106,0.32006090133834847,1.2336170742738664,1.1926660748240865,1.3625371660404733,0.5021333333333333,0.029096446082007555,0.5066666666666667,0.4943316666666666,0.5096016666666667,0.5810666666666667,0.0505679310063058,0.5783333333333334,0.5671983333333334,0.5950016666666668
E3_QUALITY,H_BASE,500,50,6.401353882927977,1.4597080058619323,6.359916588228905,6.006308121265064,6.787886300350391,0.4971333333333333,0.013379003416783384,0.4963333333333333,0.4934933333333334,0.5006143333333334,0.5792400000000001,0.044237661589960266,0.5746666666666667,0.5673066666666666,0.590881
E3_QUALITY,H_RIDGE_LOW,100,50,1.2446850745126232,0.3149417216373029,1.2809116339008209,1.1621880691940665,1.328491223146925,0.5027333333333333,0.029667010622480557,0.5066666666666667,0.49486499999999994,0.5105333333333333,0.5870666666666667,0.052149445115459665,0.5766666666666667,0.5736000000000001,0.6010683333333333
E3_QUALITY,H_RIDGE_LOW,500,50,5.983380205900999,1.3165313163965933,5.948282118569327,5.638926557270785,6.34430461775597,0.49794666666666665,0.012974658712562778,0.4963333333333335,0.49443966666666667,0.5013733333333333,0.5983999999999999,0.04062147595041351,0.5936666666666667,0.5871599999999999,0.6090136666666668
E3_QUALITY,H_RIDGE_HIGH,100,50,1.284603624133844,0.321936724653373,1.2315303111449882,1.1989384908838663,1.3713509590405601,0.5024666666666666,0.0291668901837888,0.5083333333333332,0.4945983333333333,0.51,0.5754666666666666,0.051264110938304436,0.56,0.5616649999999999,0.5892
E3_QUALITY,H_RIDGE_HIGH,500,50,6.527819445119965,1.4413329533000738,6.583133774641565,6.150038671349763,6.90349162516073,0.4969466666666667,0.012972036906230128,0.4973333333333334,0.493466,0.50032,0.5712,0.04389970015238586,0.567,0.558705,0.5829466666666666
E3_QUALITY,H_EXP_LOW,100,50,1.2834016136226056,0.31254386037411425,1.2318916640538342,1.200883745360627,1.3637909839292912,0.5020666666666667,0.028956844893965054,0.5066666666666667,0.49439666666666665,0.5095999999999999,0.5763333333333334,0.04957071954115316,0.5633333333333334,0.5630666666666667,0.5902
E3_QUALITY,H_EXP_LOW,500,50,6.504877423814143,1.4083390509404454,6.632184706261577,6.136178502795179,6.876237777460382,0.49690666666666666,0.013073495369607016,0.4963333333333333,0.4933996666666666,0.5003466666666666,0.5720933333333333,0.0427393110319176,0.5673333333333334,0.559906,0.5837343333333334
E3_QUALITY,H_EXP_HIGH,100,50,1.1800971034580163,0.27024414644040345,1.1438427213042754,1.107831566260441,1.252248189852061,0.5036666666666666,0.028238135389034295,0.505,0.49606666666666666,0.5110716666666666,0.6042000000000001,0.04259608319851574,0.6066666666666667,0.5930633333333333,0.6162666666666666
E3_QUALITY,H_EXP_HIGH,500,50,5.6673070634042935,1.147643699340654,5.518889646586196,5.350197607443579,5.989028145328116,0.4985866666666668,0.01252852708540406,0.4973333333333334,0.4952663333333334,0.5018936666666667,0.61372,0.034636064462511426,0.6156666666666666,0.6044653333333334,0.6232933333333334
E4_MIXED,H_BASE,100,50,1.387624383825985,0.33260472569048555,1.4001818301945166,1.2962010766859,1.4790294757465428,0.5001333333333333,0.02504381647760923,0.4983333333333335,0.4933316666666666,0.5068016666666666,0.5854666666666666,0.05517960778807927,0.5816666666666667,0.5705283333333333,0.5995349999999999
E4_MIXED,H_BASE,500,50,6.8753117226202685,1.4506838616923872,6.835264649670272,6.484762157397452,7.25456108021574,0.5044,0.015603360298592947,0.504,0.5003326666666668,0.5087333333333333,0.5914666666666666,0.045841291826051095,0.5963333333333334,0.5794133333333333,0.603548
E4_MIXED,H_RIDGE_LOW,100,50,1.36979859454398,0.2910955007176207,1.358926187551932,1.2884078011703104,1.452812016032517,0.5003333333333333,0.024946655104583243,0.5,0.49346666666666666,0.5068666666666666,0.5908,0.05325487426192142,0.585,0.5755333333333333,0.6040683333333333
E4_MIXED,H_RIDGE_LOW,500,50,6.590125476812319,1.329266279300276,6.465766952510439,6.226339133990479,6.951681849356329,0.5046266666666668,0.015278167548109787,0.5040000000000002,0.500453,0.5088533333333334,0.6035066666666666,0.0423268375754476,0.6003333333333334,0.5922916666666667,0.614494
E4_MIXED,H_RIDGE_HIGH,100,50,1.4142448098170868,0.3306754999964018,1.4154707947987761,1.323882348120277,1.5059539269330695,0.5001333333333332,0.024880303021829316,0.4966666666666668,0.49346666666666666,0.5068666666666667,0.5780666666666666,0.05438624776152728,0.57,0.5634666666666667,0.5923333333333334
E4_MIXED,H_RIDGE_HIGH,500,50,7.161440224140442,1.4933592993421043,7.003105739192128,6.750251609633973,7.5582085799659176,0.50384,0.01551098506208966,0.5030000000000002,0.49973333333333336,0.5080803333333335,0.5785733333333334,0.044197456345272744,0.5746666666666667,0.5668783333333332,0.5905476666666668
E4_MIXED,H_EXP_LOW,100,50,1.4092497784890472,0.32812227782568903,1.388672207577521,1.3177870936921514,1.500227844310746,0.5003333333333333,0.024764194033371004,0.4966666666666668,0.4935333333333334,0.5070666666666667,0.5796666666666667,0.05364386636972554,0.5783333333333334,0.5649316666666666,0.5934016666666667
E4_MIXED,H_EXP_LOW,500,50,7.124574597868085,1.4937286484495975,6.919567231031145,6.723286118163829,7.522154049160056,0.5039333333333335,0.015444583108400406,0.5030000000000002,0.4998396666666666,0.50816,0.5800133333333334,0.04407033957132588,0.5753333333333334,0.5686793333333333,0.5917476666666667
E4_MIXED,H_EXP_HIGH,100,50,1.291418459993467,0.27226612517313,1.2995073961441763,1.2167840390282139,1.3657996474640546,0.5013333333333333,0.02498071818781714,0.5016666666666667,0.494465,0.507935,0.6078666666666667,0.04716334331216303,0.605,0.5945966666666667,0.6202666666666666
E4_MIXED,H_EXP_HIGH,500,50,6.3043709099573535,1.1155074829181049,6.162724731426902,5.988957270134123,6.60791804889202,0.5053333333333333,0.014486212069966784,0.5043333333333333,0.501533,0.5094133333333333,0.6172533333333333,0.03186184462420754,0.6186666666666667,0.6085323333333335,0.62596
