threshold,eligible_arm_count,n_examples,fraction
0.0,1,1850,1.0
0.0,2,0,0.0
0.0,3,0,0.0
0.0,4,0,0.0
0.025,1,1704,0.9210810810810811
0.025,2,136,0.07351351351351351
0.025,3,9,0.004864864864864865
0.025,4,1,0.0005405405405405405
0.05,1,1562,0.8443243243243244
0.05,2,242,0.1308108108108108
0.05,3,44,0.023783783783783784
0.05,4,2,0.001081081081081081
0.1,1,1318,0.7124324324324325
0.1,2,383,0.20702702702702702
0.1,3,107,0.05783783783783784
0.1,4,42,0.022702702702702703
0.15,1,1116,0.6032432432432432
0.15,2,426,0.23027027027027028
0.15,3,191,0.10324324324324324
0.15,4,117,0.06324324324324325
0.2,1,943,0.5097297297297297
0.2,2,403,0.21783783783783783
0.2,3,243,0.13135135135135134
0.2,4,261,0.14108108108108108
0.3,1,671,0.3627027027027027
0.3,2,362,0.19567567567567568
0.3,3,226,0.12216216216216216
0.3,4,591,0.31945945945945947
