seed,environment,context,cumulative_regret,mean_turn_regret,mean_reward,mean_expected_success,mean_oracle_expected_success,override_rate,alternative_opportunity_rate,optimal_arm_rate,reward_probability_clip_rate
0,E0_NO_PERSONAL_SIGNAL,C3_9D,17.595448024721133,0.011730298683147422,0.51,0.5380400639803485,0.549770362663496,0.1713333333333333,0.57,0.7946666666666666,0.0
0,E0_NO_PERSONAL_SIGNAL,P14_14D,16.372890979650304,0.010915260653100204,0.51,0.5388551020103959,0.549770362663496,0.22,0.57,0.8173333333333334,0.0
0,E1_PERSONAL_SIGNAL,C3_9D,61.48658750820399,0.040991058338802656,0.496,0.5001991325473171,0.5411901908861197,0.18333333333333332,0.57,0.6546666666666666,0.0
0,E1_PERSONAL_SIGNAL,P14_14D,53.62406184862025,0.03574937456574683,0.492,0.5054408163203729,0.5411901908861197,0.17466666666666666,0.57,0.696,0.0
0,E2_MIXED,C3_9D,27.454772137670332,0.018303181425113554,0.504,0.5172011290477394,0.5355043104728531,0.20266666666666666,0.57,0.728,0.0
0,E2_MIXED,P14_14D,23.844665950460637,0.015896443966973758,0.504,0.5196078665058792,0.5355043104728531,0.238,0.57,0.752,0.0
1,E0_NO_PERSONAL_SIGNAL,C3_9D,17.185489900545544,0.011456993267030363,0.538,0.5367070509179672,0.5481640441849975,0.136,0.5426666666666666,0.8093333333333333,0.0
1,E0_NO_PERSONAL_SIGNAL,P14_14D,19.47377553495302,0.012982517023302014,0.532,0.5351815271616955,0.5481640441849975,0.07466666666666666,0.5426666666666666,0.7946666666666666,0.0
1,E1_PERSONAL_SIGNAL,C3_9D,51.43725222585065,0.034291501483900436,0.502,0.5046529566756636,0.5389444581595639,0.1673333333333333,0.5426666666666666,0.6926666666666667,0.0
1,E1_PERSONAL_SIGNAL,P14_14D,44.5156935569154,0.0296771290379436,0.514,0.5092673291216204,0.5389444581595639,0.162,0.5426666666666666,0.7213333333333333,0.0
1,E2_MIXED,C3_9D,19.801942050556235,0.013201294700370823,0.526,0.5212023657030027,0.5344036604033735,0.08666666666666666,0.5426666666666666,0.7713333333333334,0.0
1,E2_MIXED,P14_14D,20.978383299363493,0.01398558886624233,0.528,0.5204180715371312,0.5344036604033735,0.106,0.5426666666666666,0.7633333333333334,0.0
2,E0_NO_PERSONAL_SIGNAL,C3_9D,12.866974934510312,0.008577983289673541,0.522,0.5373861215399537,0.5459641048296272,0.09533333333333333,0.5413333333333332,0.838,0.0
2,E0_NO_PERSONAL_SIGNAL,P14_14D,19.41174979541493,0.01294116653027662,0.518,0.5330229382993505,0.5459641048296272,0.13466666666666666,0.5413333333333332,0.79,0.0
2,E1_PERSONAL_SIGNAL,C3_9D,57.387624015769624,0.03825841601051308,0.478,0.4981958320745771,0.5364542480850902,0.10933333333333332,0.5413333333333332,0.6713333333333332,0.0
2,E1_PERSONAL_SIGNAL,P14_14D,52.30849941414607,0.034872332942764046,0.48,0.5015819151423262,0.5364542480850902,0.13066666666666665,0.5413333333333332,0.704,0.0
2,E2_MIXED,C3_9D,19.25574092009956,0.012837160613399705,0.502,0.5194895331916928,0.5323266938050925,0.1653333333333333,0.5413333333333332,0.7713333333333334,0.0
2,E2_MIXED,P14_14D,19.083119506401847,0.012722079670934564,0.5,0.5196046141341579,0.5323266938050925,0.15533333333333332,0.5413333333333332,0.7886666666666666,0.0
3,E0_NO_PERSONAL_SIGNAL,C3_9D,15.038525030805388,0.010025683353870258,0.524,0.5369442261488793,0.5469699095027495,0.09933333333333333,0.5473333333333332,0.816,0.0
3,E0_NO_PERSONAL_SIGNAL,P14_14D,31.57668793586811,0.021051125290578742,0.514,0.5259187842121708,0.5469699095027495,0.2806666666666666,0.5473333333333332,0.7646666666666666,0.0
3,E1_PERSONAL_SIGNAL,C3_9D,55.90418401429594,0.037269456009530626,0.484,0.5004297486489623,0.5376992046584929,0.08533333333333333,0.5473333333333332,0.688,0.0
3,E1_PERSONAL_SIGNAL,P14_14D,52.31756610026089,0.034878377400173924,0.488,0.502820827258319,0.5376992046584929,0.23666666666666666,0.5473333333333332,0.696,0.0
3,E2_MIXED,C3_9D,19.177463588158105,0.012784975725438737,0.51,0.5199204767580992,0.532705452483538,0.11666666666666665,0.5473333333333332,0.772,0.0
3,E2_MIXED,P14_14D,29.095647690861295,0.019397098460574195,0.494,0.5133083540229638,0.532705452483538,0.25,0.5473333333333332,0.7113333333333333,0.0
4,E0_NO_PERSONAL_SIGNAL,C3_9D,13.672436905211299,0.009114957936807533,0.528,0.5411915525265821,0.5503065104633896,0.114,0.5566666666666666,0.8366666666666667,0.0
4,E0_NO_PERSONAL_SIGNAL,P14_14D,21.66887725567719,0.014445918170451462,0.526,0.5358605922929381,0.5503065104633896,0.176,0.5566666666666666,0.8013333333333333,0.0
4,E1_PERSONAL_SIGNAL,C3_9D,53.85267181955645,0.03590178121303763,0.476,0.498270269547982,0.5341720507610196,0.15266666666666664,0.5566666666666666,0.6806666666666666,0.0
4,E1_PERSONAL_SIGNAL,P14_14D,48.17198730949966,0.03211465820633311,0.488,0.5020573925546865,0.5341720507610196,0.20066666666666666,0.5566666666666666,0.7046666666666667,0.0
4,E2_MIXED,C3_9D,19.501512756438082,0.013001008504292054,0.512,0.5195588020289501,0.5325598105332422,0.126,0.5566666666666666,0.7706666666666666,0.0
4,E2_MIXED,P14_14D,20.22030523429351,0.013480203489529006,0.514,0.5190796070437131,0.5325598105332422,0.20066666666666666,0.5566666666666666,0.768,0.0
5,E0_NO_PERSONAL_SIGNAL,C3_9D,11.634421765045753,0.0077562811766971685,0.574,0.5411239816575456,0.5488802628342428,0.15466666666666665,0.5753333333333334,0.8373333333333334,0.0
5,E0_NO_PERSONAL_SIGNAL,P14_14D,21.44521165746062,0.014296807771640415,0.564,0.5345834550626024,0.5488802628342428,0.21333333333333332,0.5753333333333334,0.7766666666666666,0.0
5,E1_PERSONAL_SIGNAL,C3_9D,58.74379842075173,0.03916253228050116,0.52,0.4993316738410504,0.5384942061215515,0.10666666666666666,0.5753333333333334,0.67,0.0
5,E1_PERSONAL_SIGNAL,P14_14D,58.89544785649628,0.039263631904330853,0.52,0.4992305742172207,0.5384942061215515,0.1633333333333333,0.5753333333333334,0.666,0.0
5,E2_MIXED,C3_9D,20.532622775237794,0.013688415183491863,0.546,0.5201980594968278,0.5338864746803197,0.13866666666666666,0.5753333333333334,0.764,0.0
5,E2_MIXED,P14_14D,24.737181760117192,0.016491454506744795,0.542,0.5173950201735749,0.5338864746803197,0.18866666666666665,0.5753333333333334,0.744,0.0
6,E0_NO_PERSONAL_SIGNAL,C3_9D,13.514539358028422,0.00900969290535228,0.56,0.5392368791125184,0.5482465720178706,0.08066666666666665,0.5793333333333333,0.8213333333333334,0.0
6,E0_NO_PERSONAL_SIGNAL,P14_14D,25.06582835798344,0.016710552238655627,0.558,0.531536019779215,0.5482465720178706,0.17,0.5793333333333333,0.7473333333333333,0.0
6,E1_PERSONAL_SIGNAL,C3_9D,60.891467783973276,0.04059431185598218,0.54,0.499483315993041,0.5400776278490232,0.06733333333333333,0.5793333333333333,0.6646666666666666,0.0
6,E1_PERSONAL_SIGNAL,P14_14D,42.45929476635017,0.028306196510900116,0.55,0.5117714313381231,0.5400776278490232,0.19666666666666666,0.5793333333333333,0.7213333333333333,0.0
6,E2_MIXED,C3_9D,26.055223842973472,0.01737014922864898,0.55,0.5173834627524034,0.5347536119810524,0.07266666666666666,0.5793333333333333,0.7313333333333333,0.0
6,E2_MIXED,P14_14D,28.437285753645185,0.018958190502430125,0.556,0.5157954214786223,0.5347536119810524,0.21533333333333332,0.5793333333333333,0.7186666666666667,0.0
7,E0_NO_PERSONAL_SIGNAL,C3_9D,11.655432796164309,0.007770288530776206,0.578,0.5404347510715365,0.5482050396023128,0.10133333333333333,0.562,0.848,0.0
7,E0_NO_PERSONAL_SIGNAL,P14_14D,24.449475389772427,0.016299650259848284,0.568,0.5319053893424645,0.5482050396023128,0.17266666666666666,0.562,0.76,0.0
7,E1_PERSONAL_SIGNAL,C3_9D,58.08315111424766,0.03872210074283177,0.542,0.4962903185433138,0.5350124192861456,0.058,0.562,0.6693333333333332,0.0
7,E1_PERSONAL_SIGNAL,P14_14D,60.68166772283903,0.04045444514855935,0.532,0.4945579741375862,0.5350124192861456,0.188,0.562,0.6606666666666666,0.0
7,E2_MIXED,C3_9D,20.971690284527053,0.013981126856351368,0.554,0.5179475396733675,0.5319286665297188,0.056,0.562,0.756,0.0
7,E2_MIXED,P14_14D,26.837627149217155,0.017891751432811437,0.556,0.5140369150969074,0.5319286665297188,0.18866666666666665,0.562,0.7213333333333334,0.0
8,E0_NO_PERSONAL_SIGNAL,C3_9D,14.118084305040133,0.009412056203360088,0.524,0.5403789160006942,0.5497909722040544,0.104,0.5433333333333332,0.824,0.0
8,E0_NO_PERSONAL_SIGNAL,P14_14D,25.06574585449075,0.016710497236327167,0.522,0.5330804749677271,0.5497909722040544,0.2866666666666666,0.5433333333333332,0.784,0.0
8,E1_PERSONAL_SIGNAL,C3_9D,58.29122754853904,0.0388608183656927,0.478,0.4958916316445179,0.5347524500102107,0.10733333333333332,0.5433333333333332,0.6873333333333332,0.0
8,E1_PERSONAL_SIGNAL,P14_14D,49.680981264811024,0.033120654176540684,0.484,0.5016317958336699,0.5347524500102107,0.304,0.5433333333333332,0.716,0.0
8,E2_MIXED,C3_9D,24.01807804777993,0.016012052031853286,0.502,0.5170646724577322,0.5330767244895855,0.084,0.5433333333333332,0.7473333333333334,0.0
8,E2_MIXED,P14_14D,33.09246697504515,0.022061644650030098,0.5,0.5110150798395554,0.5330767244895855,0.30466666666666664,0.5433333333333332,0.708,0.0
9,E0_NO_PERSONAL_SIGNAL,C3_9D,15.321125170230292,0.010214083446820196,0.572,0.5384010042378973,0.5486150876847175,0.09533333333333333,0.5573333333333332,0.818,0.0
9,E0_NO_PERSONAL_SIGNAL,P14_14D,20.74885544732245,0.013832570298214966,0.566,0.5347825173865025,0.5486150876847175,0.208,0.5573333333333332,0.7733333333333332,0.0
9,E1_PERSONAL_SIGNAL,C3_9D,59.461076620372694,0.039640717746915126,0.532,0.4981210717395394,0.5377617894864545,0.122,0.5573333333333332,0.668,0.0
9,E1_PERSONAL_SIGNAL,P14_14D,52.92328313707048,0.035282188758046985,0.54,0.5024796007284076,0.5377617894864545,0.21733333333333332,0.5573333333333332,0.6906666666666667,0.0
9,E2_MIXED,C3_9D,22.950588208369254,0.015300392138912836,0.556,0.518049602801878,0.5333499949407909,0.094,0.5573333333333332,0.742,0.0
9,E2_MIXED,P14_14D,26.76917442620979,0.01784611628413986,0.552,0.5155038786566509,0.5333499949407909,0.20933333333333332,0.5573333333333332,0.7226666666666667,0.0
10,E0_NO_PERSONAL_SIGNAL,C3_9D,15.500552237827723,0.01033370149188515,0.536,0.5384414939766275,0.5487751954685126,0.11266666666666665,0.5626666666666666,0.8193333333333334,0.0
10,E0_NO_PERSONAL_SIGNAL,P14_14D,29.150826634533296,0.019433884423022196,0.526,0.5293413110454904,0.5487751954685126,0.12466666666666666,0.5626666666666666,0.726,0.0
10,E1_PERSONAL_SIGNAL,C3_9D,60.22254286741428,0.04014836191160952,0.506,0.5021371969858438,0.5422855588974533,0.094,0.5626666666666666,0.6646666666666666,0.0
10,E1_PERSONAL_SIGNAL,P14_14D,50.96790107546321,0.03397860071697548,0.512,0.5083069581804779,0.5422855588974533,0.12866666666666665,0.5626666666666666,0.702,0.0
10,E2_MIXED,C3_9D,23.717399354300564,0.015811599569533707,0.524,0.5194849065659558,0.5352965061354896,0.06933333333333333,0.5626666666666666,0.7466666666666666,0.0
10,E2_MIXED,P14_14D,28.2786981041708,0.018852465402780533,0.52,0.516444040732709,0.5352965061354896,0.12,0.5626666666666666,0.7173333333333333,0.0
11,E0_NO_PERSONAL_SIGNAL,C3_9D,15.41811390054686,0.010278742600364573,0.568,0.5401421135018895,0.550420856102254,0.186,0.5533333333333332,0.8233333333333334,0.0
11,E0_NO_PERSONAL_SIGNAL,P14_14D,23.22647428397559,0.01548431618931706,0.564,0.534936539912937,0.550420856102254,0.106,0.5533333333333332,0.772,0.0
11,E1_PERSONAL_SIGNAL,C3_9D,56.68951737699286,0.037793011584661904,0.52,0.4986777565049261,0.5364707680895879,0.214,0.5533333333333332,0.686,0.0
11,E1_PERSONAL_SIGNAL,P14_14D,43.32368222651811,0.02888245481767874,0.534,0.5075883132719092,0.5364707680895879,0.2793333333333333,0.5533333333333332,0.7286666666666666,0.0
11,E2_MIXED,C3_9D,23.41903336762953,0.01561268891175302,0.54,0.5178735662425213,0.5334862551542743,0.22,0.5533333333333332,0.7466666666666666,0.0
11,E2_MIXED,P14_14D,19.864460689504302,0.01324297379300287,0.544,0.5202432813612714,0.5334862551542743,0.222,0.5533333333333332,0.7706666666666666,0.0
12,E0_NO_PERSONAL_SIGNAL,C3_9D,17.175265932340515,0.01145017728822701,0.524,0.5363108852179599,0.547761062506187,0.1973333333333333,0.55,0.8,0.0
12,E0_NO_PERSONAL_SIGNAL,P14_14D,24.334507223695084,0.01622300481579672,0.516,0.5315380576903902,0.547761062506187,0.218,0.55,0.76,0.0
12,E1_PERSONAL_SIGNAL,C3_9D,56.6767646070466,0.03778450973803107,0.478,0.49593046710645183,0.5337149768444829,0.15733333333333333,0.55,0.6726666666666666,0.0
12,E1_PERSONAL_SIGNAL,P14_14D,38.50550763944382,0.02567033842629588,0.49,0.508044638418187,0.5337149768444829,0.2333333333333333,0.55,0.738,0.0
12,E2_MIXED,C3_9D,24.176594987617655,0.0161177299917451,0.504,0.5151931134509594,0.5313108434427045,0.15533333333333332,0.55,0.7413333333333333,0.0
12,E2_MIXED,P14_14D,24.694504295433703,0.016463002863622466,0.496,0.514847840579082,0.5313108434427045,0.22866666666666666,0.55,0.732,0.0
13,E0_NO_PERSONAL_SIGNAL,C3_9D,16.414323184161027,0.010942882122774018,0.542,0.5356440973610801,0.5465869794838542,0.184,0.5493333333333332,0.8033333333333333,0.0
13,E0_NO_PERSONAL_SIGNAL,P14_14D,30.387914476869412,0.020258609651246276,0.536,0.5263283698326079,0.5465869794838542,0.19133333333333333,0.5493333333333332,0.7,0.0
13,E1_PERSONAL_SIGNAL,C3_9D,55.33692384337851,0.03689128256225233,0.516,0.49832433699793,0.5352156195601824,0.1353333333333333,0.5493333333333332,0.6766666666666666,0.0
13,E1_PERSONAL_SIGNAL,P14_14D,52.91178038787563,0.035274520258583755,0.518,0.4999410993015986,0.5352156195601824,0.17866666666666667,0.5493333333333332,0.686,0.0
13,E2_MIXED,C3_9D,25.386311040439285,0.016924207360292858,0.536,0.5152502237792738,0.5321744311395665,0.19066666666666665,0.5493333333333332,0.7353333333333333,0.0
13,E2_MIXED,P14_14D,26.031223441069205,0.017354148960712804,0.53,0.5148202821788538,0.5321744311395665,0.22,0.5493333333333332,0.7166666666666667,0.0
14,E0_NO_PERSONAL_SIGNAL,C3_9D,18.114444067126993,0.01207629604475133,0.544,0.5369339620589111,0.5490102581036624,0.14266666666666666,0.5566666666666666,0.8026666666666666,0.0
14,E0_NO_PERSONAL_SIGNAL,P14_14D,22.583665980236827,0.015055777320157886,0.542,0.5339544807835046,0.5490102581036624,0.14666666666666667,0.5566666666666666,0.7893333333333333,0.0
14,E1_PERSONAL_SIGNAL,C3_9D,57.76087853046449,0.03850725235364299,0.5,0.4947998650167113,0.5333071173703543,0.058666666666666666,0.5566666666666666,0.666,0.0
14,E1_PERSONAL_SIGNAL,P14_14D,55.98098335716132,0.03732065557144088,0.498,0.49598646179891337,0.5333071173703543,0.26,0.5566666666666666,0.68,0.0
14,E2_MIXED,C3_9D,27.13449816369063,0.01808966544246042,0.522,0.5140681247382665,0.5321577901807268,0.07133333333333333,0.5566666666666666,0.7253333333333334,0.0
14,E2_MIXED,P14_14D,25.91794507223895,0.0172786300481593,0.526,0.5148791601325675,0.5321577901807268,0.20933333333333332,0.5566666666666666,0.738,0.0
15,E0_NO_PERSONAL_SIGNAL,C3_9D,20.27826459139087,0.013518843060927243,0.552,0.5342940203433482,0.5478128634042755,0.098,0.5593333333333332,0.7806666666666666,0.0
15,E0_NO_PERSONAL_SIGNAL,P14_14D,26.096110209145348,0.017397406806096898,0.55,0.5304154565981786,0.5478128634042755,0.22066666666666665,0.5593333333333332,0.7506666666666666,0.0
15,E1_PERSONAL_SIGNAL,C3_9D,53.45924777831382,0.035639498518875885,0.528,0.5005045932551172,0.536144091773993,0.12733333333333333,0.5593333333333332,0.69,0.0
15,E1_PERSONAL_SIGNAL,P14_14D,52.397872733830106,0.034931915155886735,0.544,0.5012121766181064,0.536144091773993,0.24333333333333332,0.5593333333333332,0.6966666666666667,0.0
15,E2_MIXED,C3_9D,22.357615305923908,0.01490507687061594,0.546,0.5174053901934795,0.5323104670640956,0.08,0.5593333333333332,0.7546666666666666,0.0
15,E2_MIXED,P14_14D,31.75629120640411,0.02117086080426941,0.538,0.511139606259826,0.5323104670640956,0.21333333333333332,0.5593333333333332,0.7026666666666667,0.0
16,E0_NO_PERSONAL_SIGNAL,C3_9D,11.831249043296213,0.007887499362197476,0.536,0.540777898905744,0.5486653982679415,0.07533333333333334,0.5466666666666666,0.8366666666666667,0.0
16,E0_NO_PERSONAL_SIGNAL,P14_14D,20.48461804285421,0.013656412028569471,0.538,0.535008986239372,0.5486653982679415,0.21533333333333332,0.5466666666666666,0.782,0.0
16,E1_PERSONAL_SIGNAL,C3_9D,56.873448559776804,0.03791563237318454,0.488,0.4984428627623053,0.5363584951354897,0.07933333333333333,0.5466666666666666,0.6793333333333332,0.0
16,E1_PERSONAL_SIGNAL,P14_14D,40.79698339499547,0.027197988929996978,0.502,0.5091605062054928,0.5363584951354897,0.20266666666666666,0.5466666666666666,0.7246666666666667,0.0
16,E2_MIXED,C3_9D,19.697294133029448,0.013131529422019632,0.516,0.5202609959347815,0.5333925253568012,0.08133333333333333,0.5466666666666666,0.7673333333333334,0.0
16,E2_MIXED,P14_14D,21.71683238638739,0.014477888257591595,0.51,0.5189146370992096,0.5333925253568012,0.17666666666666667,0.5466666666666666,0.7566666666666666,0.0
17,E0_NO_PERSONAL_SIGNAL,C3_9D,20.049265229905007,0.013366176819936671,0.496,0.5341715534799294,0.547537730299866,0.084,0.5406666666666666,0.7973333333333333,0.0
17,E0_NO_PERSONAL_SIGNAL,P14_14D,27.347456029383807,0.01823163735292254,0.492,0.5293060929469434,0.547537730299866,0.27,0.5406666666666666,0.7666666666666666,0.0
17,E1_PERSONAL_SIGNAL,C3_9D,56.04224994133764,0.037361499960891754,0.452,0.49794208049979644,0.5353035804606882,0.1993333333333333,0.5406666666666666,0.6833333333333332,0.0
17,E1_PERSONAL_SIGNAL,P14_14D,50.406809258146325,0.03360453950543089,0.444,0.5016990409552573,0.5353035804606882,0.238,0.5406666666666666,0.694,0.0
17,E2_MIXED,C3_9D,22.55771291738958,0.015038475278259722,0.476,0.5167698332151854,0.5318083084934452,0.17266666666666666,0.5406666666666666,0.75,0.0
17,E2_MIXED,P14_14D,25.35148724463538,0.016900991496423587,0.478,0.5149073169970215,0.5318083084934452,0.2613333333333333,0.5406666666666666,0.7346666666666666,0.0
18,E0_NO_PERSONAL_SIGNAL,C3_9D,22.872255332697545,0.015248170221798365,0.574,0.5329488078119881,0.5481969780337864,0.15266666666666664,0.558,0.778,0.0
18,E0_NO_PERSONAL_SIGNAL,P14_14D,28.514557285935304,0.019009704857290203,0.566,0.5291872731764962,0.5481969780337864,0.224,0.558,0.7546666666666666,0.0
18,E1_PERSONAL_SIGNAL,C3_9D,55.168462875359474,0.036778975250239654,0.53,0.4967165003554621,0.5334954756057018,0.042,0.558,0.682,0.0
18,E1_PERSONAL_SIGNAL,P14_14D,50.6921999171409,0.033794799944760597,0.53,0.4997006756609412,0.5334954756057018,0.18666666666666665,0.558,0.6926666666666667,0.0
18,E2_MIXED,C3_9D,23.986033336663624,0.015990688891109082,0.548,0.5155800876687525,0.5315707765598616,0.128,0.558,0.7433333333333333,0.0
18,E2_MIXED,P14_14D,28.73444347235481,0.019156295648236538,0.552,0.5124144809116251,0.5315707765598616,0.272,0.558,0.7173333333333333,0.0
19,E0_NO_PERSONAL_SIGNAL,C3_9D,19.078730510671356,0.012719153673780905,0.548,0.5362295915052978,0.5489487451790787,0.12133333333333333,0.5413333333333332,0.7986666666666666,0.0
19,E0_NO_PERSONAL_SIGNAL,P14_14D,28.918039716322475,0.019278693144214983,0.544,0.5296700520348637,0.5489487451790787,0.162,0.5413333333333332,0.7466666666666666,0.0
19,E1_PERSONAL_SIGNAL,C3_9D,55.43776644583006,0.0369585109638867,0.514,0.49875087736578344,0.5357093883296701,0.11866666666666666,0.5413333333333332,0.6773333333333332,0.0
19,E1_PERSONAL_SIGNAL,P14_14D,46.293999254840585,0.030862666169893724,0.516,0.5048467221597764,0.5357093883296701,0.21,0.5413333333333332,0.714,0.0
19,E2_MIXED,C3_9D,22.198356815363013,0.01479890454357534,0.526,0.5180337752923972,0.5328326798359725,0.14066666666666666,0.5413333333333332,0.7546666666666666,0.0
19,E2_MIXED,P14_14D,22.268211748492295,0.014845474498994862,0.532,0.5179872053369777,0.5328326798359725,0.146,0.5413333333333332,0.7413333333333334,0.0
20,E0_NO_PERSONAL_SIGNAL,C3_9D,10.135181215564248,0.0067567874770428325,0.54,0.5396587371165076,0.5464155245935505,0.09066666666666666,0.542,0.8633333333333334,0.0
20,E0_NO_PERSONAL_SIGNAL,P14_14D,26.81484641616989,0.017876564277446595,0.53,0.5285389603161038,0.5464155245935505,0.216,0.542,0.7606666666666666,0.0
20,E1_PERSONAL_SIGNAL,C3_9D,52.95890508044184,0.03530593672029456,0.5,0.503134099332208,0.5384400360525025,0.11133333333333333,0.542,0.6973333333333332,0.0
20,E1_PERSONAL_SIGNAL,P14_14D,52.553327407574905,0.03503555160504994,0.51,0.5034044844474526,0.5384400360525025,0.2293333333333333,0.542,0.6886666666666666,0.0
20,E2_MIXED,C3_9D,19.093442992094495,0.012728961994729664,0.53,0.5206074873660806,0.5333364493608104,0.09133333333333332,0.542,0.7793333333333333,0.0
20,E2_MIXED,P14_14D,24.001785096697866,0.016001190064465244,0.52,0.517335259296345,0.5333364493608104,0.16466666666666666,0.542,0.7513333333333334,0.0
21,E0_NO_PERSONAL_SIGNAL,C3_9D,16.528777346194026,0.011019184897462685,0.572,0.5352430755234298,0.5462622604208924,0.116,0.548,0.7986666666666666,0.0
21,E0_NO_PERSONAL_SIGNAL,P14_14D,20.456082174704562,0.013637388116469707,0.566,0.5326248723044228,0.5462622604208924,0.21533333333333332,0.548,0.7846666666666666,0.0
21,E1_PERSONAL_SIGNAL,C3_9D,55.08347410547033,0.03672231607031355,0.508,0.5004200065679424,0.5371423226382559,0.20066666666666666,0.548,0.6873333333333332,0.0
21,E1_PERSONAL_SIGNAL,P14_14D,46.171018554002984,0.030780679036001988,0.512,0.506361643602254,0.5371423226382559,0.2053333333333333,0.548,0.712,0.0
21,E2_MIXED,C3_9D,23.03717422336726,0.015358116148911506,0.544,0.5173060891422336,0.5326642052911452,0.09266666666666666,0.548,0.76,0.0
21,E2_MIXED,P14_14D,21.024595143430204,0.014016396762286804,0.542,0.5186478085288584,0.5326642052911452,0.1673333333333333,0.548,0.762,0.0
22,E0_NO_PERSONAL_SIGNAL,C3_9D,16.89546784125728,0.011263645227504851,0.538,0.5368452504676714,0.5481088956951762,0.29533333333333334,0.5633333333333332,0.7986666666666666,0.0
22,E0_NO_PERSONAL_SIGNAL,P14_14D,30.433222380466095,0.020288814920310733,0.534,0.5278200807748654,0.5481088956951762,0.3453333333333333,0.5633333333333332,0.7133333333333334,0.0
22,E1_PERSONAL_SIGNAL,C3_9D,59.40122702634211,0.03960081801756141,0.498,0.5027632139073009,0.5423640319248624,0.2693333333333333,0.5633333333333332,0.6646666666666666,0.0
22,E1_PERSONAL_SIGNAL,P14_14D,52.0564999881869,0.034704333325457935,0.508,0.5076596985994044,0.5423640319248624,0.28933333333333333,0.5633333333333332,0.6926666666666667,0.0
22,E2_MIXED,C3_9D,24.21049507952688,0.016140330053017918,0.516,0.5191320561177468,0.5352723861707648,0.29733333333333334,0.5633333333333332,0.7426666666666666,0.0
22,E2_MIXED,P14_14D,29.31348096216592,0.01954232064144395,0.516,0.5157300655293209,0.5352723861707648,0.34,0.5633333333333332,0.6993333333333333,0.0
23,E0_NO_PERSONAL_SIGNAL,C3_9D,7.866081123013943,0.005244054082009296,0.572,0.5419034070039003,0.5471474610859095,0.146,0.5373333333333332,0.8706666666666666,0.0
23,E0_NO_PERSONAL_SIGNAL,P14_14D,29.585797651193353,0.019723865100795566,0.552,0.5274235959851139,0.5471474610859095,0.286,0.5373333333333332,0.7313333333333333,0.0
23,E1_PERSONAL_SIGNAL,C3_9D,49.60036115680812,0.033066907437872085,0.526,0.5054368202255124,0.5385037276633844,0.152,0.5373333333333332,0.6946666666666667,0.0
23,E1_PERSONAL_SIGNAL,P14_14D,48.04263015698087,0.03202842010465392,0.532,0.5064753075587305,0.5385037276633844,0.274,0.5373333333333332,0.708,0.0
23,E2_MIXED,C3_9D,17.215175379416465,0.011476783586277644,0.548,0.5228536871400344,0.5343304707263121,0.13266666666666665,0.5373333333333332,0.7866666666666666,0.0
23,E2_MIXED,P14_14D,23.9400001338075,0.015960000089205,0.542,0.5183704706371072,0.5343304707263121,0.31,0.5373333333333332,0.7473333333333333,0.0
24,E0_NO_PERSONAL_SIGNAL,C3_9D,21.386958291088497,0.014257972194058997,0.526,0.534595923887906,0.548853896081965,0.11,0.5693333333333332,0.7813333333333333,0.0
24,E0_NO_PERSONAL_SIGNAL,P14_14D,18.902857487827173,0.012601904991884783,0.534,0.5362519910900803,0.548853896081965,0.19866666666666666,0.5693333333333332,0.8126666666666666,0.0
24,E1_PERSONAL_SIGNAL,C3_9D,54.923929502555204,0.03661595300170346,0.498,0.5019214672840867,0.5385374202857902,0.09333333333333332,0.5693333333333332,0.6773333333333332,0.0
24,E1_PERSONAL_SIGNAL,P14_14D,53.92869704743811,0.03595246469829207,0.496,0.5025849555874982,0.5385374202857902,0.24133333333333332,0.5693333333333332,0.692,0.0
24,E2_MIXED,C3_9D,24.16571818289844,0.01611047878859896,0.506,0.5171520318889113,0.5332625106775103,0.12933333333333333,0.5693333333333332,0.7406666666666666,0.0
24,E2_MIXED,P14_14D,23.77942468068268,0.015852949787121786,0.512,0.5174095608903886,0.5332625106775103,0.18133333333333332,0.5693333333333332,0.7453333333333333,0.0
25,E0_NO_PERSONAL_SIGNAL,C3_9D,13.132018405352884,0.008754678936901922,0.51,0.538655652615684,0.5474103315525859,0.17733333333333332,0.5446666666666666,0.8386666666666667,0.0
25,E0_NO_PERSONAL_SIGNAL,P14_14D,24.198425271080026,0.016132283514053353,0.492,0.5312780480385327,0.5474103315525859,0.1353333333333333,0.5446666666666666,0.7786666666666666,0.0
25,E1_PERSONAL_SIGNAL,C3_9D,55.02597380068191,0.03668398253378794,0.46,0.4983784453131875,0.5350624278469754,0.21933333333333332,0.5446666666666666,0.6973333333333332,0.0
25,E1_PERSONAL_SIGNAL,P14_14D,33.934600804709355,0.02262306720313957,0.484,0.5124393606438358,0.5350624278469754,0.306,0.5446666666666666,0.76,0.0
25,E2_MIXED,C3_9D,17.899460887846686,0.011932973925231124,0.486,0.5204360641875168,0.5323690381127478,0.192,0.5446666666666666,0.7886666666666666,0.0
25,E2_MIXED,P14_14D,23.091095145031193,0.015394063430020795,0.48,0.516974974682727,0.5323690381127478,0.16866666666666666,0.5446666666666666,0.7606666666666666,0.0
26,E0_NO_PERSONAL_SIGNAL,C3_9D,11.671315782836688,0.007780877188557793,0.55,0.5412992843480819,0.5490801615366399,0.1393333333333333,0.5793333333333333,0.8486666666666667,0.0
26,E0_NO_PERSONAL_SIGNAL,P14_14D,21.553426981111283,0.014368951320740855,0.542,0.534711210215899,0.5490801615366399,0.20266666666666666,0.5793333333333333,0.7966666666666666,0.0
26,E1_PERSONAL_SIGNAL,C3_9D,59.04754613200802,0.039365030754672015,0.502,0.49949244793295805,0.5388574786876301,0.15733333333333333,0.5793333333333333,0.6633333333333332,0.0
26,E1_PERSONAL_SIGNAL,P14_14D,47.46001745181316,0.03164001163454211,0.522,0.507217467053088,0.5388574786876301,0.2753333333333333,0.5793333333333333,0.7113333333333334,0.0
26,E2_MIXED,C3_9D,22.611123257285985,0.01507408217152399,0.526,0.5183329994346764,0.5334070816062003,0.20266666666666666,0.5793333333333333,0.7393333333333334,0.0
26,E2_MIXED,P14_14D,24.77546827480516,0.016516978849870106,0.516,0.5168901027563303,0.5334070816062003,0.2733333333333333,0.5793333333333333,0.7333333333333334,0.0
27,E0_NO_PERSONAL_SIGNAL,C3_9D,19.52387287567186,0.013015915250447907,0.534,0.5340377452727884,0.5470536605232363,0.05,0.558,0.782,0.0
27,E0_NO_PERSONAL_SIGNAL,P14_14D,30.911272279291943,0.020607514852861296,0.524,0.5264461456703751,0.5470536605232363,0.264,0.558,0.7346666666666666,0.0
27,E1_PERSONAL_SIGNAL,C3_9D,53.0582514947979,0.0353721676631986,0.482,0.5001637353918821,0.5355359030550807,0.058,0.558,0.6873333333333332,0.0
27,E1_PERSONAL_SIGNAL,P14_14D,43.25308311968616,0.02883538874645744,0.5,0.5067005143086232,0.5355359030550807,0.26,0.558,0.7253333333333334,0.0
27,E2_MIXED,C3_9D,23.889590339881202,0.0159263935599208,0.518,0.5161713522478133,0.5320977458077341,0.07666666666666666,0.558,0.746,0.0
27,E2_MIXED,P14_14D,35.830473860597365,0.02388698257373158,0.51,0.5082107632340025,0.5320977458077341,0.252,0.558,0.688,0.0
28,E0_NO_PERSONAL_SIGNAL,C3_9D,16.9832297837608,0.011322153189173867,0.5,0.5357410114101752,0.547063164599349,0.05933333333333333,0.5426666666666666,0.814,0.0
28,E0_NO_PERSONAL_SIGNAL,P14_14D,24.303372564292342,0.016202248376194894,0.496,0.5308609162231541,0.547063164599349,0.21,0.5426666666666666,0.7666666666666666,0.0
28,E1_PERSONAL_SIGNAL,C3_9D,53.78181010212207,0.035854540068081385,0.46,0.49960523166549387,0.5354597717335753,0.07,0.5426666666666666,0.6846666666666666,0.0
28,E1_PERSONAL_SIGNAL,P14_14D,48.58511169739811,0.03239007446493207,0.466,0.5030696972686433,0.5354597717335753,0.24933333333333332,0.5426666666666666,0.7086666666666667,0.0
28,E2_MIXED,C3_9D,21.776605057266405,0.014517736704844271,0.478,0.5173957942747017,0.5319135309795461,0.06666666666666665,0.5426666666666666,0.7513333333333334,0.0
28,E2_MIXED,P14_14D,26.681821119512552,0.017787880746341703,0.482,0.5141256502332044,0.5319135309795461,0.2053333333333333,0.5426666666666666,0.7206666666666667,0.0
29,E0_NO_PERSONAL_SIGNAL,C3_9D,14.479077838645962,0.009652718559097308,0.554,0.5382863834425039,0.5479391020016011,0.11,0.5606666666666666,0.8193333333333334,0.0
29,E0_NO_PERSONAL_SIGNAL,P14_14D,24.588800123318194,0.01639253341554546,0.548,0.5315465685860556,0.5479391020016011,0.21133333333333332,0.5606666666666666,0.796,0.0
29,E1_PERSONAL_SIGNAL,C3_9D,56.63234897514306,0.03775489931676204,0.518,0.4993932199179048,0.5371481192346669,0.15266666666666664,0.5606666666666666,0.6786666666666666,0.0
29,E1_PERSONAL_SIGNAL,P14_14D,43.16827737687106,0.028778851584580708,0.522,0.508369267650086,0.5371481192346669,0.2733333333333333,0.5606666666666666,0.7253333333333334,0.0
29,E2_MIXED,C3_9D,22.256085084235465,0.014837390056156977,0.536,0.5191841859884887,0.5340215760446457,0.14666666666666667,0.5606666666666666,0.7486666666666666,0.0
29,E2_MIXED,P14_14D,20.608544725145716,0.013739029816763811,0.534,0.5202825462278818,0.5340215760446457,0.2553333333333333,0.5606666666666666,0.766,0.0
30,E0_NO_PERSONAL_SIGNAL,C3_9D,17.25751120080267,0.011505007467201782,0.534,0.5372143185124902,0.5487193259796919,0.1933333333333333,0.5333333333333332,0.812,0.0
30,E0_NO_PERSONAL_SIGNAL,P14_14D,24.167922809285145,0.016111948539523427,0.526,0.5326073774401685,0.5487193259796919,0.09333333333333332,0.5333333333333332,0.7666666666666666,0.0
30,E1_PERSONAL_SIGNAL,C3_9D,56.44818617442722,0.03763212411628481,0.496,0.5023461931746935,0.5399783172909783,0.19066666666666665,0.5333333333333332,0.694,0.0
30,E1_PERSONAL_SIGNAL,P14_14D,39.97773266172601,0.026651821774484007,0.502,0.5133264955164943,0.5399783172909783,0.24,0.5333333333333332,0.7393333333333333,0.0
30,E2_MIXED,C3_9D,22.497784245147685,0.014998522830098457,0.512,0.5192371379757568,0.5342356608058554,0.16266666666666665,0.5333333333333332,0.7566666666666666,0.0
30,E2_MIXED,P14_14D,22.686068110274263,0.01512404540684951,0.51,0.5191116153990059,0.5342356608058554,0.12266666666666666,0.5333333333333332,0.7533333333333334,0.0
31,E0_NO_PERSONAL_SIGNAL,C3_9D,7.518452488401328,0.005012301658934218,0.536,0.5431572729473406,0.5481695746062748,0.12533333333333332,0.55,0.8806666666666666,0.0
31,E0_NO_PERSONAL_SIGNAL,P14_14D,17.470379125362815,0.011646919416908545,0.526,0.5365226551893663,0.5481695746062748,0.214,0.55,0.808,0.0
31,E1_PERSONAL_SIGNAL,C3_9D,57.3507052300205,0.03823380348668034,0.5,0.4993317451567854,0.5375655486434657,0.09866666666666665,0.55,0.672,0.0
31,E1_PERSONAL_SIGNAL,P14_14D,47.799549784746254,0.031866366523164165,0.51,0.5056991821203015,0.5375655486434657,0.21266666666666667,0.55,0.7073333333333334,0.0
31,E2_MIXED,C3_9D,18.238597045478222,0.012159064696985482,0.52,0.5217068072376735,0.5338658719346591,0.12933333333333333,0.55,0.79,0.0
31,E2_MIXED,P14_14D,21.459539832393503,0.014306359888262335,0.514,0.5195595120463966,0.5338658719346591,0.20733333333333331,0.55,0.7633333333333334,0.0
32,E0_NO_PERSONAL_SIGNAL,C3_9D,21.80490341988085,0.014536602279920567,0.536,0.5340895725915494,0.5486261748714699,0.07066666666666666,0.5493333333333332,0.7813333333333332,0.0
32,E0_NO_PERSONAL_SIGNAL,P14_14D,21.513202358590604,0.014342134905727067,0.53,0.5342840399657429,0.5486261748714699,0.10333333333333333,0.5493333333333332,0.7873333333333332,0.0
32,E1_PERSONAL_SIGNAL,C3_9D,56.96002519739396,0.03797335013159598,0.506,0.4987848711922086,0.5367582213238045,0.1393333333333333,0.5493333333333332,0.6833333333333332,0.0
32,E1_PERSONAL_SIGNAL,P14_14D,55.56811277089721,0.03704540851393147,0.506,0.49971281280987306,0.5367582213238045,0.11066666666666666,0.5493333333333332,0.6926666666666667,0.0
32,E2_MIXED,C3_9D,26.322644877363963,0.017548429918242642,0.524,0.5155056377764666,0.5330540676947093,0.08733333333333333,0.5493333333333332,0.732,0.0
32,E2_MIXED,P14_14D,24.900887407370966,0.016600591604913978,0.52,0.5164534760897953,0.5330540676947093,0.08533333333333333,0.5493333333333332,0.7373333333333334,0.0
33,E0_NO_PERSONAL_SIGNAL,C3_9D,20.129166304281863,0.013419444202854574,0.524,0.5348634001585368,0.5482828443613914,0.1753333333333333,0.5686666666666667,0.794,0.0
33,E0_NO_PERSONAL_SIGNAL,P14_14D,30.679609526571106,0.020453073017714072,0.51,0.5278297713436774,0.5482828443613914,0.234,0.5686666666666667,0.7353333333333333,0.0
33,E1_PERSONAL_SIGNAL,C3_9D,56.785611142466955,0.037857074094977974,0.492,0.5014843478621024,0.5393414219570803,0.184,0.5686666666666667,0.678,0.0
33,E1_PERSONAL_SIGNAL,P14_14D,55.470097656682285,0.03698006510445486,0.496,0.5023613568526255,0.5393414219570803,0.27,0.5686666666666667,0.6853333333333332,0.0
33,E2_MIXED,C3_9D,23.924752073180688,0.015949834715453793,0.502,0.51848497420723,0.5344348089226838,0.17066666666666666,0.5686666666666667,0.742,0.0
33,E2_MIXED,P14_14D,26.897326803249705,0.01793155120216647,0.504,0.5165032577205173,0.5344348089226838,0.274,0.5686666666666667,0.7273333333333333,0.0
34,E0_NO_PERSONAL_SIGNAL,C3_9D,9.787997283578619,0.006525331522385746,0.554,0.5405411548303248,0.5470664863527105,0.13066666666666665,0.5473333333333333,0.8586666666666666,0.0
34,E0_NO_PERSONAL_SIGNAL,P14_14D,29.331298767614904,0.019554199178409937,0.542,0.5275122871743005,0.5470664863527105,0.19133333333333333,0.5473333333333333,0.7273333333333333,0.0
34,E1_PERSONAL_SIGNAL,C3_9D,53.068388660603254,0.035378925773735505,0.502,0.5023580876887511,0.5377370134624865,0.246,0.5473333333333333,0.7,0.0
34,E1_PERSONAL_SIGNAL,P14_14D,37.89947693349298,0.025266317955661987,0.52,0.5124706955068246,0.5377370134624865,0.2806666666666666,0.5473333333333333,0.7493333333333334,0.0
34,E2_MIXED,C3_9D,19.35650242758927,0.012904334951726179,0.518,0.5205839424941435,0.5334882774458697,0.20466666666666666,0.5473333333333333,0.766,0.0
34,E2_MIXED,P14_14D,23.020216332211152,0.015346810888140768,0.514,0.518141466557729,0.5334882774458697,0.21266666666666667,0.5473333333333333,0.7473333333333334,0.0
35,E0_NO_PERSONAL_SIGNAL,C3_9D,22.25804566378663,0.014838697109191085,0.528,0.5327945709927437,0.5476332681019347,0.16066666666666665,0.548,0.7773333333333333,0.0
35,E0_NO_PERSONAL_SIGNAL,P14_14D,27.554307499277872,0.018369538332851914,0.528,0.5292637297690829,0.5476332681019347,0.21666666666666665,0.548,0.7453333333333334,0.0
35,E1_PERSONAL_SIGNAL,C3_9D,57.76665919266617,0.03851110612844411,0.492,0.49562205271864374,0.5341331588470878,0.041333333333333326,0.548,0.6693333333333332,0.0
35,E1_PERSONAL_SIGNAL,P14_14D,45.46138416633378,0.03030758944422252,0.504,0.5038255694028653,0.5341331588470878,0.2313333333333333,0.548,0.718,0.0
35,E2_MIXED,C3_9D,24.468034751320648,0.0163120231675471,0.51,0.5146095330744739,0.530921556242021,0.048,0.548,0.7326666666666666,0.0
35,E2_MIXED,P14_14D,26.919572976417324,0.01794638198427822,0.504,0.5129751742577427,0.530921556242021,0.242,0.548,0.716,0.0
36,E0_NO_PERSONAL_SIGNAL,C3_9D,17.194324828109664,0.011462883218739776,0.558,0.5366904862442394,0.5481533694629792,0.20066666666666666,0.55,0.8086666666666666,0.0
36,E0_NO_PERSONAL_SIGNAL,P14_14D,36.42699903054284,0.024284666020361893,0.552,0.5238687034426173,0.5481533694629792,0.18733333333333332,0.55,0.7293333333333334,0.0
36,E1_PERSONAL_SIGNAL,C3_9D,54.875912117412675,0.03658394141160845,0.504,0.4982200815073763,0.5348040229189848,0.21933333333333332,0.55,0.6733333333333332,0.0
36,E1_PERSONAL_SIGNAL,P14_14D,50.88064394890968,0.033920429299273115,0.516,0.5008835936197117,0.5348040229189848,0.318,0.55,0.6893333333333332,0.0
36,E2_MIXED,C3_9D,21.613378628254868,0.014408919085503244,0.538,0.517393260456308,0.5318021795418113,0.192,0.55,0.7546666666666666,0.0
36,E2_MIXED,P14_14D,32.76528998859076,0.02184352665906051,0.526,0.5099586528827508,0.5318021795418113,0.37266666666666665,0.55,0.694,0.0
37,E0_NO_PERSONAL_SIGNAL,C3_9D,14.47586064632218,0.009650573764214788,0.54,0.538156486781426,0.5478070605456409,0.166,0.5626666666666666,0.82,0.0
37,E0_NO_PERSONAL_SIGNAL,P14_14D,28.38485241389178,0.018923234942594524,0.538,0.5288838256030463,0.5478070605456409,0.192,0.5626666666666666,0.7386666666666666,0.0
37,E1_PERSONAL_SIGNAL,C3_9D,57.62303697333685,0.03841535798222456,0.492,0.49645251703936044,0.534867875021585,0.15133333333333332,0.5626666666666666,0.6786666666666666,0.0
37,E1_PERSONAL_SIGNAL,P14_14D,48.623740221297886,0.032415826814198585,0.51,0.5024520482073864,0.534867875021585,0.18533333333333332,0.5626666666666666,0.7033333333333333,0.0
37,E2_MIXED,C3_9D,23.293151644198254,0.015528767762798833,0.52,0.5163622437629866,0.5318910115257854,0.1633333333333333,0.5626666666666666,0.7513333333333334,0.0
37,E2_MIXED,P14_14D,28.082013061300533,0.01872134204086702,0.52,0.5131696694849184,0.5318910115257854,0.20933333333333332,0.5626666666666666,0.7146666666666667,0.0
38,E0_NO_PERSONAL_SIGNAL,C3_9D,11.601650849354801,0.007734433899569868,0.57,0.539462752687093,0.5471971865866629,0.14466666666666667,0.5433333333333332,0.8446666666666667,0.0
38,E0_NO_PERSONAL_SIGNAL,P14_14D,26.428734280218254,0.01761915618681217,0.552,0.5295780303998507,0.5471971865866629,0.21333333333333332,0.5433333333333332,0.7426666666666666,0.0
38,E1_PERSONAL_SIGNAL,C3_9D,56.025806000796095,0.03735053733386406,0.53,0.49965881577526666,0.5370093531091308,0.13666666666666666,0.5433333333333332,0.682,0.0
38,E1_PERSONAL_SIGNAL,P14_14D,45.66650808894178,0.03044433872596119,0.526,0.5065650143831696,0.5370093531091308,0.22066666666666665,0.5433333333333332,0.716,0.0
38,E2_MIXED,C3_9D,19.983969355351103,0.013322646236900736,0.546,0.5190054907016121,0.5323281369385128,0.1713333333333333,0.5433333333333332,0.7613333333333334,0.0
38,E2_MIXED,P14_14D,27.65391070914746,0.01843594047276497,0.542,0.5138921964657478,0.5323281369385128,0.2626666666666666,0.5433333333333332,0.7146666666666667,0.0
39,E0_NO_PERSONAL_SIGNAL,C3_9D,18.078794447220133,0.012052529631480088,0.502,0.5341909617412626,0.5462434913727426,0.12733333333333333,0.554,0.7973333333333333,0.0
39,E0_NO_PERSONAL_SIGNAL,P14_14D,25.51278547853285,0.017008523652355233,0.494,0.5292349677203875,0.5462434913727426,0.2053333333333333,0.554,0.778,0.0
39,E1_PERSONAL_SIGNAL,C3_9D,55.41083840515823,0.03694055893677216,0.468,0.50033374756587,0.5372743065026423,0.10533333333333333,0.554,0.7013333333333333,0.0
39,E1_PERSONAL_SIGNAL,P14_14D,53.69374100961049,0.03579582733974033,0.472,0.5014784791629019,0.5372743065026423,0.16666666666666666,0.554,0.7,0.0
39,E2_MIXED,C3_9D,26.17453843257754,0.017449692288385027,0.478,0.515259260429689,0.5327089527180741,0.124,0.554,0.7286666666666666,0.0
39,E2_MIXED,P14_14D,24.86302056404789,0.016575347042698592,0.476,0.5161336056753755,0.5327089527180741,0.1693333333333333,0.554,0.7506666666666666,0.0
40,E0_NO_PERSONAL_SIGNAL,C3_9D,12.210572451923802,0.008140381634615869,0.514,0.5399385194872515,0.5480789011218674,0.152,0.5706666666666667,0.8506666666666667,0.0
40,E0_NO_PERSONAL_SIGNAL,P14_14D,40.2886906768263,0.0268591271178842,0.484,0.5212197740039831,0.5480789011218674,0.17266666666666666,0.5706666666666667,0.6946666666666667,0.0
40,E1_PERSONAL_SIGNAL,C3_9D,56.97270521180385,0.0379818034745359,0.482,0.5009914620287448,0.5389732655032807,0.10333333333333333,0.5706666666666667,0.676,0.0
40,E1_PERSONAL_SIGNAL,P14_14D,53.30638265553737,0.03553758843702491,0.48,0.5034356770662558,0.5389732655032807,0.18733333333333332,0.5706666666666667,0.696,0.0
40,E2_MIXED,C3_9D,24.159735661972327,0.01610649044131488,0.49,0.5179005813101906,0.5340070717515054,0.086,0.5706666666666667,0.734,0.0
40,E2_MIXED,P14_14D,33.518685710976015,0.022345790473984006,0.484,0.5116612812775214,0.5340070717515054,0.1713333333333333,0.5706666666666667,0.694,0.0
41,E0_NO_PERSONAL_SIGNAL,C3_9D,14.299821381446536,0.009533214254297692,0.536,0.5397367678133149,0.5492699820676127,0.1693333333333333,0.5746666666666667,0.822,0.0
41,E0_NO_PERSONAL_SIGNAL,P14_14D,32.03765554841235,0.021358437032274902,0.522,0.5279115450353378,0.5492699820676127,0.22066666666666665,0.5746666666666667,0.7506666666666666,0.0
41,E1_PERSONAL_SIGNAL,C3_9D,64.59942775741129,0.04306628517160753,0.488,0.4969167885336634,0.539983073705271,0.1753333333333333,0.5746666666666667,0.6486666666666666,0.0
41,E1_PERSONAL_SIGNAL,P14_14D,47.9271231263161,0.031951415417544066,0.498,0.5080316582877269,0.539983073705271,0.224,0.5746666666666667,0.7053333333333334,0.0
41,E2_MIXED,C3_9D,23.07803746884046,0.015385358312560306,0.51,0.5179387360411368,0.5333240943536972,0.16,0.5746666666666667,0.7333333333333334,0.0
41,E2_MIXED,P14_14D,30.94134191024698,0.020627561273497984,0.508,0.5126965330801991,0.5333240943536972,0.18933333333333333,0.5746666666666667,0.6893333333333332,0.0
42,E0_NO_PERSONAL_SIGNAL,C3_9D,22.42856638465182,0.014952377589767881,0.556,0.5349894532858455,0.5499418308756133,0.13866666666666666,0.546,0.772,0.0
42,E0_NO_PERSONAL_SIGNAL,P14_14D,41.18573602220763,0.02745715734813842,0.544,0.522484673527475,0.5499418308756133,0.272,0.546,0.6813333333333332,0.0
42,E1_PERSONAL_SIGNAL,C3_9D,57.93928676333397,0.03862619117555598,0.53,0.49862806840870577,0.5372542595842618,0.14066666666666666,0.546,0.6773333333333332,0.0
42,E1_PERSONAL_SIGNAL,P14_14D,45.71909979321329,0.030479399862142192,0.532,0.5067748597221196,0.5372542595842618,0.3313333333333333,0.546,0.7213333333333334,0.0
42,E2_MIXED,C3_9D,26.730587335543785,0.017820391557029188,0.544,0.5162266170709138,0.5340470086279429,0.11,0.546,0.7293333333333334,0.0
42,E2_MIXED,P14_14D,33.138937104739945,0.022092624736493295,0.536,0.5119543838914496,0.5340470086279429,0.318,0.546,0.6926666666666667,0.0
43,E0_NO_PERSONAL_SIGNAL,C3_9D,12.704168267829132,0.008469445511886088,0.516,0.5388305246695091,0.5472999701813952,0.1753333333333333,0.5513333333333333,0.8306666666666667,0.0
43,E0_NO_PERSONAL_SIGNAL,P14_14D,14.82870102269311,0.009885800681795405,0.518,0.5374141694995997,0.5472999701813952,0.148,0.5513333333333333,0.8186666666666667,0.0
43,E1_PERSONAL_SIGNAL,C3_9D,55.851048966762335,0.037234032644508225,0.484,0.4977090189974658,0.534943051641974,0.16,0.5513333333333333,0.6746666666666666,0.0
43,E1_PERSONAL_SIGNAL,P14_14D,47.08990288380154,0.03139326858920103,0.496,0.503549783052773,0.534943051641974,0.15333333333333332,0.5513333333333333,0.7173333333333333,0.0
43,E2_MIXED,C3_9D,18.960463037401333,0.012640308691600887,0.502,0.5195654776837347,0.5322057863753356,0.15466666666666665,0.5513333333333333,0.77,0.0
43,E2_MIXED,P14_14D,19.402372735359688,0.01293491515690646,0.502,0.5192708712184292,0.5322057863753356,0.13066666666666665,0.5513333333333333,0.768,0.0
44,E0_NO_PERSONAL_SIGNAL,C3_9D,19.96359584552541,0.013309063897016941,0.54,0.535331976908716,0.548641040805733,0.07333333333333333,0.5486666666666666,0.794,0.0
44,E0_NO_PERSONAL_SIGNAL,P14_14D,23.352029480669422,0.015568019653779616,0.54,0.5330730211519533,0.548641040805733,0.16066666666666665,0.5486666666666666,0.7786666666666666,0.0
44,E1_PERSONAL_SIGNAL,C3_9D,54.70628078768965,0.03647085385845976,0.514,0.4947953774940252,0.531266231352485,0.13,0.5486666666666666,0.6706666666666666,0.0
44,E1_PERSONAL_SIGNAL,P14_14D,57.85757525370256,0.03857171683580171,0.522,0.4926945145166833,0.531266231352485,0.138,0.5486666666666666,0.662,0.0
44,E2_MIXED,C3_9D,22.792498317096094,0.015194998878064064,0.528,0.5152720871921294,0.5304670860701933,0.12066666666666666,0.5486666666666666,0.748,0.0
44,E2_MIXED,P14_14D,24.629838455829443,0.016419892303886297,0.522,0.514047193766307,0.5304670860701933,0.12733333333333333,0.5486666666666666,0.732,0.0
45,E0_NO_PERSONAL_SIGNAL,C3_9D,14.305445959914623,0.009536963973276417,0.552,0.5383143212793651,0.5478512852526416,0.12666666666666665,0.5526666666666666,0.8313333333333334,0.0
45,E0_NO_PERSONAL_SIGNAL,P14_14D,32.456978451608435,0.021637985634405624,0.542,0.5262132996182359,0.5478512852526416,0.2733333333333333,0.5526666666666666,0.7566666666666666,0.0
45,E1_PERSONAL_SIGNAL,C3_9D,55.60267528129405,0.03706845018752936,0.524,0.5020711224066116,0.539139572594141,0.12733333333333333,0.5526666666666666,0.676,0.0
45,E1_PERSONAL_SIGNAL,P14_14D,49.07912982747884,0.03271941988498589,0.534,0.5064201527091551,0.539139572594141,0.2573333333333333,0.5526666666666666,0.6853333333333333,0.0
45,E2_MIXED,C3_9D,24.91634737489328,0.01661089824992885,0.526,0.5179076294509207,0.5345185277008496,0.18466666666666665,0.5526666666666666,0.7353333333333333,0.0
45,E2_MIXED,P14_14D,28.23988776558403,0.018826591843722686,0.518,0.5156919358571268,0.5345185277008496,0.25866666666666666,0.5526666666666666,0.732,0.0
46,E0_NO_PERSONAL_SIGNAL,C3_9D,16.61048534594518,0.011073656897296787,0.558,0.537105685791259,0.5481793426885557,0.17733333333333332,0.55,0.8153333333333334,0.0
46,E0_NO_PERSONAL_SIGNAL,P14_14D,22.115643841055995,0.014743762560703998,0.556,0.5334355801278517,0.5481793426885557,0.1733333333333333,0.55,0.774,0.0
46,E1_PERSONAL_SIGNAL,C3_9D,56.414237064728404,0.0376094913764856,0.518,0.49662514304857136,0.5342346344250569,0.17866666666666667,0.55,0.682,0.0
46,E1_PERSONAL_SIGNAL,P14_14D,50.21996894690814,0.033479979297938764,0.514,0.5007546551271183,0.5342346344250569,0.134,0.55,0.7006666666666667,0.0
46,E2_MIXED,C3_9D,23.541365035509223,0.01569424335700615,0.538,0.5160473566447035,0.5317416000017096,0.2353333333333333,0.55,0.7393333333333334,0.0
46,E2_MIXED,P14_14D,22.912472754358546,0.015274981836239033,0.536,0.5164666181654706,0.5317416000017096,0.08933333333333333,0.55,0.758,0.0
47,E0_NO_PERSONAL_SIGNAL,C3_9D,21.280754451714714,0.014187169634476476,0.51,0.5339871161193163,0.5481742857537928,0.08666666666666666,0.564,0.772,0.0
47,E0_NO_PERSONAL_SIGNAL,P14_14D,19.078746675061595,0.012719164450041063,0.514,0.5354551213037516,0.5481742857537928,0.21733333333333332,0.564,0.8006666666666666,0.0
47,E1_PERSONAL_SIGNAL,C3_9D,57.25689557730336,0.03817126371820224,0.492,0.5022935379020155,0.5404648016202177,0.09866666666666665,0.564,0.6626666666666666,0.0
47,E1_PERSONAL_SIGNAL,P14_14D,49.621322099155485,0.03308088139943699,0.494,0.5073839202207807,0.5404648016202177,0.20866666666666667,0.564,0.704,0.0
47,E2_MIXED,C3_9D,24.568751013149285,0.016379167342099526,0.506,0.5182070576209173,0.5345862249630169,0.08733333333333333,0.564,0.732,0.0
47,E2_MIXED,P14_14D,20.097641151869933,0.013398427434579955,0.504,0.5211877975284369,0.5345862249630169,0.1373333333333333,0.564,0.7553333333333334,0.0
48,E0_NO_PERSONAL_SIGNAL,C3_9D,13.656304123066512,0.009104202748711007,0.54,0.5387085236820028,0.5478127264307139,0.07533333333333334,0.5353333333333332,0.84,0.0
48,E0_NO_PERSONAL_SIGNAL,P14_14D,23.536545810454825,0.015691030540303217,0.534,0.5321216958904106,0.5478127264307139,0.1653333333333333,0.5353333333333332,0.778,0.0
48,E1_PERSONAL_SIGNAL,C3_9D,56.16594196333293,0.03744396130888863,0.514,0.49588087998491615,0.5333248412938048,0.092,0.5353333333333332,0.6893333333333332,0.0
48,E1_PERSONAL_SIGNAL,P14_14D,52.464894638591126,0.03497659642572742,0.512,0.49834824486807733,0.5333248412938048,0.172,0.5353333333333332,0.6986666666666667,0.0
48,E2_MIXED,C3_9D,21.93279529671759,0.014621863531145057,0.53,0.5170281033850319,0.531649966916177,0.09866666666666665,0.5353333333333332,0.7673333333333334,0.0
48,E2_MIXED,P14_14D,23.88396220157896,0.01592264146771931,0.52,0.5157273254484578,0.531649966916177,0.16666666666666666,0.5353333333333332,0.7593333333333334,0.0
49,E0_NO_PERSONAL_SIGNAL,C3_9D,14.120845046915578,0.00941389669794372,0.55,0.5394752902613245,0.548889186959268,0.166,0.544,0.8206666666666667,0.0
49,E0_NO_PERSONAL_SIGNAL,P14_14D,26.349584543196272,0.01756638969546418,0.548,0.5313227972638038,0.548889186959268,0.19133333333333333,0.544,0.7333333333333333,0.0
49,E1_PERSONAL_SIGNAL,C3_9D,55.22967547614907,0.03681978365076605,0.506,0.4986802174480729,0.5355000010988389,0.24066666666666667,0.544,0.6793333333333332,0.0
49,E1_PERSONAL_SIGNAL,P14_14D,47.710423071874494,0.03180694871458299,0.506,0.5036930523842559,0.5355000010988389,0.18666666666666665,0.544,0.718,0.0
49,E2_MIXED,C3_9D,20.325486396692618,0.013550324264461745,0.536,0.519341566879719,0.5328918911441808,0.1953333333333333,0.544,0.7706666666666666,0.0
49,E2_MIXED,P14_14D,24.302641221443807,0.01620176081429587,0.536,0.516690130329885,0.5328918911441808,0.15066666666666667,0.544,0.736,0.0
