configuration,blocks,reward,context_dimension,ordered_features,sample_count,attempt_count,action_counts,status,reason,fold_count,mae_mean,mae_std,rmse_mean,rmse_std,r2_mean,r2_std,fold_metrics
C0,S,r_raw,4,"[""selector_p_generic"",""selector_p_probing"",""selector_p_focus"",""selector_p_telling""]",96,14,"{""generic"":28,""probing"":33,""focus"":35,""telling"":0}",available,5-fold GroupKFold by attempt; ridge alpha=1.0; direct-arm interactions.,5.0,0.07470968212248172,0.014118996657810507,0.10311286430668265,0.020086271878134686,-1.5280687076495068,2.995802190579619,"[{""fold"":1,""train_n"":76,""test_n"":20,""mae"":0.07341025628389722,""rmse"":0.09305713397331943,""r2"":-0.3534810700759268},{""fold"":2,""train_n"":75,""test_n"":21,""mae"":0.06053085220829449,""rmse"":0.08524921115125532,""r2"":-0.11624133510554291},{""fold"":3,""train_n"":77,""test_n"":19,""mae"":0.08003226627777618,""rmse"":0.09370584103409664,""r2"":-6.882888969033278},{""fold"":4,""train_n"":78,""test_n"":18,""mae"":0.09583055077600705,""rmse"":0.10748475830813978,""r2"":-0.24455511512358452},{""fold"":5,""train_n"":78,""test_n"":18,""mae"":0.06374448506643367,""rmse"":0.13606737706660213,""r2"":-0.043177048909202265}]"
C0,S,r_headroom,4,"[""selector_p_generic"",""selector_p_probing"",""selector_p_focus"",""selector_p_telling""]",96,14,"{""generic"":28,""probing"":33,""focus"":35,""telling"":0}",available,5-fold GroupKFold by attempt; ridge alpha=1.0; direct-arm interactions.,5.0,0.19423622831853238,0.03770761664316711,0.23652695535937668,0.04250945549747335,-1.0964897064293944,1.5707177937023644,"[{""fold"":1,""train_n"":76,""test_n"":20,""mae"":0.1566856175870291,""rmse"":0.20598015981720047,""r2"":-0.7495151668862376},{""fold"":2,""train_n"":75,""test_n"":21,""mae"":0.17528736124435784,""rmse"":0.23666251396262072,""r2"":-0.434234059584381},{""fold"":3,""train_n"":77,""test_n"":19,""mae"":0.17402541900686935,""rmse"":0.20022179641125812,""r2"":-3.873988056995059},{""fold"":4,""train_n"":78,""test_n"":18,""mae"":0.21574443455785988,""rmse"":0.23279413804038035,""r2"":-0.08633888075712748},{""fold"":5,""train_n"":78,""test_n"":18,""mae"":0.2494383091965458,""rmse"":0.3069761685654238,""r2"":-0.3383723679241668}]"
C1,S+K,r_raw,7,"[""selector_p_generic"",""selector_p_probing"",""selector_p_focus"",""selector_p_telling"",""mastery_before"",""previous_mastery_delta"",""previous_mastery_delta_missing""]",96,14,"{""generic"":28,""probing"":33,""focus"":35,""telling"":0}",available,5-fold GroupKFold by attempt; ridge alpha=1.0; direct-arm interactions.,5.0,0.0719005580526367,0.013443939354719941,0.09618486331993556,0.018843862014762975,-1.0544387967848272,2.1721086026945953,"[{""fold"":1,""train_n"":76,""test_n"":20,""mae"":0.07711246284222457,""rmse"":0.09574616965524949,""r2"":-0.4328332742763632},{""fold"":2,""train_n"":75,""test_n"":21,""mae"":0.05348435487235442,""rmse"":0.07669639607989898,""r2"":0.09650183031867388},{""fold"":3,""train_n"":77,""test_n"":19,""mae"":0.06959761539238757,""rmse"":0.0811956802247572,""r2"":-4.918585593853784},{""fold"":4,""train_n"":78,""test_n"":18,""mae"":0.09040352095282965,""rmse"":0.10349117376626449,""r2"":-0.15379058525163924},{""fold"":5,""train_n"":78,""test_n"":18,""mae"":0.0689048362033873,""rmse"":0.12379489687350766,""r2"":0.13651363913897674}]"
C1,S+K,r_headroom,7,"[""selector_p_generic"",""selector_p_probing"",""selector_p_focus"",""selector_p_telling"",""mastery_before"",""previous_mastery_delta"",""previous_mastery_delta_missing""]",96,14,"{""generic"":28,""probing"":33,""focus"":35,""telling"":0}",available,5-fold GroupKFold by attempt; ridge alpha=1.0; direct-arm interactions.,5.0,0.19966871174975384,0.03401768350141874,0.24019787791590197,0.03758840830634368,-1.5479988519767245,2.7194096710231546,"[{""fold"":1,""train_n"":76,""test_n"":20,""mae"":0.18059604603714763,""rmse"":0.21543271212975384,""r2"":-0.9137721404498036},{""fold"":2,""train_n"":75,""test_n"":21,""mae"":0.15243422247243796,""rmse"":0.20135136501802434,""r2"":-0.03817422178291929},{""fold"":3,""train_n"":77,""test_n"":19,""mae"":0.20577327773200974,""rmse"":0.2462802600083157,""r2"":-6.374302696617468},{""fold"":4,""train_n"":78,""test_n"":18,""mae"":0.2201651631759412,""rmse"":0.23865259879348158,""r2"":-0.14170414818522548},{""fold"":5,""train_n"":78,""test_n"":18,""mae"":0.2393748493312326,""rmse"":0.2992724536299344,""r2"":-0.27204105284820534}]"
C2,S+L,r_raw,8,"[""selector_p_generic"",""selector_p_probing"",""selector_p_focus"",""selector_p_telling"",""previous_reasoning_probability"",""previous_uncertainty_probability"",""previous_clarification_probability"",""previous_learner_signals_missing""]",96,14,"{""generic"":28,""probing"":33,""focus"":35,""telling"":0}",unavailable,"Retrospective records do not contain complete pre-action values for: previous_reasoning_probability, previous_uncertainty_probability, previous_clarification_probability, previous_learner_signals_missing",,,,,,,,
C2,S+L,r_headroom,8,"[""selector_p_generic"",""selector_p_probing"",""selector_p_focus"",""selector_p_telling"",""previous_reasoning_probability"",""previous_uncertainty_probability"",""previous_clarification_probability"",""previous_learner_signals_missing""]",96,14,"{""generic"":28,""probing"":33,""focus"":35,""telling"":0}",unavailable,"Retrospective records do not contain complete pre-action values for: previous_reasoning_probability, previous_uncertainty_probability, previous_clarification_probability, previous_learner_signals_missing",,,,,,,,
C3,S+K+L,r_raw,11,"[""selector_p_generic"",""selector_p_probing"",""selector_p_focus"",""selector_p_telling"",""mastery_before"",""previous_mastery_delta"",""previous_mastery_delta_missing"",""previous_reasoning_probability"",""previous_uncertainty_probability"",""previous_clarification_probability"",""previous_learner_signals_missing""]",96,14,"{""generic"":28,""probing"":33,""focus"":35,""telling"":0}",unavailable,"Retrospective records do not contain complete pre-action values for: previous_reasoning_probability, previous_uncertainty_probability, previous_clarification_probability, previous_learner_signals_missing",,,,,,,,
C3,S+K+L,r_headroom,11,"[""selector_p_generic"",""selector_p_probing"",""selector_p_focus"",""selector_p_telling"",""mastery_before"",""previous_mastery_delta"",""previous_mastery_delta_missing"",""previous_reasoning_probability"",""previous_uncertainty_probability"",""previous_clarification_probability"",""previous_learner_signals_missing""]",96,14,"{""generic"":28,""probing"":33,""focus"":35,""telling"":0}",unavailable,"Retrospective records do not contain complete pre-action values for: previous_reasoning_probability, previous_uncertainty_probability, previous_clarification_probability, previous_learner_signals_missing",,,,,,,,
C4,S+K+L+H,r_raw,17,"[""selector_p_generic"",""selector_p_probing"",""selector_p_focus"",""selector_p_telling"",""mastery_before"",""previous_mastery_delta"",""previous_mastery_delta_missing"",""previous_reasoning_probability"",""previous_uncertainty_probability"",""previous_clarification_probability"",""previous_learner_signals_missing"",""previous_move_generic"",""previous_move_probing"",""previous_move_focus"",""previous_move_telling"",""previous_move_missing"",""prior_tutor_turn_count""]",96,14,"{""generic"":28,""probing"":33,""focus"":35,""telling"":0}",unavailable,"Retrospective records do not contain complete pre-action values for: previous_reasoning_probability, previous_uncertainty_probability, previous_clarification_probability, previous_learner_signals_missing",,,,,,,,
C4,S+K+L+H,r_headroom,17,"[""selector_p_generic"",""selector_p_probing"",""selector_p_focus"",""selector_p_telling"",""mastery_before"",""previous_mastery_delta"",""previous_mastery_delta_missing"",""previous_reasoning_probability"",""previous_uncertainty_probability"",""previous_clarification_probability"",""previous_learner_signals_missing"",""previous_move_generic"",""previous_move_probing"",""previous_move_focus"",""previous_move_telling"",""previous_move_missing"",""prior_tutor_turn_count""]",96,14,"{""generic"":28,""probing"":33,""focus"":35,""telling"":0}",unavailable,"Retrospective records do not contain complete pre-action values for: previous_reasoning_probability, previous_uncertainty_probability, previous_clarification_probability, previous_learner_signals_missing",,,,,,,,
C5,S+K+L+H+Q,r_raw,22,"[""selector_p_generic"",""selector_p_probing"",""selector_p_focus"",""selector_p_telling"",""mastery_before"",""previous_mastery_delta"",""previous_mastery_delta_missing"",""previous_reasoning_probability"",""previous_uncertainty_probability"",""previous_clarification_probability"",""previous_learner_signals_missing"",""previous_move_generic"",""previous_move_probing"",""previous_move_focus"",""previous_move_telling"",""previous_move_missing"",""prior_tutor_turn_count"",""previous_mistake_identification"",""previous_mistake_location"",""previous_providing_guidance"",""previous_actionability"",""previous_mrb1_missing""]",96,14,"{""generic"":28,""probing"":33,""focus"":35,""telling"":0}",unavailable,"Retrospective records do not contain complete pre-action values for: previous_reasoning_probability, previous_uncertainty_probability, previous_clarification_probability, previous_learner_signals_missing",,,,,,,,
C5,S+K+L+H+Q,r_headroom,22,"[""selector_p_generic"",""selector_p_probing"",""selector_p_focus"",""selector_p_telling"",""mastery_before"",""previous_mastery_delta"",""previous_mastery_delta_missing"",""previous_reasoning_probability"",""previous_uncertainty_probability"",""previous_clarification_probability"",""previous_learner_signals_missing"",""previous_move_generic"",""previous_move_probing"",""previous_move_focus"",""previous_move_telling"",""previous_move_missing"",""prior_tutor_turn_count"",""previous_mistake_identification"",""previous_mistake_location"",""previous_providing_guidance"",""previous_actionability"",""previous_mrb1_missing""]",96,14,"{""generic"":28,""probing"":33,""focus"":35,""telling"":0}",unavailable,"Retrospective records do not contain complete pre-action values for: previous_reasoning_probability, previous_uncertainty_probability, previous_clarification_probability, previous_learner_signals_missing",,,,,,,,
C6,K+L+H+Q,r_raw,18,"[""mastery_before"",""previous_mastery_delta"",""previous_mastery_delta_missing"",""previous_reasoning_probability"",""previous_uncertainty_probability"",""previous_clarification_probability"",""previous_learner_signals_missing"",""previous_move_generic"",""previous_move_probing"",""previous_move_focus"",""previous_move_telling"",""previous_move_missing"",""prior_tutor_turn_count"",""previous_mistake_identification"",""previous_mistake_location"",""previous_providing_guidance"",""previous_actionability"",""previous_mrb1_missing""]",96,14,"{""generic"":28,""probing"":33,""focus"":35,""telling"":0}",unavailable,"Retrospective records do not contain complete pre-action values for: previous_reasoning_probability, previous_uncertainty_probability, previous_clarification_probability, previous_learner_signals_missing",,,,,,,,
C6,K+L+H+Q,r_headroom,18,"[""mastery_before"",""previous_mastery_delta"",""previous_mastery_delta_missing"",""previous_reasoning_probability"",""previous_uncertainty_probability"",""previous_clarification_probability"",""previous_learner_signals_missing"",""previous_move_generic"",""previous_move_probing"",""previous_move_focus"",""previous_move_telling"",""previous_move_missing"",""prior_tutor_turn_count"",""previous_mistake_identification"",""previous_mistake_location"",""previous_providing_guidance"",""previous_actionability"",""previous_mrb1_missing""]",96,14,"{""generic"":28,""probing"":33,""focus"":35,""telling"":0}",unavailable,"Retrospective records do not contain complete pre-action values for: previous_reasoning_probability, previous_uncertainty_probability, previous_clarification_probability, previous_learner_signals_missing",,,,,,,,
D0,S+K+H,r_raw,13,"[""selector_p_generic"",""selector_p_probing"",""selector_p_focus"",""selector_p_telling"",""mastery_before"",""previous_mastery_delta"",""previous_mastery_delta_missing"",""previous_move_generic"",""previous_move_probing"",""previous_move_focus"",""previous_move_telling"",""previous_move_missing"",""prior_tutor_turn_count""]",96,14,"{""generic"":28,""probing"":33,""focus"":35,""telling"":0}",available,5-fold GroupKFold by attempt; ridge alpha=1.0; direct-arm interactions.,5.0,0.06959689522703541,0.0194299545196249,0.09534435831742417,0.025465164770123255,-0.5779135245361333,0.8671858493812398,"[{""fold"":1,""train_n"":76,""test_n"":20,""mae"":0.08161520703365133,""rmse"":0.10190780498228913,""r2"":-0.6231839329032092},{""fold"":2,""train_n"":75,""test_n"":21,""mae"":0.05790811251268561,""rmse"":0.08275093504105578,""r2"":-0.051775819965971914},{""fold"":3,""train_n"":77,""test_n"":19,""mae"":0.046105700162340564,""rmse"":0.058201051993399165,""r2"":-2.0409813244297417},{""fold"":4,""train_n"":78,""test_n"":18,""mae"":0.09547733379588241,""rmse"":0.11058143520398074,""r2"":-0.3173003586780121},{""fold"":5,""train_n"":78,""test_n"":18,""mae"":0.06687812263061715,""rmse"":0.12328056436639599,""r2"":0.14367381329626838}]"
D0,S+K+H,r_headroom,13,"[""selector_p_generic"",""selector_p_probing"",""selector_p_focus"",""selector_p_telling"",""mastery_before"",""previous_mastery_delta"",""previous_mastery_delta_missing"",""previous_move_generic"",""previous_move_probing"",""previous_move_focus"",""previous_move_telling"",""previous_move_missing"",""prior_tutor_turn_count""]",96,14,"{""generic"":28,""probing"":33,""focus"":35,""telling"":0}",available,5-fold GroupKFold by attempt; ridge alpha=1.0; direct-arm interactions.,5.0,0.2023282915692129,0.05154111542222692,0.2500696651067747,0.06075233772706467,-1.1555061336993642,1.2370071314006212,"[{""fold"":1,""train_n"":76,""test_n"":20,""mae"":0.16077890649193466,""rmse"":0.20493178649724705,""r2"":-0.7317515393714473},{""fold"":2,""train_n"":75,""test_n"":21,""mae"":0.16223380945452281,""rmse"":0.22792648665774587,""r2"":-0.33030332643661686},{""fold"":3,""train_n"":77,""test_n"":19,""mae"":0.17147203867369207,""rmse"":0.1881507778200107,""r2"":-3.3040151322909326},{""fold"":4,""train_n"":78,""test_n"":18,""mae"":0.2561513609947189,""rmse"":0.31993159070812416,""r2"":-1.0518022123814261},{""fold"":5,""train_n"":78,""test_n"":18,""mae"":0.26100534223119604,""rmse"":0.3094076838507456,""r2"":-0.3596584580163982}]"
D1,S+K+H+Q,r_raw,18,"[""selector_p_generic"",""selector_p_probing"",""selector_p_focus"",""selector_p_telling"",""mastery_before"",""previous_mastery_delta"",""previous_mastery_delta_missing"",""previous_move_generic"",""previous_move_probing"",""previous_move_focus"",""previous_move_telling"",""previous_move_missing"",""prior_tutor_turn_count"",""previous_mistake_identification"",""previous_mistake_location"",""previous_providing_guidance"",""previous_actionability"",""previous_mrb1_missing""]",96,14,"{""generic"":28,""probing"":33,""focus"":35,""telling"":0}",available,5-fold GroupKFold by attempt; ridge alpha=1.0; direct-arm interactions.,5.0,0.07505290427497865,0.02851492864052458,0.10457590191248567,0.03325177154120828,-1.050622203226361,1.501474719337294,"[{""fold"":1,""train_n"":76,""test_n"":20,""mae"":0.07474511360702937,""rmse"":0.0966388424489554,""r2"":-0.45967536713079293},{""fold"":2,""train_n"":75,""test_n"":21,""mae"":0.05629404586884471,""rmse"":0.07914506160068113,""r2"":0.03788938635031258},{""fold"":3,""train_n"":77,""test_n"":19,""mae"":0.050659388798041,""rmse"":0.07076663170977635,""r2"":-3.4958222624057136},{""fold"":4,""train_n"":78,""test_n"":18,""mae"":0.12286917608610042,""rmse"":0.15068534661347222,""r2"":-1.4460335439992855},{""fold"":5,""train_n"":78,""test_n"":18,""mae"":0.07069679701487781,""rmse"":0.12564362718954328,""r2"":0.11053077105367382}]"
D1,S+K+H+Q,r_headroom,18,"[""selector_p_generic"",""selector_p_probing"",""selector_p_focus"",""selector_p_telling"",""mastery_before"",""previous_mastery_delta"",""previous_mastery_delta_missing"",""previous_move_generic"",""previous_move_probing"",""previous_move_focus"",""previous_move_telling"",""previous_move_missing"",""prior_tutor_turn_count"",""previous_mistake_identification"",""previous_mistake_location"",""previous_providing_guidance"",""previous_actionability"",""previous_mrb1_missing""]",96,14,"{""generic"":28,""probing"":33,""focus"":35,""telling"":0}",available,5-fold GroupKFold by attempt; ridge alpha=1.0; direct-arm interactions.,5.0,0.2320334679632659,0.07341241508449636,0.28658893109861133,0.08434326532210687,-2.2975784656061182,3.04712995435971,"[{""fold"":1,""train_n"":76,""test_n"":20,""mae"":0.1656433116646095,""rmse"":0.20245619026469505,""r2"":-0.6901647923141414},{""fold"":2,""train_n"":75,""test_n"":21,""mae"":0.16360219223249364,""rmse"":0.2299202084133163,""r2"":-0.35367800870490984},{""fold"":3,""train_n"":77,""test_n"":19,""mae"":0.22168274347794326,""rmse"":0.2648662309190062,""r2"":-7.52933037160353},{""fold"":4,""train_n"":78,""test_n"":18,""mae"":0.334805829460797,""rmse"":0.4152142677648002,""r2"":-2.455936707052466},{""fold"":5,""train_n"":78,""test_n"":18,""mae"":0.2744332629804859,""rmse"":0.3204877581312392,""r2"":-0.4587824483555436}]"
