reward,mastery_band,count,min,q1,median,mean,q3,max,std,absolute_mean,absolute_median
r_raw,"[0,.2)",1,0.5565306848534494,0.5565306848534494,0.5565306848534494,0.5565306848534494,0.5565306848534494,0.5565306848534494,,0.5565306848534494,0.5565306848534494
r_raw,"[.2,.4)",3,0.10619456954326456,0.11705073888532885,0.12790690822739315,0.13817553788260303,0.15416602205227228,0.18042513587715142,0.038165793726965595,0.13817553788260303,0.12790690822739315
r_raw,"[.4,.6)",16,-0.1549093972095324,-0.031069872565859386,0.08541046019401846,0.051165236707758965,0.11295981260788734,0.17710046200543128,0.09952029384888544,0.10134960288650943,0.0954546430779836
r_raw,"[.6,.8)",41,-0.13840553953494755,-0.04041929710863523,0.036351916190221156,0.008980395266912728,0.06112563424122075,0.21034632888316085,0.07470571702117819,0.06402300182349957,0.05553350861322515
r_raw,"[.8,1]",35,-0.1710836699786672,-0.006144808829980197,0.012941259402848737,0.0026775484312941966,0.025656666809828255,0.06599124873048245,0.0474487152139812,0.031086753766968973,0.018871587353022856
r_headroom,"[0,.2)",1,0.5627442380650807,0.5627442380650807,0.5627442380650807,0.5627442380650807,0.5627442380650807,0.5627442380650807,,0.5627442380650807,0.5627442380650807
r_headroom,"[.2,.4)",3,0.1342836711832905,0.16055526012173918,0.18682684906018787,0.19557034437119722,0.22621368096515057,0.26560051287011327,0.06609360604733827,0.19557034437119722,0.18682684906018787
r_headroom,"[.4,.6)",16,-0.26215185494826826,-0.06137619443079855,0.17179218316856937,0.11249608970473653,0.23082361183670452,0.4111310214037905,0.2062705099749588,0.21224219410999628,0.2065725782267176
r_headroom,"[.6,.8)",41,-0.22555363452622032,-0.059142740657672735,0.14367015926892016,0.08322965467020736,0.18868786559329412,0.6906813355947353,0.18434871425228988,0.1631309158178666,0.1635571816935109
r_headroom,"[.8,1]",35,-0.18887241843279817,-0.0062876182033367815,0.18821451167281608,0.19078691925886135,0.3144505804237401,0.7005239752859275,0.2210791175193448,0.22261006927249555,0.1882332127245297
