QuestionId,image_path,difficulty,SE_beta,n_answers,correct_rate,error_rate,item,split
0,images/0.jpg,0.183401143557597,0.0442083084205988,2812,0.44345661450924606,0.556543385490754,QuestionId_0,test
2,images/2.jpg,0.462090308580018,0.0496099524265169,2313,0.3852140077821012,0.6147859922178989,QuestionId_2,train
3,images/3.jpg,-1.73519573366773,0.0538374171186446,2672,0.8087574850299402,0.19124251497005984,QuestionId_3,test
4,images/4.jpg,0.446132514042196,0.0560401593681207,1704,0.4014084507042254,0.5985915492957746,QuestionId_4,train
5,images/5.jpg,1.6902017427743,0.0982478324271342,833,0.1908763505402161,0.8091236494597839,QuestionId_5,train
6,images/6.jpg,-0.229585778598301,0.0549716687743712,1718,0.5285215366705471,0.47147846332945287,QuestionId_6,train
8,images/8.jpg,0.410531445879477,0.0492905938762648,2327,0.3919209282337774,0.6080790717662226,QuestionId_8,train
9,images/9.jpg,0.63185085416741,0.0800904400061754,834,0.36330935251798563,0.6366906474820144,QuestionId_9,train
10,images/10.jpg,0.424890903099071,0.0582857442748989,1572,0.4020356234096692,0.5979643765903309,QuestionId_10,train
11,images/11.jpg,0.101588190601099,0.0496885724804771,2171,0.45831414094887146,0.5416858590511285,QuestionId_11,train
12,images/12.jpg,0.493421276135579,0.0562642558970168,1701,0.3991769547325103,0.6008230452674896,QuestionId_12,train
13,images/13.jpg,-1.00231451593685,0.0668523664818222,1259,0.6965845909451946,0.30341540905480535,QuestionId_13,train
14,images/14.jpg,-0.894106880948684,0.057332556936774,1697,0.6682380671773719,0.3317619328226281,QuestionId_14,train
16,images/16.jpg,-0.528862604588356,0.0483550707586711,2300,0.5834782608695652,0.4165217391304348,QuestionId_16,train
17,images/17.jpg,0.299359838078998,0.0776865394800629,848,0.42924528301886794,0.570754716981132,QuestionId_17,train
18,images/18.jpg,0.829978048732533,0.0532447856270161,2173,0.3175333640128854,0.6824666359871145,QuestionId_18,train
19,images/19.jpg,-0.706912740165993,0.0457856284365656,2692,0.6355869242199108,0.3644130757800892,QuestionId_19,train
20,images/20.jpg,-0.637245316127743,0.0561059001840902,1707,0.6338605741066198,0.3661394258933802,QuestionId_20,train
22,images/22.jpg,-0.657664658437993,0.0446596571161844,2797,0.618519842688595,0.38148015731140505,QuestionId_22,train
23,images/23.jpg,0.31685423862604,0.0935375972593071,579,0.44905008635578586,0.5509499136442142,QuestionId_23,train
24,images/24.jpg,-0.67794263641302,0.0480484672760478,2391,0.6194061062317022,0.3805938937682978,QuestionId_24,train
25,images/25.jpg,-1.76990934347286,0.0566491425209923,2410,0.8116182572614108,0.1883817427385892,QuestionId_25,train
26,images/26.jpg,-0.288927223497293,0.0582077508286974,1505,0.5282392026578073,0.4717607973421927,QuestionId_26,train
27,images/27.jpg,0.158176299826909,0.048313964123865,2329,0.45169600686990125,0.5483039931300988,QuestionId_27,train
29,images/29.jpg,-0.652888781896873,0.055664234814743,1730,0.6161849710982659,0.38381502890173413,QuestionId_29,train
30,images/30.jpg,-0.0729816245323318,0.0439808584881091,2813,0.507643085673658,0.492356914326342,QuestionId_30,train
31,images/31.jpg,-0.933012570284861,0.0504748477745639,2256,0.6719858156028369,0.3280141843971631,QuestionId_31,train
34,images/34.jpg,-0.0601256481382184,0.0479271919483513,2332,0.49099485420240135,0.5090051457975986,QuestionId_34,train
36,images/36.jpg,0.406353545720546,0.0786758905848514,827,0.407496977025393,0.592503022974607,QuestionId_36,test
37,images/37.jpg,-0.593934976261951,0.0490068828590921,2274,0.6055408970976254,0.3944591029023746,QuestionId_37,train
38,images/38.jpg,-0.037307493998346,0.0465580241077882,2482,0.4959709911361805,0.5040290088638195,QuestionId_38,test
39,images/39.jpg,0.243715415599179,0.0455932920223654,2607,0.45607978519370923,0.5439202148062907,QuestionId_39,train
40,images/40.jpg,0.613715825697115,0.0478637360776967,2599,0.3501346671796845,0.6498653328203154,QuestionId_40,train
41,images/41.jpg,0.821762685467837,0.0951736083089129,628,0.3343949044585987,0.6656050955414012,QuestionId_41,train
43,images/43.jpg,-1.33191760464378,0.161410719503873,232,0.75,0.25,QuestionId_43,test
44,images/44.jpg,0.888902392654512,0.052603108535811,2169,0.3259566620562471,0.6740433379437529,QuestionId_44,train
45,images/45.jpg,0.282189092731814,0.0458020019321046,2644,0.4266263237518911,0.573373676248109,QuestionId_45,train
46,images/46.jpg,1.13484668417895,0.0518726248425157,2554,0.2638997650743931,0.7361002349256069,QuestionId_46,train
47,images/47.jpg,-0.432461129428778,0.0438072426611179,2884,0.59500693481276,0.40499306518724,QuestionId_47,train
48,images/48.jpg,0.536891719026066,0.079158142258339,851,0.381903642773208,0.618096357226792,QuestionId_48,train
49,images/49.jpg,0.258535646747682,0.0456222592363214,2607,0.45301112389719983,0.5469888761028001,QuestionId_49,train
50,images/50.jpg,-0.466197564795719,0.0436567411683507,2907,0.5885792913656691,0.4114207086343309,QuestionId_50,train
51,images/51.jpg,-0.231526949502622,0.0546763435180656,1737,0.5290731145653426,0.47092688543465744,QuestionId_51,train
52,images/52.jpg,0.36428734160414,0.0483390355006792,2393,0.411199331383201,0.588800668616799,QuestionId_52,train
53,images/53.jpg,-0.0101078737779134,0.0479072498402676,2332,0.47384219554030876,0.5261578044596913,QuestionId_53,train
54,images/54.jpg,0.279651327788571,0.050334892890362,2165,0.4235565819861432,0.5764434180138568,QuestionId_54,train
55,images/55.jpg,0.164303503812548,0.0592705932482336,1487,0.4344317417619368,0.5655682582380632,QuestionId_55,train
56,images/56.jpg,-0.0448615531492304,0.0452547920730268,2614,0.5164498852333589,0.4835501147666411,QuestionId_56,train
59,images/59.jpg,-1.78239352648014,0.0552844639658134,2555,0.8125244618395303,0.1874755381604697,QuestionId_59,train
62,images/62.jpg,0.222491515736495,0.0764063053050808,869,0.4487917146144994,0.5512082853855006,QuestionId_62,test
63,images/63.jpg,0.984419357564715,0.0711063045960124,1178,0.3089983022071307,0.6910016977928692,QuestionId_63,train
64,images/64.jpg,-1.36278995849701,0.0556409621611344,2195,0.7690205011389522,0.23097949886104785,QuestionId_64,test
65,images/65.jpg,-1.91520252296989,0.0543446985942588,2855,0.8311733800350263,0.16882661996497372,QuestionId_65,test
66,images/66.jpg,-0.110442991973488,0.0546266327327421,1709,0.5178466939730837,0.4821533060269163,QuestionId_66,train
67,images/67.jpg,0.602340258875018,0.120836167183914,367,0.3678474114441417,0.6321525885558583,QuestionId_67,test
69,images/69.jpg,-0.250673377844128,0.0452436700474508,2627,0.525314046440807,0.47468595355919296,QuestionId_69,test
70,images/70.jpg,1.0123191718347,0.0833801510233634,873,0.29896907216494845,0.7010309278350515,QuestionId_70,train
71,images/71.jpg,0.391887799566599,0.0470032522511482,2549,0.39780306002353866,0.6021969399764613,QuestionId_71,train
72,images/72.jpg,-0.349244963970112,0.0498155900438251,2113,0.5347846663511595,0.4652153336488405,QuestionId_72,train
74,images/74.jpg,0.032591884781945,0.0767806462783294,833,0.48619447779111646,0.5138055222088835,QuestionId_74,test
75,images/75.jpg,-0.528632498478317,0.0456830214966858,2616,0.5913608562691132,0.40863914373088683,QuestionId_75,train
76,images/76.jpg,-0.0951843612771485,0.0480135285240157,2322,0.5038759689922481,0.49612403100775193,QuestionId_76,train
77,images/77.jpg,0.886817788184829,0.0987692645486372,579,0.3385146804835924,0.6614853195164077,QuestionId_77,train
78,images/78.jpg,-0.863864630161935,0.0575039836597444,1704,0.6784037558685446,0.3215962441314554,QuestionId_78,train
79,images/79.jpg,0.729962964446795,0.0581933808858075,1732,0.3371824480369515,0.6628175519630485,QuestionId_79,train
80,images/80.jpg,-1.11372500306142,0.0479794534909669,2638,0.703942380591357,0.29605761940864295,QuestionId_80,train
82,images/82.jpg,-0.694419366042841,0.0474714635765229,2471,0.6288951841359773,0.37110481586402266,QuestionId_82,train
83,images/83.jpg,-0.140092260587609,0.0432547494421653,2905,0.5342512908777969,0.4657487091222031,QuestionId_83,test
84,images/84.jpg,0.587723651986509,0.0464702820978793,2627,0.38599162542824517,0.6140083745717548,QuestionId_84,train
85,images/85.jpg,0.255183406044313,0.057049946061175,1615,0.4340557275541796,0.5659442724458204,QuestionId_85,train
86,images/86.jpg,-1.43269616763975,0.0550449419128288,2185,0.7569794050343249,0.24302059496567507,QuestionId_86,train
87,images/87.jpg,0.939754831001938,0.063689550896847,1548,0.28617571059431524,0.7138242894056848,QuestionId_87,train
88,images/88.jpg,-0.247657083529283,0.048192948092366,2286,0.5244969378827646,0.47550306211723536,QuestionId_88,train
89,images/89.jpg,-1.00012409022408,0.0457383150578477,2948,0.7048846675712347,0.2951153324287653,QuestionId_89,train
90,images/90.jpg,-0.431255892796293,0.0467940195171798,2477,0.5777149777957207,0.4222850222042793,QuestionId_90,train
91,images/91.jpg,0.12145391047476,0.0438503038793568,2857,0.4672733636681834,0.5327266363318166,QuestionId_91,train
92,images/92.jpg,-0.193017900605224,0.0476701259539527,2322,0.5099052540913006,0.4900947459086994,QuestionId_92,train
93,images/93.jpg,1.32855392605542,0.0569816721245717,2290,0.2279475982532751,0.772052401746725,QuestionId_93,test
94,images/94.jpg,1.19413788746691,0.0706785706574635,1318,0.2549317147192716,0.7450682852807284,QuestionId_94,train
95,images/95.jpg,0.476141973367581,0.06369008067036,1311,0.38443935926773454,0.6155606407322655,QuestionId_95,train
97,images/97.jpg,-0.433142267550403,0.0635110562643114,1271,0.5830055074744296,0.4169944925255704,QuestionId_97,test
101,images/101.jpg,0.206963099456372,0.0460325563233439,2587,0.4375724777734828,0.5624275222265172,QuestionId_101,train
103,images/103.jpg,-0.474451672509726,0.047547528348404,2389,0.5780661364587694,0.42193386354123064,QuestionId_103,train
105,images/105.jpg,-0.257105446200789,0.0549754825216043,1703,0.5554903112155021,0.4445096887844979,QuestionId_105,train
106,images/106.jpg,-0.180205248209136,0.0499279268344786,2112,0.5435606060606061,0.4564393939393939,QuestionId_106,test
110,images/110.jpg,1.17997512259206,0.0744243418903725,1155,0.2727272727272727,0.7272727272727273,QuestionId_110,test
111,images/111.jpg,-0.986887961692793,0.0474435188005477,2610,0.6800766283524904,0.3199233716475096,QuestionId_111,test
116,images/116.jpg,-0.126932717556723,0.0497779665316383,2122,0.532516493873704,0.46748350612629597,QuestionId_116,train
118,images/118.jpg,-0.144640212500081,0.0464568378380331,2488,0.5184887459807074,0.4815112540192926,QuestionId_118,train
119,images/119.jpg,0.168086829581136,0.0470402919313802,2465,0.45314401622718053,0.5468559837728195,QuestionId_119,test
120,images/120.jpg,0.57532087865642,0.0519629824949718,2143,0.36584227718152124,0.6341577228184787,QuestionId_120,test
122,images/122.jpg,-0.85633964961088,0.0512507433225879,2146,0.6556383970177073,0.3443616029822927,QuestionId_122,train
123,images/123.jpg,0.180006057938984,0.0502564523835986,2144,0.4435634328358209,0.5564365671641791,QuestionId_123,test
124,images/124.jpg,0.548506961479729,0.0658221816579112,1260,0.38095238095238093,0.6190476190476191,QuestionId_124,train
125,images/125.jpg,-0.256622466042001,0.0625892233219991,1274,0.5447409733124019,0.4552590266875981,QuestionId_125,test
129,images/129.jpg,-0.036639892890667,0.0486367086307065,2258,0.4796279893711249,0.5203720106288752,QuestionId_129,train
130,images/130.jpg,0.705807380983936,0.0598316802246742,1583,0.34807327858496523,0.6519267214150348,QuestionId_130,train
132,images/132.jpg,0.590351338579908,0.0790684262899546,851,0.38777908343125733,0.6122209165687427,QuestionId_132,test
133,images/133.jpg,-0.885243423311667,0.0497568558623534,2296,0.6589721254355401,0.34102787456445993,QuestionId_133,train
134,images/134.jpg,-0.773604486672777,0.0461507667742379,2670,0.6441947565543071,0.35580524344569286,QuestionId_134,test
135,images/135.jpg,0.207171351164303,0.0637103353950313,1250,0.4472,0.5528,QuestionId_135,test
137,images/137.jpg,-0.634448874505867,0.0639189371395888,1288,0.625,0.375,QuestionId_137,train
138,images/138.jpg,-1.110938737827,0.0494583320690107,2497,0.7092511013215859,0.29074889867841414,QuestionId_138,train
142,images/142.jpg,1.14521226561523,0.0526785308386405,2457,0.2718762718762719,0.728123728123728,QuestionId_142,train
143,images/143.jpg,-1.09752882408087,0.0465101607138387,2882,0.7113115891741846,0.2886884108258154,QuestionId_143,train
145,images/145.jpg,0.0164641582866404,0.0487753054927832,2241,0.4779116465863454,0.5220883534136547,QuestionId_145,train
146,images/146.jpg,1.37654511370252,0.0712500589335421,1426,0.226507713884993,0.773492286115007,QuestionId_146,test
147,images/147.jpg,-0.56334131583623,0.0489447090578205,2255,0.5942350332594235,0.4057649667405765,QuestionId_147,test
148,images/148.jpg,0.5382203431721,0.048398529224404,2459,0.3794225294835299,0.6205774705164702,QuestionId_148,train
150,images/150.jpg,-0.376400696202578,0.0467307573891515,2465,0.563894523326572,0.436105476673428,QuestionId_150,train
151,images/151.jpg,0.0146619578500244,0.100455915927267,487,0.4928131416837782,0.5071868583162218,QuestionId_151,train
152,images/152.jpg,0.714680865035999,0.0618483064030166,1491,0.3487592219986586,0.6512407780013414,QuestionId_152,test
154,images/154.jpg,-1.6436811427277,0.0555127976775153,2311,0.7866724361748161,0.21332756382518392,QuestionId_154,train
155,images/155.jpg,1.90536778620705,0.0747290332995232,1675,0.1647761194029851,0.8352238805970149,QuestionId_155,train
156,images/156.jpg,0.141643695014722,0.0918798867026658,591,0.48392554991539766,0.5160744500846024,QuestionId_156,train
157,images/157.jpg,-1.07558483537595,0.0580986501560734,1734,0.6983852364475202,0.30161476355247985,QuestionId_157,train
158,images/158.jpg,0.393618362825759,0.0501998505955986,2208,0.4008152173913043,0.5991847826086957,QuestionId_158,train
159,images/159.jpg,0.560811329656417,0.0519732529464241,2136,0.3684456928838951,0.6315543071161049,QuestionId_159,train
160,images/160.jpg,-0.590041206774072,0.0492267663221088,2237,0.6034868126955745,0.39651318730442553,QuestionId_160,test
161,images/161.jpg,0.740081360725802,0.0488260515625815,2547,0.331370239497448,0.668629760502552,QuestionId_161,train
162,images/162.jpg,0.494981051251322,0.0586564254690767,1572,0.3880407124681934,0.6119592875318066,QuestionId_162,train
163,images/163.jpg,-1.24033452287461,0.099741508731141,630,0.7555555555555555,0.24444444444444446,QuestionId_163,train
165,images/165.jpg,-0.427224681446021,0.0480592292517206,2294,0.5597210113339146,0.4402789886660854,QuestionId_165,train
167,images/167.jpg,0.340015873986702,0.0573688234970994,1601,0.42098688319800126,0.5790131168019987,QuestionId_167,train
168,images/168.jpg,-0.968038813238371,0.161910408079294,206,0.6990291262135923,0.30097087378640774,QuestionId_168,train
169,images/169.jpg,1.10310144484959,0.0543621994454975,2302,0.2619461337966985,0.7380538662033015,QuestionId_169,train
170,images/170.jpg,-0.66392054677333,0.0587996534023248,1541,0.6307592472420506,0.36924075275794943,QuestionId_170,train
171,images/171.jpg,-0.0176773585175453,0.0498498055863368,2116,0.5099243856332704,0.49007561436672964,QuestionId_171,train
172,images/172.jpg,1.00034463329548,0.0989116046735569,616,0.30194805194805197,0.698051948051948,QuestionId_172,train
174,images/174.jpg,0.621642895244396,0.0726343233557889,1018,0.3791748526522593,0.6208251473477406,QuestionId_174,train
176,images/176.jpg,-0.365038094824384,0.0650741234999973,1199,0.5779816513761468,0.42201834862385323,QuestionId_176,train
177,images/177.jpg,-0.0091005493736383,0.0459760140533645,2545,0.4793713163064833,0.5206286836935168,QuestionId_177,train
178,images/178.jpg,-2.09771969083656,0.0573889154783229,2903,0.8580778504994833,0.14192214950051674,QuestionId_178,test
181,images/181.jpg,0.890941771901992,0.100435145566459,574,0.31881533101045295,0.6811846689895471,QuestionId_181,train
182,images/182.jpg,1.09192329907354,0.0551535156208556,2245,0.26057906458797325,0.7394209354120267,QuestionId_182,train
183,images/183.jpg,0.0846627597867354,0.0457444944451579,2596,0.46070878274268107,0.539291217257319,QuestionId_183,train
184,images/184.jpg,-0.636528375816584,0.0473598446954736,2472,0.6193365695792881,0.38066343042071193,QuestionId_184,test
185,images/185.jpg,-0.922906969217037,0.0464535071202098,2715,0.6725598526703499,0.3274401473296501,QuestionId_185,test
186,images/186.jpg,0.523131445366331,0.0498555446969373,2318,0.37359792924935287,0.6264020707506471,QuestionId_186,train
187,images/187.jpg,-0.0541049368083707,0.0493413199912612,2184,0.49221611721611724,0.5077838827838828,QuestionId_187,test
190,images/190.jpg,-0.811153497979052,0.0468971304692863,2582,0.6479473276529821,0.35205267234701787,QuestionId_190,train
191,images/191.jpg,0.730098043040854,0.0801220083024363,869,0.34522439585730724,0.6547756041426928,QuestionId_191,test
193,images/193.jpg,-0.267359133619566,0.0480734102129111,2315,0.5395248380129589,0.4604751619870411,QuestionId_193,train
194,images/194.jpg,0.120518827404686,0.0617765240055868,1324,0.459214501510574,0.540785498489426,QuestionId_194,train
195,images/195.jpg,-1.37300668362351,0.0506771909486006,2554,0.7486296006264683,0.25137039937353167,QuestionId_195,train
196,images/196.jpg,-0.355549527594385,0.0583368495394665,1509,0.5672630881378397,0.43273691186216034,QuestionId_196,train
197,images/197.jpg,0.655169277237915,0.0522445399327973,2166,0.3476454293628809,0.6523545706371191,QuestionId_197,train
198,images/198.jpg,-0.0430357693293193,0.122711662401354,326,0.48773006134969327,0.5122699386503067,QuestionId_198,train
199,images/199.jpg,-1.48277000312554,0.0489777768852264,2966,0.7754551584625758,0.22454484153742416,QuestionId_199,train
200,images/200.jpg,-0.725347836701903,0.065056958742946,1245,0.6433734939759036,0.3566265060240964,QuestionId_200,train
201,images/201.jpg,0.511466531160449,0.0508937130689717,2128,0.40037593984962405,0.599624060150376,QuestionId_201,train
202,images/202.jpg,-1.61115838535279,0.0557837273493806,2231,0.7776781712236666,0.22232182877633344,QuestionId_202,train
203,images/203.jpg,0.104531912675185,0.075910044596567,855,0.47134502923976607,0.5286549707602339,QuestionId_203,train
204,images/204.jpg,0.281490794594589,0.0528226073383555,1908,0.42872117400419285,0.5712788259958071,QuestionId_204,test
205,images/205.jpg,0.20686173060426,0.108127977933471,425,0.45176470588235296,0.548235294117647,QuestionId_205,train
206,images/206.jpg,0.631232718284844,0.0515886970259181,2200,0.3559090909090909,0.644090909090909,QuestionId_206,test
207,images/207.jpg,-0.195709598068121,0.0493699451732564,2155,0.5443155452436195,0.45568445475638053,QuestionId_207,test
209,images/209.jpg,-1.15374946723114,0.0477669853749812,2723,0.7150201983106867,0.28497980168931325,QuestionId_209,train
210,images/210.jpg,0.559737003313092,0.0484971649488925,2460,0.3752032520325203,0.6247967479674796,QuestionId_210,train
211,images/211.jpg,-1.04314070824478,0.0510514279304428,2259,0.6892430278884463,0.31075697211155373,QuestionId_211,train
212,images/212.jpg,0.492438387086395,0.0492559623891971,2352,0.36947278911564624,0.6305272108843538,QuestionId_212,test
213,images/213.jpg,-0.59997387620818,0.0479941993520088,2361,0.5997458703939009,0.4002541296060991,QuestionId_213,train
214,images/214.jpg,0.369238653111728,0.0438809436135398,2895,0.4286701208981002,0.5713298791018998,QuestionId_214,train
215,images/215.jpg,0.511381987113693,0.0792702500794525,830,0.38674698795180723,0.6132530120481927,QuestionId_215,test
216,images/216.jpg,-0.374437229895246,0.0489837512122887,2217,0.5814163283716735,0.41858367162832655,QuestionId_216,train
217,images/217.jpg,0.377128963104582,0.0510235722782061,2139,0.40392706872370265,0.5960729312762973,QuestionId_217,train
218,images/218.jpg,1.0611723532447,0.0629264676311976,1607,0.28251400124455506,0.7174859987554449,QuestionId_218,test
219,images/219.jpg,0.110622546703134,0.0492630245377002,2211,0.45816372682044326,0.5418362731795567,QuestionId_219,train
221,images/221.jpg,-0.162606513234634,0.0898463325799624,617,0.5510534846029174,0.44894651539708263,QuestionId_221,test
222,images/222.jpg,-0.637783547682379,0.0586260993460597,1520,0.6013157894736842,0.39868421052631575,QuestionId_222,train
224,images/224.jpg,0.0483793044978041,0.092491002020993,574,0.4843205574912892,0.5156794425087108,QuestionId_224,train
226,images/226.jpg,0.385670769478519,0.0515640979487369,2105,0.3833729216152019,0.616627078384798,QuestionId_226,train
227,images/227.jpg,-0.836291687686866,0.057313773015861,1704,0.6731220657276995,0.3268779342723005,QuestionId_227,test
228,images/228.jpg,0.59373724616867,0.0947313412320741,588,0.39285714285714285,0.6071428571428572,QuestionId_228,train
229,images/229.jpg,0.730223042488576,0.0965492942533546,583,0.3670668953687822,0.6329331046312179,QuestionId_229,train
230,images/230.jpg,0.98763731002689,0.0641591763640742,1500,0.3,0.7,QuestionId_230,train
231,images/231.jpg,-1.16683313511334,0.0539597750978125,2173,0.7367694431661298,0.2632305568338702,QuestionId_231,train
232,images/232.jpg,0.0243084519696714,0.0915875746358857,593,0.5092748735244519,0.4907251264755481,QuestionId_232,train
233,images/233.jpg,-0.0856087610269131,0.0454781508707006,2606,0.49002302379125096,0.509976976208749,QuestionId_233,train
234,images/234.jpg,0.279015703378835,0.0460603122142027,2617,0.4214749713412304,0.5785250286587695,QuestionId_234,train
235,images/235.jpg,0.302865129491178,0.052972892288548,1902,0.4242902208201893,0.5757097791798107,QuestionId_235,test
236,images/236.jpg,-0.322864250342491,0.0447508878845756,2706,0.5739098300073909,0.42609016999260907,QuestionId_236,train
237,images/237.jpg,0.799001704227253,0.056029115885077,1885,0.3273209549071618,0.6726790450928382,QuestionId_237,train
238,images/238.jpg,-0.392906361461284,0.0455760172652635,2595,0.5610789980732177,0.4389210019267823,QuestionId_238,train
241,images/241.jpg,0.899313879544903,0.055007236494014,2118,0.28942398489140697,0.710576015108593,QuestionId_241,train
242,images/242.jpg,0.51252564830067,0.0473848349859454,2565,0.3742690058479532,0.6257309941520468,QuestionId_242,train
243,images/243.jpg,-0.765735720771377,0.0561840613268104,1730,0.6543352601156069,0.34566473988439306,QuestionId_243,train
245,images/245.jpg,1.47577533368854,0.126376263681828,456,0.22587719298245615,0.7741228070175439,QuestionId_245,train
246,images/246.jpg,0.908398808234785,0.0683302552925168,1265,0.3090909090909091,0.6909090909090909,QuestionId_246,test
247,images/247.jpg,-0.236043572859589,0.0725892664576387,945,0.5470899470899471,0.45291005291005293,QuestionId_247,train
248,images/248.jpg,-1.33158474919732,0.0525366660708945,2355,0.7447983014861995,0.2552016985138005,QuestionId_248,test
249,images/249.jpg,-0.460769510606997,0.0465904669243327,2500,0.5824,0.41759999999999997,QuestionId_249,train
250,images/250.jpg,-1.09705414675025,0.0504758423137114,2355,0.6997876857749469,0.3002123142250531,QuestionId_250,test
251,images/251.jpg,1.47972069111161,0.0656556498689736,1723,0.2211259431224608,0.7788740568775392,QuestionId_251,train
252,images/252.jpg,-1.00627500895727,0.0456253144027791,2928,0.694672131147541,0.305327868852459,QuestionId_252,train
255,images/255.jpg,-0.187838855660462,0.0435867460127583,2867,0.5315660969654691,0.4684339030345309,QuestionId_255,train
256,images/256.jpg,-0.90068710186853,0.0608944704548151,1480,0.6682432432432432,0.33175675675675675,QuestionId_256,train
257,images/257.jpg,-1.43298128218692,0.138795235467457,322,0.7577639751552795,0.2422360248447205,QuestionId_257,train
258,images/258.jpg,0.955949052776948,0.113518058737516,459,0.30718954248366015,0.6928104575163399,QuestionId_258,train
259,images/259.jpg,-0.503928032114042,0.0551531219745912,1731,0.58578856152513,0.41421143847486996,QuestionId_259,train
260,images/260.jpg,-0.999540642260202,0.050409256609086,2293,0.6807675534234627,0.31923244657653727,QuestionId_260,train
261,images/261.jpg,-0.003608590382021,0.049703596972879,2149,0.46254071661237783,0.5374592833876222,QuestionId_261,test
262,images/262.jpg,0.563329769644818,0.0566203941416869,1707,0.37785588752196836,0.6221441124780316,QuestionId_262,test
263,images/263.jpg,0.189606241552815,0.0463593632130675,2551,0.4390435123480988,0.5609564876519012,QuestionId_263,train
264,images/264.jpg,-0.301449651105495,0.0546146000849156,1730,0.5641618497109827,0.4358381502890173,QuestionId_264,train
265,images/265.jpg,0.321894576513884,0.0457865255067098,2604,0.4400921658986175,0.5599078341013826,QuestionId_265,train
267,images/267.jpg,0.21963493595247,0.0528482233994153,1891,0.44103648863035433,0.5589635113696456,QuestionId_267,train
268,images/268.jpg,0.867113256230335,0.100767467246172,565,0.32035398230088497,0.679646017699115,QuestionId_268,train
271,images/271.jpg,0.530546012150758,0.0763463374885908,911,0.38748627881448955,0.6125137211855105,QuestionId_271,train
272,images/272.jpg,-1.32166681368337,0.135910490493696,322,0.7391304347826086,0.26086956521739135,QuestionId_272,train
273,images/273.jpg,1.03197042919024,0.084300573589865,861,0.2926829268292683,0.7073170731707317,QuestionId_273,train
274,images/274.jpg,-0.332516198148744,0.0453096022885747,2639,0.5763546798029556,0.4236453201970444,QuestionId_274,train
275,images/275.jpg,0.366965373306774,0.0709987046396076,1021,0.4309500489715965,0.5690499510284035,QuestionId_275,train
276,images/276.jpg,1.13183681918361,0.0516277763973666,2575,0.26485436893203884,0.7351456310679612,QuestionId_276,train
277,images/277.jpg,-0.100516874100063,0.0549615887034032,1700,0.5088235294117647,0.4911764705882353,QuestionId_277,train
278,images/278.jpg,-0.298653363664273,0.0449879089836443,2658,0.5413844996237773,0.4586155003762227,QuestionId_278,train
279,images/279.jpg,0.459681209502163,0.0511534670626887,2160,0.38796296296296295,0.612037037037037,QuestionId_279,test
280,images/280.jpg,0.469790487044994,0.0650509847898429,1246,0.39325842696629215,0.6067415730337078,QuestionId_280,train
281,images/281.jpg,-1.00576494813301,0.0497913870278663,2385,0.6872117400419288,0.31278825995807125,QuestionId_281,test
282,images/282.jpg,1.07650259175527,0.0513786954957767,2555,0.27436399217221136,0.7256360078277886,QuestionId_282,train
283,images/283.jpg,-0.387069978369029,0.0451423396224558,2650,0.5539622641509434,0.4460377358490566,QuestionId_283,train
284,images/284.jpg,-0.805470357025134,0.0468837470806756,2578,0.6466252909231963,0.3533747090768037,QuestionId_284,test
285,images/285.jpg,-0.869550820708977,0.0489041303119989,2361,0.6514188903007201,0.3485811096992799,QuestionId_285,train
286,images/286.jpg,0.789631339662925,0.0991867374311238,570,0.3333333333333333,0.6666666666666667,QuestionId_286,train
288,images/288.jpg,-0.0107406849051804,0.0764637465083023,838,0.49522673031026254,0.5047732696897375,QuestionId_288,train
289,images/289.jpg,-0.107588132218367,0.0496620293706668,2137,0.4843238184370613,0.5156761815629387,QuestionId_289,train
290,images/290.jpg,-0.872215502448609,0.0461502301924487,2686,0.6530156366344005,0.34698436336559946,QuestionId_290,train
291,images/291.jpg,0.620660176698577,0.0604187339565969,1526,0.36631716906946266,0.6336828309305373,QuestionId_291,train
292,images/292.jpg,-0.414677949566255,0.0473102805893407,2377,0.5662599915860328,0.4337400084139672,QuestionId_292,test
293,images/293.jpg,-0.44588544614172,0.0453323091279986,2634,0.5660592255125285,0.4339407744874715,QuestionId_293,train
295,images/295.jpg,-1.5160660332434,0.052993742015164,2622,0.7929061784897025,0.20709382151029754,QuestionId_295,train
297,images/297.jpg,0.0888241910692666,0.0468959087960715,2458,0.467046379170057,0.532953620829943,QuestionId_297,train
298,images/298.jpg,-0.12949650131214,0.0488251805088709,2201,0.530213539300318,0.469786460699682,QuestionId_298,train
300,images/300.jpg,-0.100424390571285,0.048324466804422,2289,0.5041502839667977,0.49584971603320227,QuestionId_300,train
301,images/301.jpg,1.07855629583899,0.0856125527297706,836,0.2822966507177033,0.7177033492822966,QuestionId_301,train
302,images/302.jpg,0.498440706893405,0.0722992778536924,1002,0.4041916167664671,0.5958083832335329,QuestionId_302,test
304,images/304.jpg,-0.43605682905531,0.0480384707204752,2297,0.5616020896821942,0.43839791031780584,QuestionId_304,test
305,images/305.jpg,-1.44725179037754,0.0878962342205943,876,0.7831050228310502,0.2168949771689498,QuestionId_305,train
306,images/306.jpg,-0.850416253912231,0.0676126237949475,1205,0.6755186721991702,0.32448132780082983,QuestionId_306,train
307,images/307.jpg,1.24232779554234,0.0558083897662728,2153,0.2675336739433349,0.7324663260566651,QuestionId_307,train
308,images/308.jpg,1.17904812625562,0.0968442147112872,688,0.27180232558139533,0.7281976744186047,QuestionId_308,train
310,images/310.jpg,0.554793398244136,0.0513001772208064,2183,0.36875858909757214,0.6312414109024278,QuestionId_310,train
311,images/311.jpg,-0.118335158838087,0.0450949517469824,2652,0.5098039215686274,0.4901960784313726,QuestionId_311,train
312,images/312.jpg,-2.14653526459465,0.0585104932761364,2796,0.8594420600858369,0.1405579399141631,QuestionId_312,train
314,images/314.jpg,-0.833711655742663,0.0465762824633233,2625,0.6506666666666666,0.3493333333333334,QuestionId_314,train
316,images/316.jpg,0.986870621905022,0.0945694392969455,672,0.3020833333333333,0.6979166666666667,QuestionId_316,test
317,images/317.jpg,-0.534488836985053,0.0589094050954912,1485,0.593939393939394,0.406060606060606,QuestionId_317,train
319,images/319.jpg,-0.110526409488249,0.0437102801590339,2849,0.5156195156195156,0.4843804843804844,QuestionId_319,train
320,images/320.jpg,-1.36145409926384,0.137563465510598,319,0.7460815047021944,0.25391849529780564,QuestionId_320,train
321,images/321.jpg,-1.23551681100412,0.102695068517683,590,0.752542372881356,0.24745762711864405,QuestionId_321,train
323,images/323.jpg,-0.953023105590849,0.0573753292218138,1720,0.6796511627906977,0.3203488372093023,QuestionId_323,train
324,images/324.jpg,0.765168792263477,0.0971099736981242,590,0.3423728813559322,0.6576271186440679,QuestionId_324,train
325,images/325.jpg,0.298407865546275,0.0467094527809801,2548,0.4171899529042386,0.5828100470957613,QuestionId_325,train
326,images/326.jpg,0.0702773651538809,0.0501396124002278,2125,0.4470588235294118,0.5529411764705883,QuestionId_326,train
327,images/327.jpg,0.318971187731959,0.0496456559689403,2244,0.41221033868092694,0.5877896613190731,QuestionId_327,train
328,images/328.jpg,-0.474680289560682,0.048724651071578,2272,0.5809859154929577,0.41901408450704225,QuestionId_328,train
330,images/330.jpg,-0.400773902104176,0.0866543111591494,665,0.5834586466165413,0.41654135338345866,QuestionId_330,train
331,images/331.jpg,-0.179272767197602,0.0754260811037358,879,0.5460750853242321,0.4539249146757679,QuestionId_331,train
332,images/332.jpg,-0.540469040602141,0.043811049402628,2910,0.6037800687285223,0.3962199312714777,QuestionId_332,train
333,images/333.jpg,-0.255824446989836,0.0455783263757354,2584,0.5344427244582043,0.4655572755417957,QuestionId_333,test
334,images/334.jpg,0.578669877790749,0.0950466541890459,583,0.39622641509433965,0.6037735849056604,QuestionId_334,train
335,images/335.jpg,0.246617096743609,0.0469730724935085,2491,0.4355680449618627,0.5644319550381374,QuestionId_335,train
337,images/337.jpg,-0.619491286415276,0.0457501635941019,2652,0.6134992458521871,0.38650075414781293,QuestionId_337,train
338,images/338.jpg,1.13269494905041,0.0562741655914353,2163,0.26537216828478966,0.7346278317152104,QuestionId_338,train
339,images/339.jpg,1.30887265328099,0.105224196888249,586,0.26621160409556316,0.7337883959044369,QuestionId_339,train
341,images/341.jpg,0.126345551138763,0.0568180314915924,1606,0.46077210460772106,0.5392278953922789,QuestionId_341,train
342,images/342.jpg,0.432594626905807,0.0448932881696595,2823,0.3928444916755225,0.6071555083244775,QuestionId_342,test
343,images/343.jpg,-0.6415582220529,0.0505074318058005,2157,0.6360686138154845,0.3639313861845155,QuestionId_343,train
344,images/344.jpg,-0.90069463784412,0.0457066799707425,2787,0.6666666666666666,0.33333333333333337,QuestionId_344,train
346,images/346.jpg,-0.371593328889316,0.049313945213821,2188,0.5548446069469836,0.44515539305301643,QuestionId_346,train
348,images/348.jpg,-0.566713893209867,0.0639793181865478,1255,0.6111553784860557,0.3888446215139443,QuestionId_348,test
349,images/349.jpg,-1.2004406133558,0.0497905966542926,2627,0.7426722497145032,0.2573277502854968,QuestionId_349,train
350,images/350.jpg,-0.845289825398797,0.0656382910588266,1255,0.6669322709163347,0.33306772908366533,QuestionId_350,train
351,images/351.jpg,0.993508242981426,0.0600584773831535,1701,0.2986478542034098,0.7013521457965902,QuestionId_351,train
353,images/353.jpg,0.172106055990671,0.0752797266104144,891,0.4601571268237935,0.5398428731762065,QuestionId_353,train
354,images/354.jpg,0.328889238644001,0.0712454005257724,1008,0.4384920634920635,0.5615079365079365,QuestionId_354,train
355,images/355.jpg,0.0823687011368822,0.0997118471321456,494,0.4777327935222672,0.5222672064777327,QuestionId_355,train
358,images/358.jpg,0.752979499238027,0.081529104034297,846,0.3404255319148936,0.6595744680851063,QuestionId_358,test
359,images/359.jpg,0.0151252976573668,0.0652840909913942,1178,0.49745331069609505,0.502546689303905,QuestionId_359,train
360,images/360.jpg,-0.598229768991412,0.0460194277726022,2590,0.6027027027027027,0.39729729729729735,QuestionId_360,train
361,images/361.jpg,0.341387261106028,0.0491902701608216,2303,0.4085974815458098,0.5914025184541902,QuestionId_361,train
362,images/362.jpg,0.451640846666487,0.0566435829987749,1691,0.39503252513305737,0.6049674748669427,QuestionId_362,train
363,images/363.jpg,-1.02301296818349,0.0480245830377928,2673,0.7119341563786008,0.2880658436213992,QuestionId_363,train
364,images/364.jpg,0.475184139590014,0.0582231257335264,1604,0.38965087281795513,0.6103491271820449,QuestionId_364,train
365,images/365.jpg,0.929794235013866,0.0524741106258245,2208,0.317481884057971,0.682518115942029,QuestionId_365,train
367,images/367.jpg,-0.503413564829959,0.0486260161850623,2292,0.5881326352530541,0.41186736474694585,QuestionId_367,train
368,images/368.jpg,-0.425177351319255,0.0483930316435374,2299,0.5715528490648107,0.42844715093518926,QuestionId_368,train
369,images/369.jpg,-0.690735550637481,0.0493371511877327,2257,0.6207354895879486,0.37926451041205145,QuestionId_369,train
370,images/370.jpg,-0.287299818311384,0.0439142745373593,2831,0.5524549629106322,0.44754503708936777,QuestionId_370,train
371,images/371.jpg,0.459362446317111,0.0472471464200334,2545,0.39528487229862475,0.6047151277013753,QuestionId_371,train
372,images/372.jpg,-0.641218764622665,0.045851546726322,2646,0.6175359032501889,0.3824640967498111,QuestionId_372,train
373,images/373.jpg,-0.353581929756276,0.0486943230586563,2249,0.5522454424188529,0.44775455758114713,QuestionId_373,train
375,images/375.jpg,-0.216014603727899,0.0755742931498911,876,0.5536529680365296,0.44634703196347036,QuestionId_375,train
376,images/376.jpg,-0.891826798476943,0.0496648133083517,2334,0.6658097686375322,0.33419023136246784,QuestionId_376,test
377,images/377.jpg,-0.28281970736883,0.123801235278462,319,0.5360501567398119,0.46394984326018807,QuestionId_377,train
378,images/378.jpg,0.43088384269855,0.0889163977855742,656,0.40396341463414637,0.5960365853658536,QuestionId_378,train
379,images/379.jpg,0.460168234361697,0.0473249165881228,2535,0.3932938856015779,0.606706114398422,QuestionId_379,train
380,images/380.jpg,0.325293142345433,0.059778114425946,1471,0.41332426920462273,0.5866757307953773,QuestionId_380,train
383,images/383.jpg,-1.70360420435886,0.0567012410385054,2352,0.8035714285714286,0.1964285714285714,QuestionId_383,train
384,images/384.jpg,0.442197771518357,0.0534765956649619,1908,0.39622641509433965,0.6037735849056604,QuestionId_384,train
385,images/385.jpg,0.522107535956304,0.0602870611799247,1501,0.38574283810792803,0.614257161892072,QuestionId_385,train
386,images/386.jpg,-0.0125215128929797,0.0763428789318571,856,0.5105140186915887,0.48948598130841126,QuestionId_386,train
387,images/387.jpg,0.79212587505939,0.100795034130642,554,0.33212996389891697,0.667870036101083,QuestionId_387,test
388,images/388.jpg,0.802241564127081,0.0974306905601167,582,0.3539518900343643,0.6460481099656357,QuestionId_388,train
389,images/389.jpg,-0.256140897986644,0.0463535713426469,2504,0.5411341853035144,0.4588658146964856,QuestionId_389,test
390,images/390.jpg,0.562215033482655,0.0978028397454462,554,0.37545126353790614,0.6245487364620939,QuestionId_390,train
391,images/391.jpg,0.187134669618941,0.0443365214954593,2797,0.44333214158026457,0.5566678584197354,QuestionId_391,train
392,images/392.jpg,-0.296685687681741,0.0489240453635705,2217,0.5430762291384754,0.4569237708615246,QuestionId_392,train
394,images/394.jpg,-1.41195750612209,0.0520443328402288,2601,0.7770088427527874,0.22299115724721263,QuestionId_394,test
396,images/396.jpg,-1.74248007003953,0.0630308705010691,1932,0.8141821946169773,0.18581780538302273,QuestionId_396,train
398,images/398.jpg,0.0560604009144299,0.0703670350686798,1012,0.4950592885375494,0.5049407114624507,QuestionId_398,train
402,images/402.jpg,0.075583713025645,0.0483908031977058,2305,0.462472885032538,0.5375271149674621,QuestionId_402,train
403,images/403.jpg,-0.910034205280483,0.0503885426198246,2203,0.6522923286427599,0.3477076713572401,QuestionId_403,train
404,images/404.jpg,0.210835347729316,0.0639071364700707,1265,0.4482213438735178,0.5517786561264821,QuestionId_404,train
405,images/405.jpg,-1.61588998358257,0.0506537491565712,2930,0.7959044368600683,0.2040955631399317,QuestionId_405,test
406,images/406.jpg,-1.46095271363385,0.0575313139577108,2131,0.7836696386672923,0.21633036133270767,QuestionId_406,train
409,images/409.jpg,-0.355305946474084,0.0437593477746443,2863,0.5665385958784491,0.4334614041215509,QuestionId_409,train
410,images/410.jpg,-1.75583313287177,0.0565431880103055,2354,0.8033135089209855,0.19668649107901448,QuestionId_410,train
411,images/411.jpg,-0.426605801630453,0.0890750611240277,625,0.5872,0.41279999999999994,QuestionId_411,train
412,images/412.jpg,-0.140741452188786,0.0553276065748336,1675,0.5170149253731343,0.4829850746268657,QuestionId_412,train
413,images/413.jpg,-0.683670379709733,0.0510033524877527,2140,0.6467289719626168,0.3532710280373832,QuestionId_413,train
414,images/414.jpg,-1.73928936839594,0.0799835170772126,1210,0.8214876033057851,0.17851239669421493,QuestionId_414,train
415,images/415.jpg,0.404979812243233,0.0773876159839745,861,0.42392566782810687,0.5760743321718931,QuestionId_415,train
416,images/416.jpg,0.450577333621869,0.047999605781941,2460,0.39634146341463417,0.6036585365853658,QuestionId_416,train
417,images/417.jpg,-0.0554929757240892,0.0459334947353855,2545,0.4919449901768173,0.5080550098231826,QuestionId_417,train
420,images/420.jpg,-1.5006658300111,0.0546855781750084,2220,0.7599099099099099,0.24009009009009008,QuestionId_420,train
421,images/421.jpg,-1.31213170542483,0.0485697153729221,2820,0.7485815602836879,0.25141843971631206,QuestionId_421,train
423,images/423.jpg,0.568668283336513,0.0502718358653388,2300,0.36478260869565216,0.6352173913043478,QuestionId_423,train
424,images/424.jpg,0.569350253373503,0.057081009892923,1711,0.36937463471654003,0.6306253652834599,QuestionId_424,train
430,images/430.jpg,0.948948227747257,0.0976339298466936,621,0.3107890499194847,0.6892109500805152,QuestionId_430,train
431,images/431.jpg,-0.913790677928554,0.0662239566576526,1253,0.6799680766161214,0.32003192338387865,QuestionId_431,train
432,images/432.jpg,-0.695643110523424,0.0785791330949773,837,0.6391875746714456,0.3608124253285544,QuestionId_432,test
433,images/433.jpg,-0.0362974092281481,0.0464533181091136,2495,0.49579158316633265,0.5042084168336673,QuestionId_433,train
434,images/434.jpg,0.558839868830147,0.0568191275239462,1693,0.37920850561134084,0.6207914943886592,QuestionId_434,train
435,images/435.jpg,-0.348395476932209,0.0484515766413227,2263,0.5444100751215201,0.45558992487847993,QuestionId_435,train
436,images/436.jpg,-1.25443030813298,0.0530575511589655,2224,0.7302158273381295,0.2697841726618705,QuestionId_436,train
437,images/437.jpg,0.757015053633986,0.0693417248226497,1164,0.3470790378006873,0.6529209621993127,QuestionId_437,train
438,images/438.jpg,-0.696709299380624,0.0460099164387045,2659,0.6336968785257616,0.3663031214742384,QuestionId_438,train
439,images/439.jpg,1.20427682908105,0.0544734606028588,2347,0.25990626331487005,0.7400937366851299,QuestionId_439,test
440,images/440.jpg,-1.87415721537977,0.0743186761549167,1444,0.8289473684210527,0.17105263157894735,QuestionId_440,train
441,images/441.jpg,-1.21086757840784,0.0691879988888132,1265,0.7328063241106719,0.2671936758893281,QuestionId_441,train
445,images/445.jpg,0.282092366500183,0.0474071105845184,2454,0.42746536267318663,0.5725346373268134,QuestionId_445,train
446,images/446.jpg,0.133615260540558,0.0451408965007449,2667,0.46194225721784776,0.5380577427821522,QuestionId_446,test
448,images/448.jpg,0.0575731589297071,0.0453992131146685,2622,0.4774980930587338,0.5225019069412662,QuestionId_448,test
449,images/449.jpg,-0.219455679285001,0.0437659511373359,2818,0.5273243435060326,0.47267565649396737,QuestionId_449,train
451,images/451.jpg,-1.58291886071413,0.0550696019361996,2325,0.7810752688172043,0.21892473118279565,QuestionId_451,test
452,images/452.jpg,-1.17083111172728,0.0585292053892751,1752,0.7151826484018264,0.28481735159817356,QuestionId_452,train
453,images/453.jpg,-0.0254747249366837,0.0461575297855199,2531,0.4938759383642829,0.5061240616357171,QuestionId_453,test
455,images/455.jpg,0.975948268067621,0.103560398568843,556,0.30035971223021585,0.6996402877697842,QuestionId_455,train
456,images/456.jpg,0.495447638878787,0.0540185283073216,1888,0.3850635593220339,0.614936440677966,QuestionId_456,train
457,images/457.jpg,-1.29726198388865,0.0500405340709136,2552,0.7355015673981191,0.2644984326018809,QuestionId_457,train
459,images/459.jpg,-1.07863380708252,0.0553532059582088,1931,0.7068876229932677,0.2931123770067323,QuestionId_459,train
460,images/460.jpg,-0.945762830351589,0.0455200899236811,2894,0.6834830684174154,0.31651693158258465,QuestionId_460,train
461,images/461.jpg,-1.00304451225511,0.0473163319616351,2638,0.6830932524639879,0.3169067475360121,QuestionId_461,train
462,images/462.jpg,-1.28482140546549,0.0481366683184287,2914,0.7549759780370625,0.2450240219629375,QuestionId_462,train
463,images/463.jpg,-0.0944914566231655,0.0447399432907733,2698,0.5040770941438102,0.4959229058561898,QuestionId_463,test
464,images/464.jpg,-1.700376421757,0.0558934949713879,2395,0.8016701461377871,0.1983298538622129,QuestionId_464,train
465,images/465.jpg,-0.534487068450087,0.0499637661894509,2155,0.5911832946635731,0.4088167053364269,QuestionId_465,test
466,images/466.jpg,-0.566318891683248,0.0929458025868808,601,0.6306156405990017,0.36938435940099834,QuestionId_466,train
467,images/467.jpg,0.456965022246115,0.0611626288358928,1433,0.3866015352407537,0.6133984647592463,QuestionId_467,test
468,images/468.jpg,-1.17571063808254,0.0561927535973297,1929,0.7242094349403836,0.2757905650596164,QuestionId_468,test
469,images/469.jpg,-0.825856648860727,0.049457607372721,2299,0.647672901261418,0.35232709873858203,QuestionId_469,train
470,images/470.jpg,0.804986847862217,0.0993211208604548,570,0.33157894736842103,0.668421052631579,QuestionId_470,train
472,images/472.jpg,-1.27021684129398,0.0515825486127704,2370,0.7329113924050633,0.2670886075949367,QuestionId_472,train
473,images/473.jpg,-1.7140159435566,0.0560886449292611,2393,0.8035938152946093,0.19640618470539073,QuestionId_473,train
474,images/474.jpg,0.174354805143377,0.0555899707969946,1713,0.44424985405720957,0.5557501459427905,QuestionId_474,train
475,images/475.jpg,-0.252488403421034,0.047486574780123,2340,0.5222222222222223,0.47777777777777775,QuestionId_475,train
476,images/476.jpg,0.392931323982817,0.0777218838259519,852,0.4272300469483568,0.5727699530516432,QuestionId_476,train
480,images/480.jpg,-1.40376489819035,0.0526751658075126,2351,0.7486176095278605,0.2513823904721395,QuestionId_480,train
482,images/482.jpg,-0.753044237833027,0.126128381360094,321,0.632398753894081,0.36760124610591904,QuestionId_482,test
483,images/483.jpg,0.500465278970485,0.0607039862764465,1473,0.3781398506449423,0.6218601493550577,QuestionId_483,train
484,images/484.jpg,0.137089105836571,0.0435305796668422,2881,0.4762235334953141,0.5237764665046859,QuestionId_484,train
485,images/485.jpg,-0.990703037988307,0.0508067650637532,2248,0.6788256227758007,0.3211743772241993,QuestionId_485,train
486,images/486.jpg,0.487980232804443,0.0511186187202831,2180,0.3798165137614679,0.620183486238532,QuestionId_486,train
487,images/487.jpg,0.452389450024664,0.0629751893741663,1333,0.3900975243810953,0.6099024756189046,QuestionId_487,train
488,images/488.jpg,-1.54547594264205,0.0648935352924789,1646,0.784325637910085,0.21567436208991497,QuestionId_488,train
489,images/489.jpg,0.136343452724877,0.0661384489606051,1156,0.47145328719723184,0.5285467128027681,QuestionId_489,train
490,images/490.jpg,-0.9255533975596,0.0679851682828893,1215,0.6897119341563785,0.31028806584362145,QuestionId_490,test
491,images/491.jpg,0.209996271044728,0.0592310106523874,1499,0.4242828552368246,0.5757171447631755,QuestionId_491,train
492,images/492.jpg,-0.420061950955411,0.0495404250805971,2176,0.5914522058823529,0.4085477941176471,QuestionId_492,train
493,images/493.jpg,0.83509414477371,0.0525421930297771,2231,0.3177947108919767,0.6822052891080232,QuestionId_493,train
494,images/494.jpg,0.0376075665747632,0.0441113795904806,2789,0.4736464682681965,0.5263535317318035,QuestionId_494,train
495,images/495.jpg,0.959769171262317,0.0522841440919785,2360,0.29533898305084744,0.7046610169491525,QuestionId_495,train
496,images/496.jpg,0.0067780542207812,0.0498238004659321,2148,0.4790502793296089,0.520949720670391,QuestionId_496,train
497,images/497.jpg,-0.350884575871846,0.0502275560898813,2108,0.5792220113851992,0.42077798861480076,QuestionId_497,train
498,images/498.jpg,0.448368039507843,0.0537008914186356,1894,0.39440337909186907,0.6055966209081309,QuestionId_498,train
500,images/500.jpg,1.58306071209193,0.0565798491827058,2585,0.19961315280464217,0.8003868471953578,QuestionId_500,train
501,images/501.jpg,-1.50827602174998,0.0581058615760097,2132,0.7908067542213884,0.20919324577861165,QuestionId_501,train
502,images/502.jpg,-0.107382615076527,0.0434893457025776,2881,0.5150989239847276,0.48490107601527244,QuestionId_502,test
503,images/503.jpg,-1.13622338149837,0.0520064342433306,2172,0.6942909760589319,0.30570902394106814,QuestionId_503,train
505,images/505.jpg,-0.546943693278153,0.0482240698158785,2321,0.5881085738905644,0.41189142610943563,QuestionId_505,train
506,images/506.jpg,-0.564401055376234,0.0476808275670669,2372,0.5973861720067454,0.4026138279932546,QuestionId_506,train
507,images/507.jpg,-0.68673244443967,0.0502597565204379,2198,0.6451319381255687,0.3548680618744313,QuestionId_507,train
508,images/508.jpg,-1.44600644835685,0.0628320664622651,1686,0.769276393831554,0.230723606168446,QuestionId_508,train
509,images/509.jpg,-0.491952151960485,0.0487097055146878,2263,0.5797613787008395,0.42023862129916045,QuestionId_509,train
510,images/510.jpg,-0.23068175092341,0.0760199449934253,848,0.5424528301886793,0.4575471698113207,QuestionId_510,train
511,images/511.jpg,-1.86532885763645,0.148538286503896,346,0.8236994219653179,0.17630057803468213,QuestionId_511,test
513,images/513.jpg,-0.203133510120837,0.0488822532986156,2222,0.5198019801980198,0.4801980198019802,QuestionId_513,train
514,images/514.jpg,-0.305817149482434,0.0552287886661921,1689,0.5523978685612788,0.4476021314387212,QuestionId_514,train
515,images/515.jpg,0.234646883643374,0.0871368276696322,664,0.4457831325301205,0.5542168674698795,QuestionId_515,train
517,images/517.jpg,-0.675381125897026,0.0491771469907002,2286,0.6224846894138233,0.3775153105861767,QuestionId_517,train
519,images/519.jpg,-0.713174652661643,0.0482055343856647,2368,0.6203547297297297,0.3796452702702703,QuestionId_519,train
520,images/520.jpg,-0.209025685659883,0.0433551179521815,2897,0.5488436313427684,0.45115636865723163,QuestionId_520,train
522,images/522.jpg,-0.486095277307134,0.0479048028261838,2337,0.5733846812152332,0.4266153187847668,QuestionId_522,train
523,images/523.jpg,0.817676494010691,0.0584091281724608,1761,0.3202725724020443,0.6797274275979557,QuestionId_523,train
525,images/525.jpg,-0.110608054612334,0.0450549468953387,2649,0.5130237825594564,0.48697621744054365,QuestionId_525,train
526,images/526.jpg,0.0437211548498871,0.0521174872681483,1917,0.47835159102764735,0.5216484089723527,QuestionId_526,train
527,images/527.jpg,-1.14805327400866,0.0482577858095736,2663,0.7146075854299662,0.28539241457003384,QuestionId_527,train
528,images/528.jpg,1.36181685448563,0.0498720564507287,2887,0.24870107377900935,0.7512989262209906,QuestionId_528,train
529,images/529.jpg,-1.18766327976809,0.0471031996082594,2887,0.7273986837547627,0.2726013162452373,QuestionId_529,test
530,images/530.jpg,-0.370069262745575,0.0552142985707042,1702,0.5793184488836662,0.42068155111633376,QuestionId_530,train
532,images/532.jpg,-0.0171338332211273,0.124452253071029,318,0.4811320754716981,0.5188679245283019,QuestionId_532,train
533,images/533.jpg,-1.04446247920547,0.0461213734013625,2890,0.7024221453287197,0.2975778546712803,QuestionId_533,train
534,images/534.jpg,0.402305291940088,0.0665074254697771,1176,0.4166666666666667,0.5833333333333333,QuestionId_534,test
535,images/535.jpg,0.289319972521799,0.0560375524003638,1710,0.42105263157894735,0.5789473684210527,QuestionId_535,train
536,images/536.jpg,0.339723447820602,0.057665556210735,1599,0.4165103189493433,0.5834896810506567,QuestionId_536,train
537,images/537.jpg,0.944062963992712,0.0835950819427809,836,0.3050239234449761,0.6949760765550239,QuestionId_537,train
539,images/539.jpg,-2.01443364309423,0.0620137184347606,2246,0.8406055209260909,0.15939447907390913,QuestionId_539,test
540,images/540.jpg,-0.149689075780517,0.0623708776407476,1280,0.521875,0.478125,QuestionId_540,train
541,images/541.jpg,1.32847317122624,0.102360136100849,655,0.24580152671755726,0.7541984732824427,QuestionId_541,train
542,images/542.jpg,0.710495788201622,0.0966382625898861,579,0.37132987910189985,0.6286701208981001,QuestionId_542,train
543,images/543.jpg,0.945380135676505,0.0837267848629984,849,0.30624263839811544,0.6937573616018846,QuestionId_543,test
545,images/545.jpg,0.327447384422497,0.0490191741917533,2308,0.4172443674176776,0.5827556325823224,QuestionId_545,train
546,images/546.jpg,-0.766520551067142,0.0596961899584134,1492,0.6280160857908847,0.37198391420911525,QuestionId_546,train
547,images/547.jpg,-0.121191442267916,0.0431996922333323,2924,0.5170998632010944,0.48290013679890564,QuestionId_547,test
549,images/549.jpg,-0.0895381811511805,0.0866324639225519,655,0.5114503816793893,0.4885496183206107,QuestionId_549,train
550,images/550.jpg,0.3599386758328,0.063732877614399,1297,0.41942945258288356,0.5805705474171164,QuestionId_550,test
551,images/551.jpg,-0.430698533658553,0.0440591056743399,2839,0.5822472701655512,0.4177527298344488,QuestionId_551,train
552,images/552.jpg,0.214799973483897,0.0708129742643032,1009,0.4618434093161546,0.5381565906838455,QuestionId_552,train
553,images/553.jpg,-1.26987824309583,0.0645078277936095,1499,0.7438292194796531,0.2561707805203469,QuestionId_553,train
554,images/554.jpg,-0.0180463402370569,0.0486357877756885,2260,0.4756637168141593,0.5243362831858407,QuestionId_554,train
555,images/555.jpg,0.162759166990077,0.0555570674395182,1713,0.44658493870402804,0.553415061295972,QuestionId_555,train
559,images/559.jpg,0.565905262051056,0.0501999604467707,2307,0.36540962288686607,0.6345903771131339,QuestionId_559,train
560,images/560.jpg,0.963016800818565,0.0599063905474585,1693,0.303603071470762,0.696396928529238,QuestionId_560,train
561,images/561.jpg,-0.694866399248582,0.0916255596138398,615,0.6422764227642277,0.3577235772357723,QuestionId_561,train
563,images/563.jpg,-0.219633905792797,0.054873760423784,1724,0.5266821345707656,0.4733178654292344,QuestionId_563,test
564,images/564.jpg,-0.553988963941582,0.063744965553767,1280,0.60859375,0.39140624999999996,QuestionId_564,train
565,images/565.jpg,0.210890383266163,0.0570931299300254,1591,0.44751728472658703,0.552482715273413,QuestionId_565,train
566,images/566.jpg,-2.0015885257308,0.0620198177556263,2145,0.8312354312354312,0.1687645687645688,QuestionId_566,train
567,images/567.jpg,-1.4881376544195,0.0569326150196156,2195,0.7867881548974943,0.21321184510250568,QuestionId_567,train
569,images/569.jpg,0.135437012812894,0.104098663683063,458,0.4650655021834061,0.534934497816594,QuestionId_569,test
570,images/570.jpg,-0.516216646786625,0.0590141054225536,1496,0.6002673796791443,0.39973262032085566,QuestionId_570,train
571,images/571.jpg,-0.394332188042661,0.0560505288452186,1648,0.5703883495145631,0.4296116504854369,QuestionId_571,train
572,images/572.jpg,0.466053468018125,0.0597358740005426,1512,0.3968253968253968,0.6031746031746033,QuestionId_572,train
573,images/573.jpg,0.324528099164261,0.0896943438929333,634,0.42902208201892744,0.5709779179810726,QuestionId_573,test
574,images/574.jpg,-0.527475056703763,0.0497492825823936,2172,0.5870165745856354,0.4129834254143646,QuestionId_574,train
575,images/575.jpg,1.3650333771068,0.0900666065146366,859,0.239813736903376,0.760186263096624,QuestionId_575,train
576,images/576.jpg,-0.162004234965549,0.0743798579354028,900,0.53,0.47,QuestionId_576,train
577,images/577.jpg,-1.00587055029594,0.058419764012913,1682,0.692627824019025,0.307372175980975,QuestionId_577,test
579,images/579.jpg,-1.07796967150215,0.0512764283372389,2264,0.6987632508833922,0.3012367491166078,QuestionId_579,train
581,images/581.jpg,-1.56013361075636,0.066666805725726,1503,0.7717897538256819,0.22821024617431807,QuestionId_581,train
582,images/582.jpg,-0.450749009268713,0.0753575641731905,892,0.5908071748878924,0.40919282511210764,QuestionId_582,train
583,images/583.jpg,0.113221040281066,0.0455040058208762,2619,0.4658266513936617,0.5341733486063382,QuestionId_583,train
584,images/584.jpg,-0.387959829032467,0.063825784803527,1254,0.5733652312599681,0.4266347687400319,QuestionId_584,train
585,images/585.jpg,-0.7442595197692,0.0468500669486119,2546,0.6323644933228594,0.3676355066771406,QuestionId_585,test
586,images/586.jpg,1.27314426458313,0.0639357150963089,1698,0.24676089517078917,0.7532391048292109,QuestionId_586,train
587,images/587.jpg,0.168877627329703,0.0459019595608901,2611,0.437763309076982,0.562236690923018,QuestionId_587,test
588,images/588.jpg,0.89970239347012,0.0593934109027005,1745,0.3060171919770774,0.6939828080229227,QuestionId_588,train
589,images/589.jpg,0.484858073792807,0.0515011464854343,2141,0.3829985987856142,0.6170014012143858,QuestionId_589,train
591,images/591.jpg,-0.38536735018747,0.0650184641736588,1204,0.5822259136212624,0.4177740863787376,QuestionId_591,train
592,images/592.jpg,-0.547591087288049,0.0454561736435713,2642,0.5874337623012869,0.41256623769871315,QuestionId_592,train
594,images/594.jpg,-0.818181411514364,0.0599380474180341,1493,0.6383121232417951,0.3616878767582049,QuestionId_594,train
595,images/595.jpg,0.15960518702058,0.0945734597692385,554,0.4566787003610108,0.5433212996389891,QuestionId_595,train
596,images/596.jpg,-0.289230349851198,0.0452588215315737,2633,0.5499430307633878,0.4500569692366122,QuestionId_596,train
599,images/599.jpg,1.15166556023984,0.0486677954550591,2874,0.27279053583855256,0.7272094641614475,QuestionId_599,train
600,images/600.jpg,0.0879576830809243,0.0549640246760554,1699,0.4755738669805768,0.5244261330194232,QuestionId_600,test
601,images/601.jpg,-0.803933487920519,0.0482935492733757,2400,0.64625,0.35375,QuestionId_601,test
604,images/604.jpg,0.175903721490384,0.0662717697504209,1155,0.46320346320346323,0.5367965367965368,QuestionId_604,train
605,images/605.jpg,1.0959505298723,0.0513233960707,2581,0.2712127082526153,0.7287872917473848,QuestionId_605,train
609,images/609.jpg,0.186493988159823,0.0569594713975478,1595,0.4526645768025078,0.5473354231974922,QuestionId_609,train
610,images/610.jpg,-0.653511200053034,0.0464808937407221,2572,0.6216951788491446,0.3783048211508554,QuestionId_610,train
611,images/611.jpg,0.988756176276646,0.0532645453351053,2280,0.2942982456140351,0.7057017543859649,QuestionId_611,train
612,images/612.jpg,-1.19857054511302,0.0596591986889765,1711,0.72822910578609,0.27177089421391,QuestionId_612,train
614,images/614.jpg,-0.763957205719398,0.0462796002025318,2615,0.6309751434034416,0.36902485659655837,QuestionId_614,train
615,images/615.jpg,-0.528730454188608,0.0482675768968263,2291,0.5809690091663029,0.4190309908336971,QuestionId_615,train
616,images/616.jpg,-1.05166648736035,0.0461934645438454,2830,0.6946996466431096,0.30530035335689043,QuestionId_616,train
617,images/617.jpg,0.0444432905879323,0.0493840844456828,2197,0.46836595357305416,0.5316340464269458,QuestionId_617,test
618,images/618.jpg,0.773408797943152,0.133271050947756,322,0.32608695652173914,0.6739130434782609,QuestionId_618,train
620,images/620.jpg,0.32753200501775,0.077942271934682,846,0.4231678486997636,0.5768321513002364,QuestionId_620,train
622,images/622.jpg,-0.758515433949586,0.0534887948751772,1914,0.6452455590386625,0.35475444096133746,QuestionId_622,train
623,images/623.jpg,0.729635709104115,0.048533911598459,2578,0.3343677269200931,0.6656322730799069,QuestionId_623,train
624,images/624.jpg,0.548709982658359,0.0501644112188867,2291,0.35966826713225664,0.6403317328677434,QuestionId_624,train
625,images/625.jpg,-0.490726460047624,0.0437142908496616,2918,0.6069225496915696,0.39307745030843044,QuestionId_625,train
626,images/626.jpg,-0.237043242081174,0.0458188549240282,2552,0.5297805642633229,0.4702194357366771,QuestionId_626,train
627,images/627.jpg,0.240779828634443,0.0494778954617374,2236,0.4293381037567084,0.5706618962432917,QuestionId_627,train
628,images/628.jpg,0.711364069626561,0.0523657653369991,2175,0.3388505747126437,0.6611494252873563,QuestionId_628,train
629,images/629.jpg,-1.60044249590179,0.0547866056857058,2342,0.7801024765157984,0.21989752348420155,QuestionId_629,train
631,images/631.jpg,0.0927036863892379,0.0893000696086078,623,0.4767255216693419,0.5232744783306581,QuestionId_631,test
634,images/634.jpg,-1.91086631695104,0.0544207569567903,2842,0.830752990851513,0.169247009148487,QuestionId_634,test
635,images/635.jpg,-0.568032772580896,0.0451691019311002,2705,0.6022181146025878,0.3977818853974122,QuestionId_635,test
636,images/636.jpg,-1.27242561047788,0.0606881581204608,1713,0.7472270869819031,0.2527729130180969,QuestionId_636,train
637,images/637.jpg,-0.961350962881415,0.0472082060658072,2650,0.680377358490566,0.319622641509434,QuestionId_637,test
638,images/638.jpg,-0.0130613413670641,0.044968447007262,2677,0.4874859917818454,0.5125140082181546,QuestionId_638,train
639,images/639.jpg,-0.587793487355998,0.0441506239338374,2879,0.6137547759638764,0.3862452240361236,QuestionId_639,train
640,images/640.jpg,0.426494837533076,0.0491348998096089,2345,0.3859275053304904,0.6140724946695095,QuestionId_640,train
641,images/641.jpg,0.897224190424909,0.0615882063792909,1575,0.31238095238095237,0.6876190476190476,QuestionId_641,test
642,images/642.jpg,-0.117187234786142,0.0436200853224254,2861,0.5169521146452289,0.48304788535477106,QuestionId_642,train
643,images/643.jpg,-0.863969804794227,0.0799423612800859,865,0.6832369942196532,0.3167630057803468,QuestionId_643,train
644,images/644.jpg,-0.783851592262609,0.0483134929913161,2385,0.6348008385744235,0.3651991614255765,QuestionId_644,train
645,images/645.jpg,-0.909978841210356,0.0499527429079802,2313,0.6688283614353653,0.3311716385646347,QuestionId_645,train
646,images/646.jpg,-0.924569422683503,0.0470862729222252,2616,0.6685779816513762,0.33142201834862384,QuestionId_646,train
647,images/647.jpg,0.837104254954883,0.110467284623678,467,0.32762312633832974,0.6723768736616702,QuestionId_647,train
650,images/650.jpg,-0.304851249647721,0.0452187968756259,2630,0.5422053231939163,0.45779467680608366,QuestionId_650,test
652,images/652.jpg,-0.976703849248793,0.09728264356335,603,0.7081260364842454,0.29187396351575456,QuestionId_652,train
653,images/653.jpg,-0.748898798808419,0.0505087180491321,2164,0.6312384473197782,0.3687615526802218,QuestionId_653,train
654,images/654.jpg,-1.0009017989881,0.129744871438643,320,0.68125,0.31875,QuestionId_654,train
655,images/655.jpg,-0.503685852632094,0.0477273842181554,2375,0.5835789473684211,0.4164210526315789,QuestionId_655,test
656,images/656.jpg,-0.955552651018653,0.0570176245795138,1744,0.6754587155963303,0.3245412844036697,QuestionId_656,train
657,images/657.jpg,-0.830937441056205,0.0569544911650156,1705,0.6662756598240469,0.3337243401759531,QuestionId_657,test
658,images/658.jpg,-0.0381968159720763,0.046558985451945,2477,0.4937424303593056,0.5062575696406943,QuestionId_658,train
659,images/659.jpg,-0.869012530844479,0.0483906130789983,2422,0.6589595375722543,0.34104046242774566,QuestionId_659,train
661,images/661.jpg,1.29633314244076,0.0645508888359931,1674,0.24492234169653523,0.7550776583034647,QuestionId_661,train
662,images/662.jpg,0.0282619404169358,0.0595247157307525,1431,0.4751921733053808,0.5248078266946192,QuestionId_662,train
664,images/664.jpg,0.288178305790799,0.045561672723414,2621,0.4467760396795116,0.5532239603204884,QuestionId_664,train
665,images/665.jpg,-0.257800857575212,0.144646230731399,230,0.5434782608695652,0.4565217391304348,QuestionId_665,train
667,images/667.jpg,0.454048836435931,0.0578013707373044,1622,0.39395807644882863,0.6060419235511714,QuestionId_667,train
668,images/668.jpg,-1.08403017031474,0.0464020337999466,2934,0.7201772324471711,0.27982276755282887,QuestionId_668,test
669,images/669.jpg,0.235339841945882,0.0492684375485004,2192,0.4543795620437956,0.5456204379562044,QuestionId_669,train
670,images/670.jpg,0.761350006547731,0.0463937017493753,2825,0.34123893805309735,0.6587610619469026,QuestionId_670,train
672,images/672.jpg,-1.73101534375381,0.0659872337953546,1727,0.8094962362478286,0.19050376375217137,QuestionId_672,train
673,images/673.jpg,-1.52360866005855,0.0545375576695385,2348,0.7759795570698467,0.22402044293015333,QuestionId_673,train
674,images/674.jpg,0.424155596731995,0.0517369228429651,2107,0.375889890840057,0.624110109159943,QuestionId_674,train
675,images/675.jpg,-0.0402587887910563,0.0456696062366431,2577,0.4889406286379511,0.5110593713620488,QuestionId_675,test
676,images/676.jpg,-0.408434622073513,0.0437417866120859,2878,0.5771369006254343,0.4228630993745657,QuestionId_676,test
677,images/677.jpg,0.31584507562345,0.0546459493478847,1805,0.4166204986149584,0.5833795013850416,QuestionId_677,train
678,images/678.jpg,0.184230404320176,0.0457365670396328,2621,0.44105303319343764,0.5589469668065623,QuestionId_678,train
679,images/679.jpg,-2.19369075859079,0.0771281479578692,1546,0.8576972833117723,0.1423027166882277,QuestionId_679,test
681,images/681.jpg,0.0541815156314226,0.0891426717656408,623,0.48475120385232745,0.5152487961476726,QuestionId_681,train
682,images/682.jpg,-0.781613374712311,0.0564032773854601,1737,0.6620610247553252,0.33793897524467476,QuestionId_682,train
683,images/683.jpg,-1.12033828675224,0.0542766883788679,2107,0.7275747508305648,0.2724252491694352,QuestionId_683,train
684,images/684.jpg,0.831550007423358,0.0621913294646502,1567,0.3044033184428845,0.6955966815571155,QuestionId_684,test
685,images/685.jpg,-0.645960158957477,0.0583623927605935,1536,0.6028645833333334,0.39713541666666663,QuestionId_685,train
686,images/686.jpg,-0.318328858789827,0.0497197422954692,2146,0.5465983224603914,0.4534016775396086,QuestionId_686,train
687,images/687.jpg,-0.49810291025876,0.0552386787182962,1716,0.5891608391608392,0.41083916083916083,QuestionId_687,train
688,images/688.jpg,-1.38183358266335,0.061049645206471,1727,0.7515923566878981,0.24840764331210186,QuestionId_688,train
689,images/689.jpg,-0.611401135290497,0.124288275739381,324,0.6049382716049383,0.3950617283950617,QuestionId_689,train
690,images/690.jpg,-1.60256795811751,0.0656325887079741,1706,0.8030480656506448,0.1969519343493552,QuestionId_690,train
691,images/691.jpg,-0.931039272532255,0.0506792081013635,2184,0.6556776556776557,0.3443223443223443,QuestionId_691,train
695,images/695.jpg,-0.402243411750027,0.0560225488876427,1649,0.5718617343844754,0.4281382656155246,QuestionId_695,train
696,images/696.jpg,-0.262633655861621,0.045783855402932,2557,0.5350019554165037,0.46499804458349625,QuestionId_696,train
697,images/697.jpg,-0.532186923256411,0.093487772361127,571,0.6024518388791593,0.3975481611208407,QuestionId_697,train
700,images/700.jpg,-1.38156275559145,0.0620057496814164,1689,0.7590290112492599,0.24097098875074008,QuestionId_700,train
701,images/701.jpg,0.354596757587242,0.0642269228054082,1255,0.4159362549800797,0.5840637450199203,QuestionId_701,test
704,images/704.jpg,-0.363408144581769,0.0548574092444305,1723,0.5774811375507836,0.42251886244921644,QuestionId_704,train
705,images/705.jpg,0.0184614974705809,0.0762245397330782,860,0.5046511627906977,0.49534883720930234,QuestionId_705,train
706,images/706.jpg,-0.432048875307838,0.0586380835940955,1490,0.5590604026845638,0.4409395973154362,QuestionId_706,train
707,images/707.jpg,-0.603646442196326,0.0489320881685611,2270,0.6066079295154185,0.39339207048458147,QuestionId_707,train
709,images/709.jpg,0.956599191356118,0.0548489136154138,2135,0.297423887587822,0.702576112412178,QuestionId_709,test
710,images/710.jpg,-1.19370598463063,0.0540635428332293,2171,0.7392906494702902,0.2607093505297098,QuestionId_710,train
711,images/711.jpg,0.95272275673437,0.0620913709800358,1593,0.30069052102950405,0.6993094789704959,QuestionId_711,train
712,images/712.jpg,-0.20712615683447,0.0632998237243729,1243,0.5349959774738536,0.46500402252614637,QuestionId_712,train
713,images/713.jpg,-0.87716134674417,0.108014131772394,458,0.6724890829694323,0.32751091703056767,QuestionId_713,train
714,images/714.jpg,-0.609230129458769,0.0484879694051414,2318,0.6044003451251079,0.3955996548748921,QuestionId_714,train
716,images/716.jpg,-0.184797224217283,0.0585412379173921,1488,0.5309139784946236,0.46908602150537637,QuestionId_716,train
717,images/717.jpg,-0.492456634350622,0.0552554955245304,1723,0.583284968078932,0.41671503192106796,QuestionId_717,train
718,images/718.jpg,1.79691706488654,0.11447457340511,658,0.1838905775075988,0.8161094224924013,QuestionId_718,train
720,images/720.jpg,0.413571233057374,0.0933399361994881,588,0.42857142857142855,0.5714285714285714,QuestionId_720,train
721,images/721.jpg,-0.558400539611598,0.055968401691374,1679,0.604526503871352,0.395473496128648,QuestionId_721,train
723,images/723.jpg,-0.654597127911524,0.0905252074578627,627,0.631578947368421,0.368421052631579,QuestionId_723,train
725,images/725.jpg,0.573768371947039,0.0727930683142026,1002,0.38922155688622756,0.6107784431137724,QuestionId_725,train
726,images/726.jpg,1.06194057159387,0.141118933472796,317,0.277602523659306,0.722397476340694,QuestionId_726,train
727,images/727.jpg,-1.28956811489326,0.0482023405749251,2911,0.7557540364136036,0.2442459635863964,QuestionId_727,train
729,images/729.jpg,1.36003401124551,0.0574589317552944,2122,0.24976437323279924,0.7502356267672008,QuestionId_729,test
731,images/731.jpg,-1.41673843502073,0.0624581820697534,1688,0.7648104265402843,0.2351895734597157,QuestionId_731,train
732,images/732.jpg,0.235758628410829,0.0483988406463772,2345,0.4302771855010661,0.5697228144989339,QuestionId_732,train
734,images/734.jpg,1.03938751519754,0.0656378706272558,1469,0.27978216473791695,0.720217835262083,QuestionId_734,train
735,images/735.jpg,-0.500354165421678,0.0482222910643227,2290,0.5751091703056769,0.4248908296943231,QuestionId_735,train
736,images/736.jpg,-0.0549299386251276,0.0435284023573198,2876,0.5034770514603616,0.4965229485396384,QuestionId_736,train
737,images/737.jpg,-0.131400513328699,0.0615458573382953,1317,0.5117691723614275,0.4882308276385725,QuestionId_737,train
738,images/738.jpg,-0.527674124675154,0.0455010272711497,2634,0.5892179195140471,0.4107820804859529,QuestionId_738,test
740,images/740.jpg,-0.129324435936744,0.0466309460547352,2469,0.5147833130822195,0.4852166869177805,QuestionId_740,train
741,images/741.jpg,-1.05661155421044,0.0942567943360347,637,0.7111459968602826,0.28885400313971743,QuestionId_741,train
742,images/742.jpg,-1.67010205518063,0.0538198044696231,2562,0.7966432474629196,0.2033567525370804,QuestionId_742,train
744,images/744.jpg,-0.358446376339166,0.0494930393688783,2170,0.552073732718894,0.44792626728110596,QuestionId_744,train
745,images/745.jpg,0.360818774702854,0.0466163756307135,2602,0.398923904688701,0.601076095311299,QuestionId_745,train
746,images/746.jpg,0.521799303164187,0.0897115901757574,655,0.39236641221374047,0.6076335877862595,QuestionId_746,train
747,images/747.jpg,-0.490175517662623,0.147548184831118,226,0.5929203539823009,0.4070796460176991,QuestionId_747,train
748,images/748.jpg,0.36713664937241,0.0531924714294154,1904,0.4112394957983193,0.5887605042016807,QuestionId_748,train
749,images/749.jpg,0.196359936191309,0.0454652058604697,2674,0.4330590875093493,0.5669409124906507,QuestionId_749,train
750,images/750.jpg,-0.190485617991997,0.0551375040613356,1689,0.5281231497927767,0.47187685020722325,QuestionId_750,train
751,images/751.jpg,-1.2217614418959,0.0510784969860079,2380,0.7243697478991596,0.27563025210084036,QuestionId_751,train
753,images/753.jpg,-1.22727839332783,0.051894505019988,2281,0.718544498027181,0.281455501972819,QuestionId_753,train
754,images/754.jpg,-0.0970831732819005,0.0450429131432293,2653,0.49905767056162836,0.5009423294383717,QuestionId_754,test
755,images/755.jpg,0.163900524645838,0.0497620114838545,2178,0.445821854912764,0.5541781450872361,QuestionId_755,train
756,images/756.jpg,-0.538357305925728,0.0875972040493096,657,0.6057838660578386,0.3942161339421614,QuestionId_756,test
758,images/758.jpg,-0.749897868803494,0.0449065950305095,2807,0.6369789811186319,0.36302101888136806,QuestionId_758,test
761,images/761.jpg,0.487792745926032,0.0443420214989717,2882,0.40458015267175573,0.5954198473282443,QuestionId_761,test
762,images/762.jpg,1.03037708867309,0.0580844471091863,1884,0.28662420382165604,0.713375796178344,QuestionId_762,test
764,images/764.jpg,-0.782341742384552,0.0444239796774829,2941,0.6521591295477729,0.3478408704522271,QuestionId_764,train
766,images/766.jpg,0.44958230938287,0.0560596178401208,1701,0.4079952968841858,0.5920047031158142,QuestionId_766,train
767,images/767.jpg,-0.227576585682436,0.047244091396376,2367,0.5171102661596958,0.4828897338403042,QuestionId_767,train
768,images/768.jpg,-0.463155224274419,0.0456373816688366,2636,0.6031866464339909,0.3968133535660091,QuestionId_768,train
769,images/769.jpg,0.535441702206092,0.0475418338495589,2567,0.3708609271523179,0.6291390728476821,QuestionId_769,train
770,images/770.jpg,-0.0324295731470248,0.0544008687132316,1726,0.5017381228273464,0.4982618771726536,QuestionId_770,train
772,images/772.jpg,-1.1990658416745,0.0537524662240801,2204,0.7404718693284936,0.2595281306715064,QuestionId_772,train
776,images/776.jpg,0.0016540182809949,0.0562389693370115,1615,0.491640866873065,0.508359133126935,QuestionId_776,train
777,images/777.jpg,1.05151198466359,0.0992983953452615,622,0.2942122186495177,0.7057877813504823,QuestionId_777,train
778,images/778.jpg,-0.785559564450839,0.0793230977588723,861,0.667828106852497,0.33217189314750295,QuestionId_778,test
779,images/779.jpg,-0.789023509910805,0.123886861703179,337,0.6439169139465876,0.35608308605341243,QuestionId_779,train
780,images/780.jpg,0.410823197798462,0.12834803534947,317,0.3943217665615142,0.6056782334384858,QuestionId_780,test
781,images/781.jpg,-0.510666880060559,0.0459318208137579,2597,0.5941470927993839,0.40585290720061606,QuestionId_781,train
782,images/782.jpg,-0.501916654668449,0.063923742288422,1263,0.5969912905779889,0.40300870942201106,QuestionId_782,train
783,images/783.jpg,0.342489341653975,0.155134649839185,203,0.42857142857142855,0.5714285714285714,QuestionId_783,train
784,images/784.jpg,1.79792217270724,0.136867427209241,456,0.18421052631578946,0.8157894736842105,QuestionId_784,train
785,images/785.jpg,-0.0251495921707884,0.0479065787548203,2335,0.48008565310492507,0.5199143468950749,QuestionId_785,train
786,images/786.jpg,-1.06886413370455,0.0475453545227051,2685,0.7001862197392924,0.2998137802607076,QuestionId_786,train
787,images/787.jpg,-0.671104614784266,0.0484145428577405,2313,0.6100302637267618,0.38996973627323817,QuestionId_787,test
788,images/788.jpg,-0.893127056480233,0.0471016237308916,2594,0.6622976098689283,0.33770239013107173,QuestionId_788,train
789,images/789.jpg,0.558523459118919,0.049163007405463,2403,0.36787349146899706,0.6321265085310029,QuestionId_789,train
790,images/790.jpg,-0.321663654013984,0.0466462481233831,2436,0.5463875205254516,0.4536124794745484,QuestionId_790,test
791,images/791.jpg,-2.10912030387823,0.0633334159682601,2273,0.8521777386713595,0.14782226132864051,QuestionId_791,test
792,images/792.jpg,1.02954524129953,0.0622150778338573,1626,0.2878228782287823,0.7121771217712177,QuestionId_792,train
794,images/794.jpg,-0.0068211244737388,0.0460054433428226,2545,0.48801571709233793,0.5119842829076621,QuestionId_794,train
795,images/795.jpg,-0.148501922950301,0.0490205934506503,2202,0.5118074477747502,0.4881925522252498,QuestionId_795,train
798,images/798.jpg,-1.1026665928076,0.0614163733645739,1516,0.6926121372031663,0.3073878627968337,QuestionId_798,train
800,images/800.jpg,0.602993980719209,0.0511172770792903,2221,0.360198108959928,0.639801891040072,QuestionId_800,train
801,images/801.jpg,0.790809352676999,0.0734064548656117,1037,0.3490838958534233,0.6509161041465767,QuestionId_801,train
802,images/802.jpg,-1.46073144165797,0.0499327327548387,2896,0.7828038674033149,0.21719613259668513,QuestionId_802,train
803,images/803.jpg,-1.12338129822736,0.050631552681239,2330,0.6991416309012876,0.30085836909871244,QuestionId_803,train
804,images/804.jpg,-1.01693385712477,0.0494115163817271,2403,0.6874739908447773,0.31252600915522266,QuestionId_804,train
805,images/805.jpg,-0.471057651074244,0.0495765714044633,2177,0.5755627009646302,0.42443729903536975,QuestionId_805,test
806,images/806.jpg,0.146171503531569,0.0501163819484536,2104,0.47480988593155893,0.5251901140684411,QuestionId_806,train
808,images/808.jpg,-0.0324984679833326,0.0458776528393973,2562,0.4953161592505855,0.5046838407494145,QuestionId_808,test
809,images/809.jpg,-1.73404972398293,0.0530370526299275,2749,0.8079301564205166,0.19206984357948342,QuestionId_809,train
811,images/811.jpg,-1.20937193883915,0.0585056724742204,1777,0.7225661226786719,0.27743387732132807,QuestionId_811,test
813,images/813.jpg,-1.14324179685542,0.0480010837873159,2689,0.7136481963555225,0.28635180364447754,QuestionId_813,test
814,images/814.jpg,-0.974140175978614,0.0621353851959704,1443,0.6826056826056826,0.31739431739431745,QuestionId_814,train
815,images/815.jpg,-1.4068113757331,0.0491598447523849,2924,0.774281805745554,0.22571819425444595,QuestionId_815,train
816,images/816.jpg,-0.209288409648072,0.0481138363731387,2294,0.516564952048823,0.483435047951177,QuestionId_816,train
818,images/818.jpg,1.55216161420648,0.0804733686912627,1155,0.21645021645021645,0.7835497835497836,QuestionId_818,train
819,images/819.jpg,-0.191686850090188,0.0452438795957902,2627,0.5295013323182337,0.4704986676817663,QuestionId_819,test
820,images/820.jpg,0.593342451556554,0.0567009326092829,1707,0.37902753368482717,0.6209724663151728,QuestionId_820,train
822,images/822.jpg,0.865502764472577,0.0825120892407512,852,0.3204225352112676,0.6795774647887324,QuestionId_822,test
823,images/823.jpg,-0.751100461547619,0.0562238078476111,1718,0.6443538998835856,0.3556461001164144,QuestionId_823,train
824,images/824.jpg,1.00029323049655,0.0535626906278565,2161,0.3058769088385007,0.6941230911614993,QuestionId_824,test
825,images/825.jpg,-2.43295198835888,0.0682771016126575,2419,0.8883836295990079,0.11161637040099215,QuestionId_825,train
826,images/826.jpg,0.229846382742089,0.049140638811647,2271,0.42536327608982827,0.5746367239101717,QuestionId_826,train
827,images/827.jpg,0.411094085576558,0.105458962093566,463,0.408207343412527,0.5917926565874729,QuestionId_827,train
828,images/828.jpg,-2.28262775808916,0.0606943365246662,2816,0.8739346590909091,0.12606534090909094,QuestionId_828,train
829,images/829.jpg,-0.671599631130515,0.0547107489673664,1802,0.6215316315205327,0.3784683684794673,QuestionId_829,train
830,images/830.jpg,-0.19481053098194,0.0471097095962907,2399,0.5131304710295956,0.48686952897040436,QuestionId_830,test
831,images/831.jpg,-0.854717000318439,0.0466593401946406,2624,0.6547256097560976,0.3452743902439024,QuestionId_831,test
833,images/833.jpg,0.259643434939203,0.0460685044098769,2604,0.4251152073732719,0.5748847926267281,QuestionId_833,train
834,images/834.jpg,0.0174482774943852,0.0477245347521978,2364,0.4805414551607445,0.5194585448392555,QuestionId_834,train
835,images/835.jpg,-0.998254755907677,0.0659373250795804,1309,0.6959511077158136,0.3040488922841864,QuestionId_835,test
836,images/836.jpg,-0.108456378749161,0.0431292795572943,2933,0.515854074326628,0.484145925673372,QuestionId_836,train
837,images/837.jpg,-0.653300105921476,0.0527608201285323,1935,0.6248062015503876,0.3751937984496124,QuestionId_837,train
838,images/838.jpg,0.26873186498495,0.0497499250635735,2155,0.44733178654292344,0.5526682134570766,QuestionId_838,train
839,images/839.jpg,0.229805578802103,0.125510268035175,321,0.42990654205607476,0.5700934579439252,QuestionId_839,train
840,images/840.jpg,-0.117438925000604,0.0548465086257779,1730,0.5057803468208093,0.4942196531791907,QuestionId_840,train
844,images/844.jpg,-0.221470571192626,0.0439763526561196,2815,0.5385435168738899,0.4614564831261101,QuestionId_844,train
845,images/845.jpg,-0.908405889036166,0.0687429425114514,1181,0.6858594411515665,0.3141405588484335,QuestionId_845,train
846,images/846.jpg,1.24553941967902,0.0654663130597954,1592,0.25251256281407036,0.7474874371859297,QuestionId_846,train
848,images/848.jpg,-0.633346200146292,0.077902309504607,866,0.6385681293302541,0.3614318706697459,QuestionId_848,train
849,images/849.jpg,0.550023261043861,0.051192541540919,2189,0.3700319780721791,0.629968021927821,QuestionId_849,test
850,images/850.jpg,-0.0059457283515302,0.0462239615904038,2520,0.4876984126984127,0.5123015873015873,QuestionId_850,train
852,images/852.jpg,-0.0340545103926655,0.0480381296830389,2324,0.4853700516351119,0.5146299483648882,QuestionId_852,train
853,images/853.jpg,-0.441851648279173,0.0773534499446318,854,0.6007025761124122,0.3992974238875878,QuestionId_853,train
855,images/855.jpg,-1.31456476879009,0.0481230038638741,2945,0.7592529711375212,0.24074702886247878,QuestionId_855,train
856,images/856.jpg,1.16278829591794,0.0486232573162419,2900,0.2717241379310345,0.7282758620689656,QuestionId_856,train
858,images/858.jpg,0.0820488467917247,0.0469719977433873,2448,0.4681372549019608,0.5318627450980392,QuestionId_858,train
859,images/859.jpg,-0.1102549604114,0.0462557595781586,2513,0.5109430959013131,0.48905690409868685,QuestionId_859,train
862,images/862.jpg,0.160120977376802,0.0441895948622782,2820,0.4592198581560284,0.5407801418439716,QuestionId_862,test
863,images/863.jpg,-1.63939880687593,0.05849461822223,2227,0.8087112707678491,0.1912887292321509,QuestionId_863,train
865,images/865.jpg,1.11711614034842,0.10177239301529,585,0.29743589743589743,0.7025641025641025,QuestionId_865,test
866,images/866.jpg,-0.58322395866747,0.0944819944499902,583,0.6329331046312179,0.3670668953687821,QuestionId_866,train
867,images/867.jpg,-1.47494379555592,0.0495090627508215,2890,0.7747404844290657,0.22525951557093427,QuestionId_867,test
868,images/868.jpg,0.199214752660779,0.046676478360397,2510,0.4454183266932271,0.5545816733067729,QuestionId_868,test
869,images/869.jpg,0.54504705759843,0.0927346429824574,617,0.3857374392220421,0.6142625607779579,QuestionId_869,test
870,images/870.jpg,0.242324936784813,0.0556387180008818,1704,0.43427230046948356,0.5657276995305165,QuestionId_870,train
871,images/871.jpg,-0.291374962716814,0.066083745717811,1156,0.5614186851211073,0.43858131487889274,QuestionId_871,test
872,images/872.jpg,-0.289312992074876,0.0699735554516908,1032,0.5687984496124031,0.4312015503875969,QuestionId_872,train
873,images/873.jpg,0.652429946779405,0.0465571622672337,2650,0.3732075471698113,0.6267924528301887,QuestionId_873,train
874,images/874.jpg,0.497309394586747,0.0946803211107536,579,0.41278065630397237,0.5872193436960276,QuestionId_874,test
875,images/875.jpg,0.807891933310095,0.0593513545432572,1671,0.3267504488330341,0.6732495511669658,QuestionId_875,train
877,images/877.jpg,-0.109253201694422,0.0567685618526592,1581,0.5142314990512334,0.48576850094876656,QuestionId_877,train
878,images/878.jpg,0.877465186347638,0.064849620558533,1422,0.3066104078762307,0.6933895921237694,QuestionId_878,train
879,images/879.jpg,1.26251637474269,0.0657481512860319,1590,0.24968553459119497,0.750314465408805,QuestionId_879,test
880,images/880.jpg,-0.12137567916205,0.0584268959761022,1496,0.49331550802139035,0.5066844919786097,QuestionId_880,test
881,images/881.jpg,-1.8111385553795,0.0550309967029356,2686,0.8224125093075205,0.17758749069247948,QuestionId_881,train
882,images/882.jpg,0.688795844130786,0.0509593175815035,2303,0.3421623968736431,0.6578376031263569,QuestionId_882,train
884,images/884.jpg,-0.433290340175855,0.0893984243424988,626,0.5878594249201278,0.41214057507987223,QuestionId_884,train
885,images/885.jpg,-0.232854610718588,0.0457126810977743,2577,0.5366705471478463,0.46332945285215366,QuestionId_885,test
887,images/887.jpg,0.112705889803008,0.0453208734933384,2641,0.46611132146914047,0.5338886785308595,QuestionId_887,train
889,images/889.jpg,-0.834057518023775,0.0487048532249256,2365,0.6443974630021142,0.3556025369978858,QuestionId_889,test
890,images/890.jpg,-0.0054869959723345,0.0458715171678386,2558,0.4812353401094605,0.5187646598905395,QuestionId_890,train
891,images/891.jpg,0.425454703400819,0.0572497374072339,1629,0.4039287906691222,0.5960712093308778,QuestionId_891,train
894,images/894.jpg,-1.24243078019334,0.0837045359650412,861,0.7421602787456446,0.2578397212543554,QuestionId_894,train
896,images/896.jpg,-1.04237292296547,0.0504121890629575,2319,0.6895213454075032,0.3104786545924968,QuestionId_896,train
898,images/898.jpg,-0.220078954044255,0.0495050848406175,2162,0.5263644773358002,0.47363552266419984,QuestionId_898,train
900,images/900.jpg,-1.15770288684534,0.133211943145956,317,0.7097791798107256,0.2902208201892744,QuestionId_900,train
901,images/901.jpg,-0.450816002670313,0.124670897467707,317,0.5709779179810726,0.42902208201892744,QuestionId_901,train
902,images/902.jpg,0.287058246248143,0.064429564755487,1257,0.4327764518695306,0.5672235481304694,QuestionId_902,train
903,images/903.jpg,0.496128307157046,0.0578287968918886,1633,0.385793018983466,0.614206981016534,QuestionId_903,train
904,images/904.jpg,0.878891212642546,0.0532522067610399,2199,0.3101409731696226,0.6898590268303775,QuestionId_904,train
906,images/906.jpg,0.617366341835703,0.073150650216109,1001,0.3806193806193806,0.6193806193806194,QuestionId_906,train
907,images/907.jpg,-1.91355318262883,0.0710705248703627,1708,0.8442622950819673,0.15573770491803274,QuestionId_907,train
908,images/908.jpg,-0.974256791164745,0.0506896171914572,2258,0.6798051372896369,0.3201948627103631,QuestionId_908,train
910,images/910.jpg,-0.421176384802724,0.0929266715690192,588,0.6003401360544217,0.3996598639455783,QuestionId_910,train
911,images/911.jpg,-0.872905186882718,0.0447266635022809,2955,0.6693739424703892,0.33062605752961083,QuestionId_911,train
912,images/912.jpg,-0.580326549547653,0.045499361054122,2674,0.6103216155572176,0.38967838444278236,QuestionId_912,train
913,images/913.jpg,0.724934412475346,0.0574611922542986,1711,0.35359438924605496,0.6464056107539451,QuestionId_913,train
914,images/914.jpg,-0.751504649197792,0.0470386365571099,2602,0.6610299769408148,0.3389700230591852,QuestionId_914,train
915,images/915.jpg,0.431148196371713,0.128421865315049,318,0.389937106918239,0.610062893081761,QuestionId_915,test
916,images/916.jpg,0.0249511242343512,0.0586471849857062,1489,0.48690396239086636,0.5130960376091336,QuestionId_916,test
917,images/917.jpg,0.1676253741488,0.0932067198627314,570,0.45614035087719296,0.543859649122807,QuestionId_917,train
919,images/919.jpg,0.392555524442215,0.088399912337306,660,0.4121212121212121,0.5878787878787879,QuestionId_919,train
920,images/920.jpg,-0.438790747491659,0.0500635328308566,2141,0.5973843998131714,0.4026156001868286,QuestionId_920,train
921,images/921.jpg,-0.727052369719046,0.0446206242846788,2834,0.6319689484827099,0.3680310515172901,QuestionId_921,train
922,images/922.jpg,-1.06609535171725,0.0460413154577449,2918,0.7052775873886223,0.29472241261137766,QuestionId_922,train
923,images/923.jpg,-0.849900126779164,0.0482988437337772,2451,0.6593227254181967,0.3406772745818033,QuestionId_923,train
924,images/924.jpg,-2.91332951431336,0.0803104605639363,2379,0.9234972677595629,0.07650273224043713,QuestionId_924,train
926,images/926.jpg,-0.622047170767899,0.0460681526308583,2592,0.6076388888888888,0.39236111111111116,QuestionId_926,test
927,images/927.jpg,-0.517874866698815,0.0556428245985585,1704,0.6097417840375586,0.39025821596244137,QuestionId_927,test
931,images/931.jpg,1.96029651958667,0.0746723920080782,1702,0.16039952996474735,0.8396004700352526,QuestionId_931,train
932,images/932.jpg,0.591362471015684,0.0491309505948339,2384,0.35906040268456374,0.6409395973154363,QuestionId_932,train
933,images/933.jpg,-1.30435549240417,0.0655252503682851,1437,0.7425191370911621,0.25748086290883787,QuestionId_933,train
934,images/934.jpg,-0.0490075786508248,0.0467882907369998,2449,0.495304205798285,0.504695794201715,QuestionId_934,train
935,images/935.jpg,0.0407381705841371,0.0545922977759834,1718,0.4860302677532014,0.5139697322467986,QuestionId_935,train
938,images/938.jpg,-1.11839423369137,0.0480300644194045,2667,0.709411323584552,0.29058867641544806,QuestionId_938,train
939,images/939.jpg,-0.649362819849325,0.0455808885231935,2657,0.6082047421904403,0.3917952578095597,QuestionId_939,train
941,images/941.jpg,-0.865743851370675,0.0459953003938375,2736,0.6611842105263158,0.3388157894736842,QuestionId_941,train
943,images/943.jpg,-0.367181544345275,0.0451935928783182,2653,0.5665284583490389,0.43347154165096113,QuestionId_943,train
945,images/945.jpg,0.27568924184169,0.0486132188006824,2337,0.42233632862644416,0.5776636713735559,QuestionId_945,train
947,images/947.jpg,-0.571505029128778,0.0903566724403923,619,0.617124394184168,0.382875605815832,QuestionId_947,train
